Front,Back,Tags,Deck,Card_Type,Priority,Source_Reference,GUID
"The CCS (Pension) Rules 2021 may be cited by short title{{c1::Central Civil Services (Pension) Rules, 2021}}and came into force on{{c2::20.12.2021}}vide{{c3::G.S.R. 868(E)}}.","<b>Rule:</b> provision short title; provision commencement on publication date 20.12.2021.<br><br><b>Hinglish:</b> Naam — CCS (Pension) Rules 2021; lagu — Gazette wale din 20.12.2021 se.<br><br><b>Ref:</b> Rule 1(1), 1(2); G.S.R. 868(E); Rule 1(1); Rule 1(2)",CCS_Pension Rule_01 Short_Title Timeline CCS_Pension::Rule_01 Priority::Critical,CCS_Pension_Rules_2021::01_Preliminary_Rules_01_to_10,Cloze,CRITICAL,"Rule 1(1), 1(2); G.S.R. 868(E) dt. 20.12.2021",CCS21-99ba7727
"Which earlier rules did the CCS (Pension) Rules 2021 replace, and under which rule is the repeal with savings?","<b>Rule:</b> The 2021 Rules replaced the CCS (Pension) Rules 1972; repeal-with-savings sits in the repeal rule (pending/old cases continue under savings clauses).<br><br><b>Hinglish:</b> 1972 wale Rules gaye, 2021 wale aaye — par purane cases repeal ke savings se bachte hain.<br><br><b>Ref:</b> Rule 1; Rule 87",CCS_Pension Rule_01 Rule_87 Repeal CCS_Pension::Rule_01 Priority::High,CCS_Pension_Rules_2021::01_Preliminary_Rules_01_to_10,Basic,HIGH,Rule 1; Rule 87,CCS21-f7598199
The First Amendment G.S.R.{{c1::770(E)}}dated{{c2::07.10.2022}}rewrote the proceedings rule{{c3::proceedings}}and also touched the military-counting rule{{c4::military-counting}}.,"<b>Rule:</b> 2022 amendment in force on publication; rewrote proceedings authorities, added 8the appellate clause, reversed Expl.1, fixed the gratuity-nomination rule, renumbered the payment rule.<br><br><b>Hinglish:</b> 2022 wala amendment proceedings ka poora rewrite — teen authorities + appeal structure.<br><br><b>Ref:</b> G.S.R. 770(E); Rule 8; Rule 20; Rule 8(6A); Rule 8(1); Rule 46(5)(a); Rule 76(5A); Rule 77(ii)",CCS_Pension Rule_01 GSR_770_E_2022 Amendment CCS_Pension::Rule_01 Priority::Critical,CCS_Pension_Rules_2021::01_Preliminary_Rules_01_to_10,Cloze,CRITICAL,G.S.R. 770(E) dt. 07.10.2022,CCS21-884d0897
The Second Amendment{{c1::G.S.R. 410(E)}}dated{{c2::16.07.2024}}introduced Single Pension Application Form{{c3::6-A}}and came into force{{c4::after 120 days from publication}}.,<b>Rule:</b> Cl.1: in force after 120 days from 16.07.2024 (mid-Nov 2024 — portals cite compassionate-allowance/PSU-counting/probation/civil-return Nov; VERIFY Gazette before quoting exact date).<br><br><b>Hinglish:</b> 2024 amendment turant lagu NAHI — 120 din baad; Form 6-A isi ka tohfa hai.<br><br><b>Ref:</b> G.S.R. 410(E) cl.1(2); Rule 19; Rule 41; Rule 14; Rule 16; Rule 41(2),CCS_Pension Rule_01 GSR_410_E_2024 Form_6A Amendment Timeline CCS_Pension::Rule_01 Priority::Critical,CCS_Pension_Rules_2021::01_Preliminary_Rules_01_to_10,Cloze,CRITICAL,G.S.R. 410(E) dt. 16.07.2024,CCS21-10419a10
"The Third Amendment{{c1::G.S.R. 340(E)}}dated{{c2::22.05.2025}}substituted the PSU-absorption rule{{c3::PSU-absorption}}and came into force{{c4::on publication, 22.05.2025}}.",<b>Rule:</b> PSU dismissal/removal after absorption forfeits Govt-service retirement benefits too; retrenchment only triggers Ministry review.<br><br><b>Hinglish:</b> 2025 amendment — PSU me nikaale gaye to Sarkari pension bhi gayi; lagu publication wale din se.<br><br><b>Ref:</b> G.S.R. 340(E); Rule 37,CCS_Pension Rule_01 GSR_340_E_2025 Rule_37_29_c Amendment CCS_Pension::Rule_01 Priority::Critical,CCS_Pension_Rules_2021::01_Preliminary_Rules_01_to_10,Cloze,CRITICAL,G.S.R. 340(E) dt. 22.05.2025,CCS21-4dd66e09
The definition rule applies the 2021 Rules to Government servants appointed{{c1::on or before 31.12.2003}}(pre-2004 appointees).,"<b>Rule:</b> Cut-off is appointment date 31.12.2003; post-31.12.2003 joiners fall under NPS Rules (Cut-off is appointment date 31.12.2003; post-31.12.2003 joiners fall under NPS Rules (subject to Explanations).<br><br><b>Hinglish:</b> 31.12.2003 tak appointed = pension rules; uske baad = NPS (kuch exceptions ke saath).<br><br><b>Trap:</b> Date is 31.12.2003, not 01.01.2004.<br><br><b>Ref:</b> Rule ule 2 main para; Rule 2",CCS_Pension Rule_02 Applicability Threshold CCS_Pension::Rule_02 Priority::Critical,CCS_Pension_Rules_2021::01_Preliminary_Rules_01_to_10,Cloze,CRITICAL,Rule 2 main paragraph,CCS21-1d10d622
The definition rule's sub-rule (a) excludes{{c1::Railway servants}}from the CCS (Pension) Rules 2021.,<b>Rule:</b> Railway staff have their own pension rules.<br><br><b>Hinglish:</b> Railway wale isme nahi — unke apne rules hain.<br><br><b>Ref:</b> Rule 2(a),CCS_Pension Rule_02_a Exclusion CCS_Pension::Rule_02 Priority::High CCS_Pension::Rule_02_a,CCS_Pension_Rules_2021::01_Preliminary_Rules_01_to_10,Cloze,HIGH,Rule 2(a),CCS21-e21ac61f
The definition rule's sub-rule (b) excludes persons in{{c1::casual and daily-rated}}employment.,<b>Rule:</b> Casual/daily-rated workers are outside the Rules (contrast: temporary-status regularised service counts 50% under the temporary-status rule).<br><br><b>Hinglish:</b> Casual/daily-rated = bahar; par regularised temporary-status ka 50% service temporary-status me gina jaata hai.<br><br><b>Ref:</b> Rule 2(b); Rule 15,CCS_Pension Rule_02_b Exclusion CCS_Pension::Rule_02 Priority::High CCS_Pension::Rule_02_b,CCS_Pension_Rules_2021::01_Preliminary_Rules_01_to_10,Cloze,HIGH,Rule 2(b),CCS21-b9db6d1d
The definition rule's sub-rule (c) excludes persons paid from{{c1::contingencies}}.,<b>Rule:</b> Contingency-paid establishment is not pensionable under these Rules.<br><br><b>Hinglish:</b> Contingencies se salary pane wale bahar.<br><br><b>Ref:</b> Rule 2(c),CCS_Pension Rule_02_c Exclusion CCS_Pension::Rule_02 Priority::High CCS_Pension::Rule_02_c,CCS_Pension_Rules_2021::01_Preliminary_Rules_01_to_10,Cloze,HIGH,Rule 2(c),CCS21-03c42e11
The definition rule's sub-rule (d) excludes persons under the{{c1::Contributory Provident Fund (CPF)}}scheme.,<b>Rule:</b> CPF-covered staff stay under CPF (contrast the contract-service rule's sub-rule: CPF Govt contribution refunded on counting service).<br><br><b>Hinglish:</b> CPF wale bahar — pension scheme wale andar.<br><br><b>Ref:</b> Rule 2(d); Rule 18(ii); Rule 2(ii),CCS_Pension Rule_02_d Exclusion CCS_Pension::Rule_02 Priority::High CCS_Pension::Rule_02_d,CCS_Pension_Rules_2021::01_Preliminary_Rules_01_to_10,Cloze,HIGH,Rule 2(d),CCS21-29ad5299
The definition rule's sub-rule (e) excludes members of the{{c1::All India Services (AIS)}}.,<b>Rule:</b> AIS (IAS/IPS/IFoS) have separate pension regulations.<br><br><b>Hinglish:</b> IAS/IPS/IFoS bahar — unke apne AIS pension rules.<br><br><b>Ref:</b> Rule 2(e),CCS_Pension Rule_02_e Exclusion CCS_Pension::Rule_02 Priority::High CCS_Pension::Rule_02_e,CCS_Pension_Rules_2021::01_Preliminary_Rules_01_to_10,Cloze,HIGH,Rule 2(e),CCS21-6f5b6260
The definition rule's sub-rule (f) excludes persons{{c1::locally recruited for service abroad / foreign local recruits}}.,<b>Rule:</b> Foreign local recruits are excluded.<br><br><b>Hinglish:</b> Videsh me locally bharti — bahar.<br><br><b>Ref:</b> Rule 2(f),CCS_Pension Rule_02_f Exclusion CCS_Pension::Rule_02 Priority::High CCS_Pension::Rule_02_f,CCS_Pension_Rules_2021::01_Preliminary_Rules_01_to_10,Cloze,HIGH,Rule 2(f),CCS21-224e29a7
"The definition rule's sub-rule (g) excludes persons engaged on{{c1::contract}}, UNLESS{{c2::the contract provides otherwise}}.","<b>Rule:</b> Contract staff are out — but a contract clause can pull them in; this is the ONLY definition exclusion with an in-built exception.<br><br><b>Hinglish:</b> Contract wale bahar, LEKIN contract me likha ho to andar — yahi ek exception hai.<br><br><b>Trap:</b> 'UNLESS contract provides otherwise' attaches ONLY to clause.<br><br><b>Ref:</b> Rule 2(g); Rule 2",CCS_Pension Rule_02_g Exclusion Exception CCS_Pension::Rule_02 Priority::Critical CCS_Pension::Rule_02_g,CCS_Pension_Rules_2021::01_Preliminary_Rules_01_to_10,Cloze,CRITICAL,Rule 2(g),CCS21-00fea845
The definition rule's sub-rule (h) excludes persons whose pension is regulated by the{{c1::Constitution or any other law}}.,"<b>Rule:</b> Catch-all for separately-governed functionaries (e.g., constitutional posts with own pension law).<br><br><b>Hinglish:</b> Jinki pension Constitution/kisi aur kanoon se chalti hai — ve bahar.<br><br><b>Ref:</b> Rule 2(h)",CCS_Pension Rule_02_h Exclusion CCS_Pension::Rule_02 Priority::High CCS_Pension::Rule_02_h,CCS_Pension_Rules_2021::01_Preliminary_Rules_01_to_10,Cloze,HIGH,Rule 2(h),CCS21-054d6cf4
Recite all 8 definition exclusions all 8 clauses in order.,"<b>Rule:</b> Railway casual/daily-rated contingencies CPF AIS foreign local recruit contract (unless contract provides otherwise) Constitution/other law.<br><br><b>Hinglish:</b> Railway, Casual, Contingency, CPF, AIS, Foreign-local, Contract, Constitution — aath bahar.<br><br><b>Mnemonic:</b> Ra-Ca-Co-C-A-Fo-Co-Co = 'Railway Casual Contingency CPF AIS Foreign Contract Constitution'.<br><br><b>Ref:</b> Rule 2(a)-(h); Rule 2; Rule 2(a); Rule 2(b); Rule 2(c); Rule 2(d); Rule 2(e); Rule 2(f); Rule 2(g); Rule 2(h)",CCS_Pension Rule_02 Exclusion Mnemonic Synthesis CCS_Pension::Rule_02 Priority::High,CCS_Pension_Rules_2021::01_Preliminary_Rules_01_to_10,Basic,HIGH,Rule 2(a)-(h),CCS21-e721f37d
The definition rule's Explanation 2 deals with persons under a{{c1::different pension scheme / State Government / Autonomous Body}}.,"<b>Rule:</b> Persons already governed elsewhere (other scheme, State, autonomous body) are not double-covered automatically.<br><br><b>Hinglish:</b> Jo pehle se kahin aur covered hai, ve auto-cover nahi honge.<br><br><b>Ref:</b> Rule 2 Expl.2; Rule 2",CCS_Pension Rule_02_Exp2 Explanation CCS_Pension::Rule_02 Priority::Medium CCS_Pension::Rule_02_Exp2,CCS_Pension_Rules_2021::01_Preliminary_Rules_01_to_10,Cloze,MEDIUM,Rule 2 Explanation 2,CCS21-4ea432b3
The definition rule's Explanation 3 is the{{c1::special/general order (catch-all)}}Explanation.,<b>Rule:</b> Government may extend/clarify coverage by special or general order.<br><br><b>Hinglish:</b> Sarkar order nikaal kar coverage tay kar sakti hai — catch-all.<br><br><b>Ref:</b> Rule 2 Expl.3; Rule 2,CCS_Pension Rule_02_Exp3 Explanation CCS_Pension::Rule_02 Priority::Medium CCS_Pension::Rule_02_Exp3,CCS_Pension_Rules_2021::01_Preliminary_Rules_01_to_10,Cloze,MEDIUM,Rule 2 Explanation 3,CCS21-b8f83868
The definition rule's Explanation 4 links{{c1::temporary status}}service to the temporary-status rule{{c2::temporary-status}}at{{c3::family-pension per cent}}counting.,<b>Rule:</b> Temporary-status (regularised casual labour) service counts 50% under the temporary-status rule.<br><br><b>Hinglish:</b> Temporary-status wala aadha service paayega — the temporary-status rule.<br><br><b>Ref:</b> Rule 2 Expl.4; Rule 15; Rule 2; Rule 50,CCS_Pension Rule_02_Exp4 Rule_15 Qualifying_Service CCS_Pension::Rule_02 Priority::High CCS_Pension::Rule_02_Exp4,CCS_Pension_Rules_2021::01_Preliminary_Rules_01_to_10,Cloze,HIGH,Rule 2 Explanation 4; Rule 15,CCS21-27c413fd
"On NPS death/invalidation, {{c1::invalid pension + family pension}} is payable IF {{c2::option exercised under the NPS Implementation Rules}} OR {{c3::default favours these rules}}.","<b>Rule:</b> Post-2003 NPS servants get invalid/family-pension benefits on NPS option or favourable default. Secondary: default = old-scheme if death &lt;15y service (press summary of NPS Rules — VERIFY full text); gratuity OM 7/5/2012; UPS death gratuity from 18.06.2025.<br><br><b>Hinglish:</b> NPS-vikalp-ya-chook — pension-sahara.<br><br><b>Ref:</b> Rule 2 Expl (5); NPS Implementation Rules, Rule 10; Rule 39; Rule 50",CCS_Pension Rule_02_Exp5 NPS Family_Pension CCS_Pension::Rule_02 Priority::High CCS_Pension::Rule_02_Exp5,CCS_Pension_Rules_2021::01_Preliminary_Rules_01_to_10,Cloze,HIGH,Rule 2 Explanation 5,CCS21-3add0032
The definition rule's Explanation 6 covers retirement in a{{c1::temporary capacity}}under the CCS (Temporary Service) the civil-return rule{{c2::civil-return}}.,<b>Rule:</b> Temporary-capacity retirees are dealt with under the 1965 Temporary Service Rules linkage.<br><br><b>Hinglish:</b> Temporary capacity me retire — 1965 Rules wala rasta.<br><br><b>Ref:</b> Rule 2 Expl.6; Rule 19; Rule 2,CCS_Pension Rule_02_Exp6 Explanation CCS_Pension::Rule_02 Priority::Medium CCS_Pension::Rule_02_Exp6,CCS_Pension_Rules_2021::01_Preliminary_Rules_01_to_10,Cloze,MEDIUM,Rule 2 Explanation 6,CCS21-922b868f
Why does definition say 'these rules shall ALSO APPLY TO' instead of 'deemed appointed on or before 31.12.2003'?,<b>Rule:</b> Extension-by-application preserves the actual appointment date (no legal fiction of deemed appointment); effects like seniority/pay stay untouched.<br><br><b>Hinglish:</b> 'Apply' ka matlab sirf pension-cover badha; appointment date wahi — deemed fiction nahi.<br><br><b>Trap:</b> Do not equate 'also apply to' with deemed pre-2004 appointment.<br><br><b>Ref:</b> Rule 2 drafting note; Rule 2,CCS_Pension Rule_02 Drafting Exam_Trap CCS_Pension::Rule_02 Priority::High,CCS_Pension_Rules_2021::01_Preliminary_Rules_01_to_10,Basic,HIGH,Rule 2 (drafting format),CCS21-acbc04b5
The interpretation rule's sub-rule (1)(a):{{c1::Accounts Officer}}means the officer who maintains the{{c2::accounts / authorises pension}}of the Government servant.,"<b>Rule:</b> AO = authority maintaining accounts and authorising pension/family pension/gratuity (audits Form 7/11, issues PPO).<br><br><b>Hinglish:</b> Accounts Officer = hisaab rakhne + PPO nikaalne wala adhikari.<br><br><b>Ref:</b> Rule 3(1)(a); Rule 3(1)",CCS_Pension Rule_03_1_a Definition CCS_Pension::Rule_03 Priority::High CCS_Pension::Rule_03_1_a,CCS_Pension_Rules_2021::01_Preliminary_Rules_01_to_10,Cloze,HIGH,Rule 3(1)(a),CCS21-6102fffa
The interpretation rule's sub-rule (1)(b):{{c1::Allottee}}means the Government servant to whom{{c2::Government accommodation}}is allotted.,<b>Rule:</b> Allottee status drives Rules dues/withholding/death-dues dues machinery and NDC before gratuity release.<br><br><b>Hinglish:</b> Sarkari makaan mila = allottee; NDC bina gratuity ka 10% atakta hai.<br><br><b>Ref:</b> Rule 3(1)(b); Rule 3(1); Rule 67; Rule 68; Rule 77,CCS_Pension Rule_03_1_b Definition CCS_Pension::Rule_03 Priority::High CCS_Pension::Rule_03_1_b,CCS_Pension_Rules_2021::01_Preliminary_Rules_01_to_10,Cloze,HIGH,Rule 3(1)(b),CCS21-bad7a8cb
The interpretation rule's sub-rule (1)(c):{{c1::Average emoluments}}means average of emoluments of the{{c2::last 10 months}}(the average-emoluments rule).,"<b>Rule:</b> 10-month average; pension uses emoluments OR average, whichever more beneficial (the average-emoluments rule vs 44).<br><br><b>Hinglish:</b> Aakhri 10 mahine ka average — jo bada (emoluments ya average) wahi pension ka base.<br><br><b>Ref:</b> Rule 3(1)(c); Rule 32; Rule 3(1)",CCS_Pension Rule_03_1_c Definition Average_Emoluments CCS_Pension::Rule_03 Priority::High CCS_Pension::Rule_03_1_c,CCS_Pension_Rules_2021::01_Preliminary_Rules_01_to_10,Cloze,HIGH,Rule 3(1)(c),CCS21-e2dc22cb
The interpretation rule's sub-rule (1)(d):{{c1::Bhavishya}}is the{{c2::online pension processing}}system.,<b>Rule:</b> Default pension-case platform with e-HRMS under the Bhavishya rule (e-HRMS superannuation only; others Bhavishya).<br><br><b>Hinglish:</b> Bhavishya = pension ka online portal; e-HRMS sirf superannuation ke liye.<br><br><b>Ref:</b> Rule 3(1)(d); Rule 53; Rule 3(1),CCS_Pension Rule_03_1_d Definition CCS_Pension::Rule_03 Priority::High CCS_Pension::Rule_03_1_d,CCS_Pension_Rules_2021::01_Preliminary_Rules_01_to_10,Cloze,HIGH,Rule 3(1)(d),CCS21-10108765
The interpretation rule's sub-rule (1)(e):{{c1::Child}}— state the definition and its pension significance.,"<b>Rule:</b> Child includes categories eligible under the family-pension rule's sub-rule (son &lt;25 unmarried not earning; daughter unmarried/widowed/divorced not earning; disabled child no age bar) — birth order + twins + divorce-filing rules attach.<br><br><b>Hinglish:</b> Baccha = beta &lt;25, beti (unmarried/widow/divorced), disabled (umar ki seema nahi).<br><br><b>Ref:</b> Rule 3(1)(e); Rule 50(9); Rule 3(1); Rule 3(9)",CCS_Pension Rule_03_1_e Definition Family_Pension CCS_Pension::Rule_03 Priority::High CCS_Pension::Rule_03_1_e,CCS_Pension_Rules_2021::01_Preliminary_Rules_01_to_10,Cloze,HIGH,Rule 3(1)(e),CCS21-5c20f47c
"The interpretation rule's sub-rule (1)(f):{{c1::Dearness Relief}}is relief on{{c2::pension/family pension}}to neutralise{{c3::price rise}}, granted under the DR rule{{c4::DR}}('may be granted').","<b>Rule:</b> DR is NOT part of pension/family pension definitions (the interpretation rule's sub-rule (t)(i)); current 60% w.e.f. 01.01.2026 — VOLATILE.<br><br><b>Hinglish:</b> DR = mehangaai raahat, pension ka hissa NAHI; abhi 60% — badalta rehta hai.<br><br><b>Last verified:</b> 2026-09-20<br><br><b>Ref:</b> Rule 3(1)(f); Rule 52; Rule 3(1); Rules 3(t), 3(i)",CCS_Pension Rule_03_1_f Definition Dearness_Relief CCS_Pension::Rule_03 Priority::Critical CCS_Pension::Rule_03_1_f,CCS_Pension_Rules_2021::01_Preliminary_Rules_01_to_10,Cloze,CRITICAL,Rule 3(1)(f),CCS21-ab493619
The interpretation rule's sub-rule (1)(g):{{c1::Defence Service}}≠{{c2::Armed Forces}}— state the distinction.,<b>Rule:</b> Defence Service is the defined service category; do not casually equate with Armed Forces of the Union (exam trap).<br><br><b>Hinglish:</b> Defence Service aur Armed Forces ek nahi — shabdon ka jaal hai.<br><br><b>Ref:</b> Rule 3(1)(g); Rule 3(1),CCS_Pension Rule_03_1_g Definition Exam_Trap CCS_Pension::Rule_03 Priority::High CCS_Pension::Rule_03_1_g,CCS_Pension_Rules_2021::01_Preliminary_Rules_01_to_10,Cloze,HIGH,Rule 3(1)(g),CCS21-82fac554
The interpretation rule's sub-rule (1)(h):{{c1::Emoluments}}means{{c2::basic pay per}}(+ NPA for medical officers; stagnation increment counts).,"<b>Rule:</b> emoluments timing: pay at retirement/death; +DA only for gratuity computation under the gratuity rule's sub-rule.<br><br><b>Hinglish:</b> Emoluments = basic pay (+NPA); gratuity me DA judta hai, pension me nahi.<br><br><b>Ref:</b> Rule 3(1)(h); Rule 31; Rule 3(1); FR 9(21)(a)(i); Rule 45(6); Rule 3(6)",CCS_Pension Rule_03_1_h Definition Emoluments CCS_Pension::Rule_03 Priority::Critical CCS_Pension::Rule_03_1_h,CCS_Pension_Rules_2021::01_Preliminary_Rules_01_to_10,Cloze,CRITICAL,Rule 3(1)(h),CCS21-348e0ea2
"The interpretation rule's sub-rule (1)(i):{{c1::Family Pension}}means pension payable to{{c2::family}}under the family-pension rule{{c3::family-pension}}, and it{{c4::excludes Dearness Relief}}.","<b>Rule:</b> Like Pension, the definition excludes DR (DR is granted separately under the DR rule).<br><br><b>Hinglish:</b> Family pension = parivaar ko family-pension me; DR isme shamil NAHI.<br><br><b>Ref:</b> Rule 3(1)(i); Rule 50; Rule 3(1); Rule 52",CCS_Pension Rule_03_1_i Definition Family_Pension CCS_Pension::Rule_03 Priority::Critical CCS_Pension::Rule_03_1_i,CCS_Pension_Rules_2021::01_Preliminary_Rules_01_to_10,Cloze,CRITICAL,Rule 3(1)(i),CCS21-6cae1485
"The interpretation rule's sub-rule (1)(j):{{c1::Foreign Service}}means service in which a Government servant receives pay from{{c2::other than Central revenues}}(e.g., PSU/autonomous body/State/foreign).","<b>Rule:</b> Drives absorption machinery (deemed deputation, foreign service terms, no deputation allowance).<br><br><b>Hinglish:</b> Bahar ki naukri jiska paisa Kendra se na aaye = foreign service.<br><br><b>Ref:</b> Rule 3(1)(j); Rule 3(1); Rule 35; Rule 38",CCS_Pension Rule_03_1_j Definition Deputation CCS_Pension::Rule_03 Priority::High CCS_Pension::Rule_03_1_j,CCS_Pension_Rules_2021::01_Preliminary_Rules_01_to_10,Cloze,HIGH,Rule 3(1)(j),CCS21-45d870aa
What is the difference between 'Form' [the interpretation rule's sub-rule (1)(k)] and 'Format' [the interpretation rule's sub-rule (1)(l)]?,"<b>Rule:</b> (k) Form = a form appended to these rules (statutory application — servant/claimant fills: Forms 1–13); (l) Format = a format appended (office template/undertaking/covering letter: Formats 1–13).<br><br><b>Hinglish:</b> Form = karmchari/claimant bharta hai; Format = daftar ka template/letter. Dono appended hain, kaam alag.<br><br><b>Trap:</b> Synonyms mat samjho — 2024 me 9 forms Form 6-A me merge hue.<br><br><b>Ref:</b> Rule 3(1)(k), 3(1)(l); Rule 3(1)",CCS_Pension Rule_03_1_k Rule_03_1_l Definition Form Format Exam_Trap CCS_Pension::Rule_03 Priority::Critical CCS_Pension::Rule_03_1_k,CCS_Pension_Rules_2021::01_Preliminary_Rules_01_to_10,Basic,CRITICAL,Rule 3(1)(k); Rule 3(1)(l),CCS21-c02f24dd
The interpretation rule's sub-rule (1)(m):{{c1::Government}}means the{{c2::Central Government}}unless context otherwise requires.,"<b>Rule:</b> Default Government = Central Government (State contexts flagged expressly, e.g., the State-transfer rule).<br><br><b>Hinglish:</b> 'Government' bole to Kendra Sarkar — Rajya ka zikr alag se hota hai.<br><br><b>Ref:</b> Rule 3(1)(m); Rule 3(1); Rule 13",CCS_Pension Rule_03_1_m Definition CCS_Pension::Rule_03 Priority::Medium CCS_Pension::Rule_03_1_m,CCS_Pension_Rules_2021::01_Preliminary_Rules_01_to_10,Cloze,MEDIUM,Rule 3(1)(m),CCS21-f6d40e10
The interpretation rule's sub-rule (1)(n):{{c1::Government dues}}— which two Explanation baskets exist under the dues rule?,"<b>Rule:</b> accommodation dues (licence fee arrears, damages, electricity/water/PNG) other dues (advances, overpayments, income tax). HoO ascertains/assesses; adjusted from gratuity.<br><br><b>Hinglish:</b> Sarkari makaan ke + baaki (advance/overpayment/tax) — HoO vasoolta hai gratuity se.<br><br><b>Ref:</b> Rule 3(1)(n); Rule 67; Rule 3(1); Rule 3(a); Rule 3(b)",CCS_Pension Rule_03_1_n Definition Government_Dues CCS_Pension::Rule_03 Priority::High CCS_Pension::Rule_03_1_n,CCS_Pension_Rules_2021::01_Preliminary_Rules_01_to_10,Cloze,HIGH,Rule 3(1)(n),CCS21-5555443d
The interpretation rule's sub-rule (1)(o): 'Gratuity' includes which 3 types?,"<b>Rule:</b> Definition has 3 LIMBS — (i) service retirement OR death (the gratuity rule's sub-rule ) = ONE limb, TWO live types residuary (the gratuity rule's sub-rule ). Limbs = 3, live types = 4 (service, retirement, death, residuary).<br><br><b>Hinglish:</b> Teen-anga-chaar-prakaar.<br><br><b>Ref:</b> Rule 3(1)(o); Rule 3(1); Rule 44; Rule 45(1); Rule 45(3); Rule 3(ii); Rule 3(iii); Rule 3(3)",CCS_Pension Rule_03_1_o Definition Gratuity CCS_Pension::Rule_03 Priority::Critical CCS_Pension::Rule_03_1_o,CCS_Pension_Rules_2021::01_Preliminary_Rules_01_to_10,Basic,CRITICAL,Rule 3(1)(o),CCS21-44de8155
Interpretation vs Provision: Head of Department ≠ Head of Office — state the distinction.,"<b>Rule:</b> HoD = department head (lists under the retirement-list rule, sanctions); HoO = office head doing pension-case work (verification, Forms, forwarding, provisional sanction). Head of Office ≠ senior-most officer present.<br><br><b>Hinglish:</b> HoD = vibhaag ka mukhiya; HoO = pension-file chalane wala — sabse senior vyakti nahi.<br><br><b>Ref:</b> Rule 3(1)(p), 3(1)(q); Rule 3(1); Rule 54",CCS_Pension Rule_03_1_p Rule_03_1_q Definition Exam_Trap CCS_Pension::Rule_03 Priority::High CCS_Pension::Rule_03_1_p,CCS_Pension_Rules_2021::01_Preliminary_Rules_01_to_10,Basic,HIGH,Rule 3(1)(p); Rule 3(1)(q),CCS21-2552bb21
The interpretation rule's sub-rule (1)(r):{{c1::Local Fund administered by Government}}— why does it matter?,<b>Rule:</b> Service paid from a Govt-administered Local Fund can still be qualifying service (the paid-service rule Explanation) — funding source test.<br><br><b>Hinglish:</b> Local Fund se salary mile tab bhi service gin sakti hai — paid-service dekho.<br><br><b>Ref:</b> Rule 3(1)(r); Rule 12; Rule 3(1),CCS_Pension Rule_03_1_r Definition CCS_Pension::Rule_03 Priority::Medium CCS_Pension::Rule_03_1_r,CCS_Pension_Rules_2021::01_Preliminary_Rules_01_to_10,Cloze,MEDIUM,Rule 3(1)(r),CCS21-b63fdefc
The interpretation rule's sub-rule (1)(s):{{c1::Minor}}means a person below{{c2::18 years}}— pension relevance?,<b>Rule:</b> Minor nominees/claimants act through guardians (gratuity-nomination alternate nominee; family-pension guardian; pensioner-death remarriage guardianship).<br><br><b>Hinglish:</b> 18 se kam = minor; guardian ke through kaam hota hai.<br><br><b>Ref:</b> Rule 3(1)(s); Rule 3(1); Rule 46; Rule 50(9); Rule 79(4),CCS_Pension Rule_03_1_s Definition CCS_Pension::Rule_03 Priority::Medium CCS_Pension::Rule_03_1_s,CCS_Pension_Rules_2021::01_Preliminary_Rules_01_to_10,Cloze,MEDIUM,Rule 3(1)(s),CCS21-2a0f66e7
The interpretation rule's sub-rule (1)(t):{{c1::Pension}}{{c2::excludes}}Dearness Relief — and{{c1::Family Pension}}also{{c2::excludes}}DR. Why tested together?,"<b>Rule:</b> BOTH definitions exclude DR; DR is granted separately under the DR rule ('may be granted'). Classic exam trap: Pension vs Family Pension differ in PAYEE (servant vs family), not in DR treatment.<br><br><b>Hinglish:</b> Dono me DR bahar; farq sirf paane wale ka — karmchari ya parivaar.<br><br><b>Ref:</b> Rule 3(1)(t); Rule 3(1)(i); Rule 52; Rule 3(1)",CCS_Pension Rule_03_1_t Definition Exam_Trap CCS_Pension::Rule_03 Priority::Critical CCS_Pension::Rule_03_1_t,CCS_Pension_Rules_2021::01_Preliminary_Rules_01_to_10,Cloze,CRITICAL,Rule 3(1)(t); Rule 3(1)(i),CCS21-9032cfda
The interpretation rule's sub-rule (1)(v):{{c1::Pension Payment Order (PPO)}}is the{{c2::authorisation}}issued by the{{c3::Accounts Officer}}for{{c4::pension/family pension/gratuity}}payment.,"<b>Rule:</b> PPO + Format 9 undertaking → CPAO Special Seal (10 days) → PDA disburses (15 days) — authorisation chain.<br><br><b>Hinglish:</b> PPO = AO ka payment order; uske baad CPAO seal, phir PDA payment.<br><br><b>Ref:</b> Rule 3(1)(v); Rule 80; Rule 3(1)",CCS_Pension Rule_03_1_v Definition CCS_Pension::Rule_03 Priority::High CCS_Pension::Rule_03_1_v,CCS_Pension_Rules_2021::01_Preliminary_Rules_01_to_10,Cloze,HIGH,Rule 3(1)(v),CCS21-7a61a485
The interpretation rule's sub-rule (1)(w):{{c1::Qualifying Service}}means service that{{c2::counts for pension}}under Chapter{{c3::III}}.,"<b>Rule:</b> QS thresholds: 1y (family pension gateway), 5y (gratuity), 10y (pension), 18y (verification clock), 20y (VR), 30y (premature).<br><br><b>Hinglish:</b> QS = pension ke kaam ki service; 1-5-10-18-20-30 yaad rakho.<br><br><b>Ref:</b> Rule 3(1)(w); Rules 11-30; Rule 3(1)",CCS_Pension Rule_03_1_w Definition Qualifying_Service CCS_Pension::Rule_03 Priority::Critical CCS_Pension::Rule_03_1_w,CCS_Pension_Rules_2021::01_Preliminary_Rules_01_to_10,Cloze,CRITICAL,Rule 3(1)(w),CCS21-ac24b6fb
The interpretation rule's sub-rule (1)(x):{{c1::Retirement Benefits}}includes{{c2::pension/family pension/gratuity}}taken together.,"<b>Rule:</b> Umbrella term used in withholding, forfeiture (the PSU-absorption rule's sub-rule (29)), absorption options.<br><br><b>Hinglish:</b> Retirement benefits = pension + gratuity sab kuch ek saath.<br><br><b>Ref:</b> Rule 3(1)(x); Rule 3(1); Rule 37(29)(c); Rule 7; Rule 8; Rule 3(c)",CCS_Pension Rule_03_1_x Definition CCS_Pension::Rule_03 Priority::Medium CCS_Pension::Rule_03_1_x,CCS_Pension_Rules_2021::01_Preliminary_Rules_01_to_10,Cloze,MEDIUM,Rule 3(1)(x),CCS21-86a71646
"The interpretation rule's sub-rule (1)(y):{{c1::Service Book}}— why is it the backbone of Chapters III, X, XI?","<b>Rule:</b> Definite entries prove QS (leave, suspension, condonation, nomination, calendar/record-verification/FP-settlement verification); unverified entries have deemed-verified fallbacks.<br><br><b>Hinglish:</b> Service Book = sabooton ki kitaab; entry nahi to deeming provisions bachati hain.<br><br><b>Ref:</b> Rule 3(1)(y); Rule 3(1); Rule 21; Rule 23; Rule 28; Rule 46; Rule 73; Rule 57; Rule 72",CCS_Pension Rule_03_1_y Definition CCS_Pension::Rule_03 Priority::High CCS_Pension::Rule_03_1_y,CCS_Pension_Rules_2021::01_Preliminary_Rules_01_to_10,Cloze,HIGH,Rule 3(1)(y),CCS21-1d64918f
The interpretation rule's sub-rule (1)(z):{{c1::Treasury}}{{c2::includes a Sub-Treasury}}.,<b>Rule:</b> Express inclusive definition — Sub-Treasury is Treasury for payment machinery (the satellite-application rule Treasury Rules).<br><br><b>Hinglish:</b> Treasury bole to Sub-Treasury bhi andar.<br><br><b>Ref:</b> Rule 3(1)(z); Rule 3(1); Rule 84,CCS_Pension Rule_03_1_z Definition CCS_Pension::Rule_03 Priority::Medium CCS_Pension::Rule_03_1_z,CCS_Pension_Rules_2021::01_Preliminary_Rules_01_to_10,Cloze,MEDIUM,Rule 3(1)(z),CCS21-5ee6bf4b
"The interpretation rule's sub-rule (2) residual dictionary: undefined words take meaning from the{{c1::Fundamental Rules 1922}}, NOT the{{c2::General Clauses Act}}.",<b>Rule:</b> FR 1922 is the fallback lexicon for these Rules.<br><br><b>Hinglish:</b> Shabd na mile to FR 1922 dekho — GCA nahi.<br><br><b>Trap:</b> GCA is the tempting wrong answer.<br><br><b>Ref:</b> Rule 3(2),CCS_Pension Rule_03_2 Definition Exam_Trap CCS_Pension::Rule_03 Priority::Critical CCS_Pension::Rule_03_2,CCS_Pension_Rules_2021::01_Preliminary_Rules_01_to_10,Cloze,CRITICAL,Rule 3(2),CCS21-648d01c4
The transfer-election rule's sub-rule (1): transfer cases are regulated with a{{c1::6-month election window}}under the proviso — explain.,"<b>Rule:</b> On transfer to a post under different pension terms, the servant elects within 6 months (proviso); the transfer-election rule's sub-rule –transfer-election give the processing frame.<br><br><b>Hinglish:</b> Transfer par 6 mahine me chunav karo — kaunsi pension-terms chahiye.<br><br><b>Ref:</b> Rule 4(1) proviso; Rule 4(2), 4(3); Rule 4(1); Rule 4(3); Rule 4(2)",CCS_Pension Rule_04 Election Timeline CCS_Pension::Rule_04 Priority::High,CCS_Pension_Rules_2021::01_Preliminary_Rules_01_to_10,Cloze,HIGH,"Rule 4(1), 4(2), 4(3)",CCS21-bfb2fedb
The single-pension rule's sub-rule (1): a Government servant shall NOT earn{{c1::two pensions}}in the same service — state the bar.,"<b>Rule:</b> One service = one pension; exceptions only via the civil-return rule or 20 (re-employment counting).<br><br><b>Hinglish:</b> Ek naukri = ek pension; doosri pension sirf Rule civil-return/military-counting se.<br><br><b>Ref:</b> Rule 6(1), 6(2); Rule 6(1); Rule 19; Rule 20",CCS_Pension Rule_06 Proviso CCS_Pension::Rule_06 Priority::High,CCS_Pension_Rules_2021::01_Preliminary_Rules_01_to_10,Cloze,HIGH,Rule 6(1),CCS21-f622f137
"The conduct rule's sub-rule (1)(b): pension/gratuity may be withheld for{{c1::serious crime / grave misconduct}}— who decides, and with what consultation?","<b>Rule:</b> The PRESIDENT decides; UPSC consultation required; show-cause notice 15 days + further 15 days on representation (15+15).<br><br><b>Hinglish:</b> Gambhir apradh/ghor durachar me Rashtrapati rok sakte hain — UPSC se poochh kar, 15+15 din ka notice dekar.<br><br><b>Ref:</b> Rule 7(1)(b); Rule 7(1)",CCS_Pension Rule_07 Procedure Timeline CCS_Pension::Rule_07 Priority::Critical,CCS_Pension_Rules_2021::01_Preliminary_Rules_01_to_10,Cloze,CRITICAL,Rule 7(1)(b),CCS21-bb5287f3
"Compare the conduct rule vs the proceedings rule in one line each: trigger, authority, consultation.","<b>Rule:</b> the conduct rule = post-retirement CONDUCT finding route (President + UPSC, 15+temporary-status notice). the proceedings rule (2022 rewrite) = departmental/judicial PROCEEDINGS route with 3 authorities (President / Secretary / C&amp;AG) — UPSC only where President is appointing authority.<br><br><b>Hinglish:</b> the conduct rule = acharan par Rashtrapati+UPSC; the proceedings rule = karyavahi par 3 adhikari, UPSC sirf Rashtrapati-wale cases me.<br><br><b>Ref:</b> Rules 7, 8; DoPPW OM 10.04.2023; Rule 7; Rule 8; Rule 15",CCS_Pension Rule_07 Rule_08 Comparison CCS_Pension::Rule_07 Priority::Critical,CCS_Pension_Rules_2021::01_Preliminary_Rules_01_to_10,Basic,CRITICAL,Rule 7; Rule 8,CCS21-a0ae3a7f
"The proceedings rule's sub-rule (1) as rewritten by G.S.R. 770(E)/2022 vests withholding power in{{c1::(a) President}},{{c2::(b) Secretary of the Administrative Ministry/Department}},{{c3::(c) C&amp;AG}}— mapped by WHAT?","<b>Rule:</b> Mapped by APPOINTING AUTHORITY of the post held at retirement: President's appointees → President; others → Secretary; IA&amp;AD (subordinate appointing authority) → C&amp;AG.<br><br><b>Hinglish:</b> Niyukti adhikari jo, faisla adhikari wahi — President/Secretary/C&amp;AG.<br><br><b>Ref:</b> Rule 8(1)(a)-(c); Rule 8(1)",CCS_Pension Rule_08_1 Amendment CCS_Pension::Rule_08 Priority::Critical CCS_Pension::Rule_08_1,CCS_Pension_Rules_2021::01_Preliminary_Rules_01_to_10,Cloze,CRITICAL,Rule 8(1) as amended by G.S.R. 770(E),CCS21-47b4a96c
"The proceedings rule's sub-rule (1) First Proviso requires{{c1::UPSC consultation}}for{{c2::President's}}orders; Second Proviso sets part-withholding floor at{{c3::minimum pension (Rs 9,000)}}.","<b>Rule:</b> UPSC only for President-route orders; part withholding can never sink pension below the floor.<br><br><b>Hinglish:</b> UPSC sirf Rashtrapati-order me; kaat-chaant ke baad bhi Rs 9,000 se kam nahi.<br><br><b>Ref:</b> Rule 8(1) provisos; Rule 8(1); Rule 44",CCS_Pension Rule_08_1 Proviso Floor CCS_Pension::Rule_08 Priority::Critical CCS_Pension::Rule_08_1,CCS_Pension_Rules_2021::01_Preliminary_Rules_01_to_10,Cloze,CRITICAL,Rule 8(1) First and Second Provisos,CCS21-5f668564
The proceedings rule's sub-rule (2)(a) proviso (2022 substitution): proceedings instituted by a{{c1::subordinate authority}}are deemed instituted by the{{c2::appointing authority}}.,<b>Rule:</b> Deeming fiction saves pre-retirement proceedings started below appointing-authority level.<br><br><b>Hinglish:</b> Chhote adhikari ne shuru ki to bhi bade ke naam maani jaayegi.<br><br><b>Ref:</b> Rule 8(2)(a) proviso; Rule 8(2),CCS_Pension Rule_08_2 Amendment Proviso CCS_Pension::Rule_08 Priority::High CCS_Pension::Rule_08_2,CCS_Pension_Rules_2021::01_Preliminary_Rules_01_to_10,Cloze,HIGH,Rule 8(2)(a) proviso as amended by G.S.R. 770(E),CCS21-0cc41d6c
"New appellate clause: first,{{c1::no appeal}}against the President's order; second, appeal lies to the{{c2::President}}against Secretary/C&amp;AG orders, with{{c3::UPSC consultation}}.",<b>Rule:</b> President is both first authority (own appointees) and appellate authority (others' orders).<br><br><b>Hinglish:</b> Rashtrapati ke order par appeal nahi; Secretary/C&amp;AG ke order par appeal Rashtrapati ko + UPSC.<br><br><b>Ref:</b> Rule 8(6A),CCS_Pension Rule_08_6A Amendment CCS_Pension::Rule_08 Priority::High CCS_Pension::Rule_08_6A,CCS_Pension_Rules_2021::01_Preliminary_Rules_01_to_10,Cloze,HIGH,Rule 8(6A) inserted by G.S.R. 770(E),CCS21-3b211943
The proceedings rule authority flowchart: a Deputy Secretary (appointing authority: President) vs an LDC (appointing authority: HoO) vs an IA&amp;AD auditor — who decides withholding?,"<b>Rule:</b> Dy Secy → President (+UPSC). LDC → Secretary of Administrative Ministry (no UPSC). IA&amp;AD auditor → C&amp;AG (no UPSC). Pre-2022, ALL went to President.<br><br><b>Hinglish:</b> Bada adhikari → Rashtrapati; chhota → Secretary; Audit wala → C&amp;AG.<br><br><b>Ref:</b> Rule 8(1); DoPPW OM 10.04.2023; Rule 8",CCS_Pension Rule_08_1 Flowchart Scenario CCS_Pension::Rule_08 Priority::Critical CCS_Pension::Rule_08_1,CCS_Pension_Rules_2021::01_Preliminary_Rules_01_to_10,Basic,CRITICAL,Rule 8(1); Worked Example 12,CCS21-fee96ffe
DoPPW transitional rule (OM 10.04.2023): case ALREADY submitted to President vs report NOT yet submitted — where is each decided?,"<b>Rule:</b> Submitted to President at any stage → President decides (+UPSC). Report not yet submitted → Secretary/C&amp;AG decides, NO UPSC, no need to send to President.<br><br><b>Hinglish:</b> Rashtrapati tak pahunch gaya to wahi faisla; nahi pahuncha to Secretary/C&amp;AG nipta dein.<br><br><b>Ref:</b> DoPPW OM 10.04.2023",CCS_Pension Rule_08_1 GID Amendment CCS_Pension::Rule_08 Priority::High CCS_Pension::Rule_08_1,CCS_Pension_Rules_2021::01_Preliminary_Rules_01_to_10,Basic,HIGH,DoPPW OM F.No.38/41/19-P&PW(A) dt. 10.04.2023,CCS21-01f1b117
Military Counting vs Military Counting: the single biggest shift?,<b>Rule:</b> BEFORE: President decided ALL withholding cases (+UPSC always). AFTER: only President-appointee cases need President+UPSC; Secretary/C&amp;AG decide the rest without UPSC.<br><br><b>Hinglish:</b> Pehle sab Rashtrapati; ab chhote cases Secretary/C&amp;AG — tez faisla.<br><br><b>Ref:</b> Rule 8 pre/post G.S.R. 770(E); Rule 20-2022,CCS_Pension Rule_08_1 Comparison CCS_Pension::Rule_08 Priority::Low Category::Historical CCS_Pension::Rule_08_1,CCS_Pension_Rules_2021::01_Preliminary_Rules_01_to_10,Basic,LOW,Rule 8 pre-2022 vs post-2022,CCS21-ebfb112d
"The commercial-employment rule's sub-rule (1): Group A officers need{{c1::prior sanction}}for{{c2::commercial employment}}within{{c3::1 year}}of retirement, applied in{{c4::Form 1}}.",<b>Rule:</b> 1-year cooling applies ONLY to Group A; LPR/refused-leave cases covered by proviso; negotiating during service without sanction needs special-reasons ban compliance.<br><br><b>Hinglish:</b> Group A ek saal tak bina permission company me nahi; Form 1 bharo.<br><br><b>Ref:</b> Rule 9(1),CCS_Pension Rule_09 Procedure Timeline Form CCS_Pension::Rule_09 Priority::Critical,CCS_Pension_Rules_2021::01_Preliminary_Rules_01_to_10,Cloze,CRITICAL,Rule 9(1),CCS21-c32904b0
The commercial-employment rule's sub-rule (7): representation against refusal lies within{{c1::30 days}}(NOT 15). commercial-employment penalty:{{c2::pension for the period of such employment}}is withheld.,"<b>Rule:</b> 30-day representation (contrast the conduct rule's 15+15); breach costs that spell's pension — 'us employment ki avadhi ki pension'.<br><br><b>Hinglish:</b> Mana kiya to 30 din me appeal; bina permission naukri ki to us dauran ki pension gayi.<br><br><b>Trap:</b> 30 days, not 15.<br><br><b>Ref:</b> Rule 9(7), 9(8); Rule 9(7); Rule 9(8); Rule 7",CCS_Pension Rule_09 Timeline Exam_Trap CCS_Pension::Rule_09 Priority::Critical,CCS_Pension_Rules_2021::01_Preliminary_Rules_01_to_10,Cloze,CRITICAL,"Rule 9(7), 9(8)",CCS21-04705219
"Compare the commercial-employment rule vs foreign-government across employer, cooling period, Form, and scope.","<b>Rule:</b> the commercial-employment rule = COMMERCIAL employment, Group A, 1-year cooling, Form 1. the foreign-government rule = FOREIGN GOVT employment, all groups implied, NO time limit, NO Form. Both need prior sanction/permission; both punish breach with pension cut.<br><br><b>Hinglish:</b> Company-1saal-Form1 vs VideshSarkar-hamesha-binaForm.<br><br><b>Ref:</b> Rules 9, 10; Rule 10; Rule 9",CCS_Pension Rule_09 Rule_10 Comparison CCS_Pension::Rule_09 Priority::Critical,CCS_Pension_Rules_2021::01_Preliminary_Rules_01_to_10,Basic,CRITICAL,Rule 9; Rule 10,CCS21-87329435
The qualifying-service rule: qualifying service begins from{{c1::taking charge of the first post}}— with which 2 provisos and 1 exception?,<b>Rule:</b> P1: officiating/temporary service followed by substantive appointment counts. P2: no service before age 18 counts. Exception: military counting counting.<br><br><b>Hinglish:</b> Pehle post ka charge = shuruaat; 18 se pehle ka zero; officiating→substantive judta hai.<br><br><b>Ref:</b> Rule 11; Rule 20,CCS_Pension Rule_11 Qualifying_Service Proviso CCS_Pension::Rule_11 Priority::High,CCS_Pension_Rules_2021::02_Qualifying_Service_Rules_11_to_30,Cloze,HIGH,Rule 11,CCS21-60dd9f19
The qualifying-service rule's Second Proviso: service before age{{c1::18 years}}does NOT count — but verification timeline clock ALSO starts at{{c2::18 years}}of service. Avoid the confusion.,"<b>Rule:</b> 18 YEARS OF AGE (the qualifying-service rule floor) vs 18 YEARS OF SERVICE (verification trigger) — same number, different units.<br><br><b>Hinglish:</b> 18 saal UMAR vs 18 saal NAUKRI — sankhya ek, matlab alag.<br><br><b>Trap:</b> Units trap.<br><br><b>Ref:</b> Rule 11; Rule 30(1); Rule 30",CCS_Pension Rule_11 Rule_30 Near_Miss Exam_Trap CCS_Pension::Rule_11 Priority::Critical,CCS_Pension_Rules_2021::02_Qualifying_Service_Rules_11_to_30,Cloze,CRITICAL,Rule 11 Second Proviso; Rule 30(1),CCS21-00074462
The paid-service rule: service counts only if the servant performed{{c1::duties AND drew pay}}— state the Explanation's funding test.,<b>Rule:</b> Service under Government + paid from Consolidated Fund of India / Govt-administered Local Fund; non-contributory-scheme service excluded unless Government orders otherwise (override).<br><br><b>Hinglish:</b> Kaam + tankhvah dono; paisa Sarkari khazane se; non-contributory scheme bahar (Sarkar chahe to andar).<br><br><b>Ref:</b> Rule 12,CCS_Pension Rule_12 Qualifying_Service Explanation CCS_Pension::Rule_12 Priority::High,CCS_Pension_Rules_2021::02_Qualifying_Service_Rules_11_to_30,Cloze,HIGH,Rule 12,CCS21-8cb87b24
The State-transfer rule's sub-rule (1):{{c1::permanent transfer}}to State service preserves counting; the State-transfer rule's sub-rule (3):{{c2::Central Government bears}}the pension liability.,"<b>Rule:</b> Centre-to-State permanent transferees keep QS; Centre pays (liability allocation rule).<br><br><b>Hinglish:</b> Rajya me pakke transfer par service bachi; kharcha Kendra dega.<br><br><b>Ref:</b> Rule 13(1), 13(3); Rule 13(1); Rule 13(3)",CCS_Pension Rule_13 Qualifying_Service CCS_Pension::Rule_13 Priority::High,CCS_Pension_Rules_2021::02_Qualifying_Service_Rules_11_to_30,Cloze,HIGH,"Rule 13(1), 13(3)",CCS21-6bd5a94f
The PSU-counting rule's sub-rule (1)all 4 clauses: counting PSU-era service needs which 4 conditions?,"<b>Rule:</b> prior Govt service linkage proper-channel absorption/permission lump-sum refund (pension/service gratuity + retirement gratuity) commutation under CCS (Commutation) Rules 1981 Table. the PSU-counting rule's sub-rule: PSU exclusion fence.<br><br><b>Hinglish:</b> Link + permission + paisa wapas + 1981 Table = PSU service gini.<br><br><b>Ref:</b> Rule 14(1)(a)-(d), 14(3); Rule 14(1); Rule 14(a)-(d); Rule 14(3); Rule 14(a); Rule 14(b); Rule 14(c); Rule 14(d)",CCS_Pension Rule_14 Qualifying_Service PSU CCS_Pension::Rule_14 Priority::High,CCS_Pension_Rules_2021::02_Qualifying_Service_Rules_11_to_30,Basic,HIGH,Rule 14(1)(a)-(d),CCS21-f5c6714e
The PSU-counting rule's sub-rule (1)(c) lump sum ={{c1::pension/service gratuity + retirement gratuity}}already drawn; PSU-counting commutation follows the{{c2::1981 Table}}.,"<b>Rule:</b> Refund what you took; commute only per CCS (Commutation of Pension) Rules 1981 Table.<br><br><b>Hinglish:</b> Jo liya wapas karo; commutation 1981 Table se.<br><br><b>Ref:</b> Rule 14(1)(c), 14(1)(d); Rule 14(1)",CCS_Pension Rule_14 PSU CCS_Pension::Rule_14 Priority::High,CCS_Pension_Rules_2021::02_Qualifying_Service_Rules_11_to_30,Cloze,HIGH,"Rule 14(1)(c), 14(1)(d)",CCS21-17a98a75
"The temporary-status rule: regularised{{c1::temporary-status}}(Casual Labourers Scheme 1993, DoPT) service counts at{{c2::family-pension per cent}}.",<b>Rule:</b> Only REGULARISATION unlocks the 50%; casual spell itself never counts directly.<br><br><b>Hinglish:</b> Regular ho gaye to aadhi service mili — Casual Labourers Scheme 1993 walo ko.<br><br><b>Ref:</b> Rule 15; Rule 2 Expl.4; Rule 50,CCS_Pension Rule_15 Qualifying_Service Threshold CCS_Pension::Rule_15 Priority::High,CCS_Pension_Rules_2021::02_Qualifying_Service_Rules_11_to_30,Cloze,HIGH,Rule 15,CCS21-324d0d4a
The probation rule:{{c1::probation}}against a post counts once followed by{{c2::confirmation}}(same or another post).,<b>Rule:</b> Probation + confirmation = qualifying; unconfirmed probation dangling alone is the risk case.<br><br><b>Hinglish:</b> Pariksha-kaalin service pakki niyukti ke saath gini.<br><br><b>Ref:</b> Rule 16,CCS_Pension Rule_16 Qualifying_Service CCS_Pension::Rule_16 Priority::High,CCS_Pension_Rules_2021::02_Qualifying_Service_Rules_11_to_30,Cloze,HIGH,Rule 16,CCS21-245187d1
The apprenticeship rule:{{c1::apprentice}}service is EXCLUDED — except{{c2::SAS apprentices of IA&amp;AD / DAD only}}.,<b>Rule:</b> General apprentice ban; narrow SAS (Subordinate Accounts Service) exception in audit/defence accounts.<br><br><b>Hinglish:</b> Apprentice bahar — sirf Audit/Defence Accounts ke SAS apprentice andar.<br><br><b>Ref:</b> Rule 17,CCS_Pension Rule_17 Exception CCS_Pension::Rule_17 Priority::High,CCS_Pension_Rules_2021::02_Qualifying_Service_Rules_11_to_30,Cloze,HIGH,Rule 17,CCS21-b4701915
The contract-service rule's sub-rule (i): contract appointment{{c1::on or before 31.12.2003}}can count; the contract-service rule's sub-rule (ii):{{c2::CPF Government contribution}}must be refunded (cumulative).,"<b>Rule:</b> Pre-cutoff contract service is countable; CPF employer money comes back with accumulations.<br><br><b>Hinglish:</b> 2003 tak ka contract gina; CPF ka Sarkari hissa byaaj samet wapas.<br><br><b>Trap:</b> Previous SANCTION vs previous KNOWLEDGE — sanction is the load-bearing word.<br><br><b>Ref:</b> Rule 18(i), 18(ii); Rule 18(i); Rule 18(ii)",CCS_Pension Rule_18 Qualifying_Service Exam_Trap CCS_Pension::Rule_18 Priority::High,CCS_Pension_Rules_2021::02_Qualifying_Service_Rules_11_to_30,Cloze,HIGH,"Rule 18(i), 18(ii)",CCS21-9f185d45
"The civil-return rule's sub-rule (1) covers 4 re-employment entry classes:{{c1::compensation pension, invalid pension, compensation gratuity, invalid gratuity}}— which 2 pensions are NOT covered?",<b>Rule:</b> SUPERANNUATION and RETIRING pensions are NOT civil-return cases (their holders re-employed differently).<br><br><b>Hinglish:</b> Compensation/invalid wale andar; superannuation/retiring wale bahar.<br><br><b>Trap:</b> Superannuation/retiring pension = NOT the civil-return rule.<br><br><b>Ref:</b> Rule 19(1); Rule 19,CCS_Pension Rule_19 Re_Employment Exam_Trap CCS_Pension::Rule_19 Priority::Critical,CCS_Pension_Rules_2021::02_Qualifying_Service_Rules_11_to_30,Cloze,CRITICAL,Rule 19(1),CCS21-f22dde41
The civil-return rule refund items:{{c1::pension drawn + commutation value + retirement/service gratuity}}; instalments capped at{{c2::36 months}}; right revives ONLY on{{c3::full refund}}.,"<b>Rule:</b> Civil Return rule: 36-monthly-instalment cap; first instalment timing fixed; part refund = no revival. the civil-return rule's sub-rule: death before full refund → adjust from death gratuity.<br><br><b>Hinglish:</b> Jo liya sab wapas (36 kishton me); poora wapas tabhi purani service judegi; maut ho to death gratuity se kaato.<br><br><b>Ref:</b> Rule 19(3), 19(4); Rule 19; Rule 19(3); Rule 19(4)",CCS_Pension Rule_19 Re_Employment Timeline CCS_Pension::Rule_19 Priority::Critical,CCS_Pension_Rules_2021::02_Qualifying_Service_Rules_11_to_30,Cloze,CRITICAL,"Rule 19(3), 19(4)",CCS21-949e859a
The civil-return rule's sub-rule (2)(i):{{c1::pre-re-employment pension}}is NOT refundable; the civil-return rule's sub-rule (2)(ii):{{c2::gratuity element in pay fixation}}IS refundable.,"<b>Rule:</b> Pension earned BEFORE re-employment stays yours; but gratuity baked into re-employed pay must return.<br><br><b>Hinglish:</b> Pehle ki pension tumhari; vetan me ghusi gratuity wapas.<br><br><b>Ref:</b> Rule 19(2)(i), 19(2)(ii); Rule 19(2)",CCS_Pension Rule_19 Re_Employment CCS_Pension::Rule_19 Priority::High,CCS_Pension_Rules_2021::02_Qualifying_Service_Rules_11_to_30,Cloze,HIGH,"Rule 19(2)(i), 19(2)(ii)",CCS21-6f06f430
"The civil-return rule's sub-rule (5) LIMITS the later civil pension, but military-counting imposes{{c1::NO limitation}}— state the contrast and its logic.",<b>Rule:</b> Civil re-employment caps the combined outcome; military re-employment lets the later civil pension run free — ex-servicemen advantage.<br><br><b>Hinglish:</b> Civil wapas-noukri me seema; fauji wapas-noukri me khuli pension.<br><br><b>Ref:</b> Rule 19(5); Rule 20(5); Rule 19; Rule 20,CCS_Pension Rule_19 Rule_20 Comparison CCS_Pension::Rule_19 Priority::Critical,CCS_Pension_Rules_2021::02_Qualifying_Service_Rules_11_to_30,Cloze,CRITICAL,Rule 19(5); Rule 20(5),CCS21-9289c6ab
The military-counting rule's sub-rule (1): military re-employment refund ={{c1::military pension drawn + its commutation value + gratuities}}; instalments{{c2::36 months}}(the military-counting rule's sub-rule (2)).,"<b>Rule:</b> Same 36-month cap as the civil-return rule's sub-rule; the military-counting rule's sub-rule: interruption condonation deemed included.<br><br><b>Hinglish:</b> Fauji pension/gratuity wapas (36 kisht); toota-link muaaf maana.<br><br><b>Ref:</b> Rule 20(1), 20(2), 20(4); Rule 20(1); Rule 20(2); Rule 19(3); Rule 20(4); Rule 20(3)",CCS_Pension Rule_20 Military_Service Timeline CCS_Pension::Rule_20 Priority::High,CCS_Pension_Rules_2021::02_Qualifying_Service_Rules_11_to_30,Cloze,HIGH,"Rule 20(1), 20(2)",CCS21-c6ea23cf
The military-counting rule's Explanation 1(ii) 2022 REVERSAL: 'was NOT required to be refunded' became '{{c1::WAS TO BE REFUNDED}}'.,<b>Rule:</b> G.S.R. 770(E) flipped the refund duty — single-word reversal with full arithmetic consequence.<br><br><b>Hinglish:</b> 2022 me 'wapas NAHI' ulta ho kar 'wapas KARO' ban gaya.<br><br><b>Trap:</b> Pre-2022 vs post-2022 opposite answers.<br><br><b>Ref:</b> Rule 20 Expl.1(ii) as amended; Rule 20,CCS_Pension Rule_20_Exp1_ii GSR_770_E_2022 Amendment Reversal CCS_Pension::Rule_20 Priority::Critical CCS_Pension::Rule_20_Exp1_ii,CCS_Pension_Rules_2021::02_Qualifying_Service_Rules_11_to_30,Cloze,CRITICAL,Rule 20 Explanation 1(ii) as amended by G.S.R. 770(E),CCS21-a2ea2921
The military-counting rule's Explanation 2 (opt to KEEP military pension) →{{c1::military service NOT counted}}; Explanation 3 (joined AFTER 31.12.2003) →{{c2::NPS Rules apply}}.,"<b>Rule:</b> Keep the fauji pension = lose the counting; post-cutoff joiners are NPS persons.<br><br><b>Hinglish:</b> Fauji pension rakhi to service gayi; 2003 ke baad aaye to NPS.<br><br><b>Ref:</b> Rule 20 Expl.2, Expl.3; Rule 20",CCS_Pension Rule_20 NPS CCS_Pension::Rule_20 Priority::High,CCS_Pension_Rules_2021::02_Qualifying_Service_Rules_11_to_30,Cloze,HIGH,"Rule 20 Explanations 2, 3",CCS21-bd40b4fa
Master comparison: Civil Return vs Military Counting,"<b>Rule:</b> civil return (compensation/invalid only; 36-mo; civil-return caps later pension) vs military counting (all military pensioners; 36-mo; military-counting deemed condonation; NO cap) + 2022 Exp.1 reversal.<br><br><b>Hinglish:</b> Civil-seema vs Fauji-khula — 36 kisht dono me.<br><br><b>Ref:</b> Rules 19, 20; Rule 19; Rules 20; Rule 19(5); Rule 20; Rule 20(4); Rule 20(5)",CCS_Pension Rule_19 Rule_20 Comparison CCS_Pension::Rule_19 Priority::Critical,CCS_Pension_Rules_2021::02_Qualifying_Service_Rules_11_to_30,Basic,CRITICAL,Rule 19; Rule 20,CCS21-79ac2b96
"The leave-counting rule 's 3 leave categories: (i){{c1::leave with leave salary — always counts}}; second,{{c2::EOL on medical grounds — always counts}}; third,{{c3::other EOL — counts ONLY on 2 grounds}}.",<b>Rule:</b> Grounds for: civil commotion OR higher scientific/technical studies — nothing else.<br><br><b>Hinglish:</b> Tankhvah wali chhutti + bimaari wali EOL = pakka count; baaki EOL sirf danga/padhai par.<br><br><b>Ref:</b> Rule 21(i)-(iii); Rule 21; Rule 21(iii),CCS_Pension Rule_21 Qualifying_Service CCS_Pension::Rule_21 Priority::Critical,CCS_Pension_Rules_2021::02_Qualifying_Service_Rules_11_to_30,Cloze,CRITICAL,"Rule 21(i), (ii), (iii)",CCS21-ab0514da
Other EOL counts ONLY for{{c1::civil commotion}}or{{c2::higher scientific/technical studies}}— apply to study leave for an MBA abroad.,<b>Rule:</b> MBA abroad is higher study but NOT scientific/technical → does NOT count. A PhD in physics would count.<br><br><b>Hinglish:</b> MBA-videsh = nahi ginega; physics-PhD = ginega.<br><br><b>Ref:</b> Rule 21(iii),CCS_Pension Rule_21 Scenario Application CCS_Pension::Rule_21 Priority::High,CCS_Pension_Rules_2021::02_Qualifying_Service_Rules_11_to_30,Cloze,HIGH,Rule 21(iii),CCS21-452c2c57
The leave-counting rule's Explanation: leave needs a{{c1::definite service-book entry}}; late entry allowed till{{c2::6 months before superannuation}}; default favours the{{c3::employee}}.,<b>Rule:</b> No entry → Government proves otherwise; silence benefits the servant.<br><br><b>Hinglish:</b> Entry pakki karo; der ho to retirement se 6 mahine pehle tak; shak ka fayda karmchari ko.<br><br><b>Ref:</b> Rule 21 Explanation; Rule 21,CCS_Pension Rule_21 Explanation Timeline CCS_Pension::Rule_21 Priority::High,CCS_Pension_Rules_2021::02_Qualifying_Service_Rules_11_to_30,Cloze,HIGH,Rule 21 Explanation,CCS21-16183086
The training/joining rule's sub-rule (1): pre-appointment departmental training counts for{{c1::Group C}}(on pay/stipend/nominal allowance); the training/joining rule's sub-rule (2): other cases need{{c2::Government order}}.,"<b>Rule:</b> Group C training auto-counts; everyone else needs an express Govt order.<br><br><b>Hinglish:</b> Group C ki training pakki; baakiyon ko Sarkari order chahiye.<br><br><b>Ref:</b> Rule 22(1), 22(2); Rule 22(1); Rule 22(2)",CCS_Pension Rule_22 Qualifying_Service CCS_Pension::Rule_22 Priority::High,CCS_Pension_Rules_2021::02_Qualifying_Service_Rules_11_to_30,Cloze,HIGH,"Rule 22(1), 22(2)",CCS21-a79408d7
"The training/joining rule's sub-rule (3):{{c1::joining-time gap}}counts; the training/joining rule's sub-rule (4): EXCESS joining time →{{c2::leave due, else HoD-sanctioned EOL}}— and THIS EOL counts (contrast the leave-counting rule).","<b>Rule:</b> The training/joining eol is a deemed-count exception to the leave-counting rule's strict EOL gate.<br><br><b>Hinglish:</b> Zyada joining-time = chhutti/EOL me badlo, aur ve gini jaayegi — leave-counting ka ulta.<br><br><b>Ref:</b> Rule 22(3), 22(4); Rule 22(3); Rule 22(4); Rule 21",CCS_Pension Rule_22 Comparison CCS_Pension::Rule_22 Priority::High,CCS_Pension_Rules_2021::02_Qualifying_Service_Rules_11_to_30,Cloze,HIGH,"Rule 22(3), 22(4)",CCS21-fab5a4e0
The suspension rule's sub-rule (1) suspension counts ONLY if TWO limbs meet:{{c1::fully exonerated OR only minor penalty}}AND{{c2::suspension wholly unjustified}}.,"<b>Rule:</b> BOTH needed — exoneration alone is insufficient if suspension was justified.<br><br><b>Hinglish:</b> Bari + suspension be-wajah — dono shart; ek se kaam nahi.<br><br><b>Trap:</b> AND, not OR, between the limbs.<br><br><b>Ref:</b> Rule 23(1)",CCS_Pension Rule_23 Qualifying_Service Exam_Trap CCS_Pension::Rule_23 Priority::Critical,CCS_Pension_Rules_2021::02_Qualifying_Service_Rules_11_to_30,Cloze,CRITICAL,Rule 23(1),CCS21-d072d8f0
The suspension rule's sub-rule (2): counting needs an{{c1::express declaration at the time}}; the suspension rule's sub-rule (3):{{c2::every case}}gets an order + definite service-book entry.,"<b>Rule:</b> No retrospective assumption — declare then, enter always.<br><br><b>Hinglish:</b> Usi waqt ghoshna, har case me entry — baad me maan nahi liya jaata.<br><br><b>Ref:</b> Rule 23(2), 23(3); Rule 23(2); Rule 23(3)",CCS_Pension Rule_23 Procedure CCS_Pension::Rule_23 Priority::High,CCS_Pension_Rules_2021::02_Qualifying_Service_Rules_11_to_30,Cloze,HIGH,"Rule 23(2), 23(3)",CCS21-5c22a67b
The forfeiture rule:{{c1::dismissal or removal}}forfeits past service —{{c2::compulsory retirement}}is NOT in the forfeiture rule.,"<b>Rule:</b> Dismissal/removal = forfeit (compassionate allowance may still rescue); compulsory retirement keeps pension under the compulsory-retirement rule.<br><br><b>Hinglish:</b> Barkhastagi = seva zabt; compulsory retirement = pension bachi (the compulsory-retirement rule).<br><br><b>Trap:</b> Compulsory retirement ≠ the forfeiture rule.<br><br><b>Ref:</b> Rule 24; Rules 40, 41; Rule 41; Rule 40",CCS_Pension Rule_24 Forfeiture Exam_Trap CCS_Pension::Rule_24 Priority::Critical,CCS_Pension_Rules_2021::02_Qualifying_Service_Rules_11_to_30,Cloze,CRITICAL,Rule 24,CCS21-c6b7ee47
The reinstatement rule's sub-rule (1): dismissal/removal/COMPULSORY RETIREMENT +{{c1::reinstatement on appeal/review}}→ past service{{c2::counts}}; the reinstatement rule's sub-rule (2): interruption itself{{c3::not counted}}unless{{c4::regularised by specific order}}.,"<b>Rule:</b> Reinstatement revives past service; the gap needs its own regularisation order.<br><br><b>Hinglish:</b> Bahali par purani service wapas; beech ka gap alag order se ginega.<br><br><b>Ref:</b> Rule 25(1), 25(2); Rule 25(1); Rule 25(2)",CCS_Pension Rule_25 Qualifying_Service CCS_Pension::Rule_25 Priority::High,CCS_Pension_Rules_2021::02_Qualifying_Service_Rules_11_to_30,Cloze,HIGH,"Rule 25(1), 25(2)",CCS21-faa39042
The resignation rule's sub-rule (1):{{c1::resignation}}forfeits past service; resignation exception:{{c2::proper permission + another Government appointment}}.,"<b>Rule:</b> Bare resignation kills QS; permission-route resignation to another Govt post preserves it (the resignation rule's sub-rule: order must say so + HoO service-book entry; the resignation rule's sub-rule: gap coverage; the resignation rule's sub-rule: condonation deemed).<br><br><b>Hinglish:</b> Isteefa = seva gayi; permission + Sarkari naukri = seva bachi.<br><br><b>Ref:</b> Rule 26(1)-26(4), 26(7); Rule 26(1); Rule 26(2); Rule 26(3); Rule 26(4); Rule 26(7)",CCS_Pension Rule_26 Forfeiture Exception CCS_Pension::Rule_26 Priority::High,CCS_Pension_Rules_2021::02_Qualifying_Service_Rules_11_to_30,Cloze,HIGH,"Rule 26(1), 26(2)",CCS21-612ae04c
The resignation rule's sub-rule (6): resignation to join a{{c1::private company / Government-controlled body}}does NOT get the resignation exception.,<b>Rule:</b> Private/corporate jumps forfeit QS even with permission — Govt-to-Govt only.<br><br><b>Hinglish:</b> Private company me gaye to seva gayi — Sarkar-se-Sarkar hi bachta hai.<br><br><b>Ref:</b> Rule 26(6); Rule 26(2),CCS_Pension Rule_26 Exception CCS_Pension::Rule_26 Priority::High,CCS_Pension_Rules_2021::02_Qualifying_Service_Rules_11_to_30,Cloze,HIGH,Rule 26(6),CCS21-15c53a34
The absence rule's sub-rule (2) retrospectivity: appointing authority may commute{{c1::absence without leave}}as{{c2::EOL}}afterwards.,<b>Rule:</b> Back-dated regularisation power — converts a forfeiture gap into countable EOL.<br><br><b>Hinglish:</b> Bina-chhutti gayab ko baad me EOL bana kar bachaya ja sakta hai.<br><br><b>Ref:</b> Rule 27(2),CCS_Pension Rule_27 Exception CCS_Pension::Rule_27 Priority::High,CCS_Pension_Rules_2021::02_Qualifying_Service_Rules_11_to_30,Cloze,HIGH,Rule 27(2),CCS21-a89507dc
The condonation rule's sub-rule (1): interruptions stand{{c1::automatically condoned}}if the service book has{{c2::no contrary indication}}(Defence/Railway estimates included).,"<b>Rule:</b> Silence = condonation; no application needed.<br><br><b>Hinglish:</b> Service Book chup = toota-link muaaf, arzi ki zaroorat nahi.<br><br><b>Ref:</b> Rule 28(1)",CCS_Pension Rule_28 Condonation CCS_Pension::Rule_28 Priority::High,CCS_Pension_Rules_2021::02_Qualifying_Service_Rules_11_to_30,Cloze,HIGH,Rule 28(1),CCS21-bb2b6141
"The condonation rule's sub-rule (2) bars condonation for 4 causes:{{c1::resignation, dismissal, removal, strike participation}}; the condonation rule's sub-rule (3): the{{c2::interruption period itself}}never counts.","<b>Rule:</b> Condonation bridges the LINK but never pays for the GAP.<br><br><b>Hinglish:</b> Muaafi jod to deti hai, par gap ki tankhvah-service nahi deti.<br><br><b>Ref:</b> Rule 28(2), 28(3); Rule 28(2); Rule 28(3)",CCS_Pension Rule_28 Condonation CCS_Pension::Rule_28 Priority::Critical,CCS_Pension_Rules_2021::02_Qualifying_Service_Rules_11_to_30,Cloze,CRITICAL,"Rule 28(2), 28(3)",CCS21-0301ba3c
"The condonation rule's sub-rule (4)(6): appointing authority's discretion — refusal ONLY in{{c1::exceptional/grave circumstances}}, with{{c2::representation + personal hearing}}.",<b>Rule:</b> Refusal is the rare exception and needs due process.<br><br><b>Hinglish:</b> Muaafi se inkaar sirf gambhir wajah + sunwai ke baad.<br><br><b>Ref:</b> Rule 28(4)-(6); Rule 28(4); Rule 6,CCS_Pension Rule_28 Procedure CCS_Pension::Rule_28 Priority::High,CCS_Pension_Rules_2021::02_Qualifying_Service_Rules_11_to_30,Cloze,HIGH,Rule 28(4)-(6),CCS21-9949675f
"The verification-timeline rule's sub-rule (1): QS verification at{{c1::18 years of service}}AND{{c2::5 years before superannuation}}, communicated in{{c3::Format 4}}after{{c4::HoO + Accounts Officer}}consultation.","<b>Rule:</b> Two clocks: 18-year service mark + 5-year pre-retirement sweep; the verification-timeline rule's sub-rule: also on transfer/closure/surplus events.<br><br><b>Hinglish:</b> 18 saal naukri + retirement se 5 saal pehle — Format 4 me hisaab pakka.<br><br><b>Ref:</b> Rule 30(1), 30(3); Rule 30(1); Rule 30(3)",CCS_Pension Rule_30 Timeline Format CCS_Pension::Rule_30 Priority::Critical,CCS_Pension_Rules_2021::02_Qualifying_Service_Rules_11_to_30,Cloze,CRITICAL,"Rule 30(1), 30(3)",CCS21-294addc5
The verification-timeline rule's sub-rule (4): verification is{{c1::FINAL except for rule changes}}; the verification-timeline rule's sub-rule (5):{{c2::31 January}}annual report to the{{c3::Secretary}}.,"<b>Rule:</b> Finality gives certainty; yearly 31-Jan compliance report up the chain.<br><br><b>Hinglish:</b> Ek baar pakka to pakka (niyam badle to alag); har 31 January Secretary ko report.<br><br><b>Ref:</b> Rule 30(4), 30(5); Rule 30(4); Rule 30(5)",CCS_Pension Rule_30 Timeline CCS_Pension::Rule_30 Priority::High,CCS_Pension_Rules_2021::02_Qualifying_Service_Rules_11_to_30,Cloze,HIGH,"Rule 30(4), 30(5)",CCS21-b70a43ca
The emoluments rule: emoluments ={{c1::basic pay per}}at{{c2::retirement/death}}; NPA counts for{{c3::medical officers}};{{c4::stagnation increment}}counts (Explanation).,"<b>Rule:</b> Timing is exit-date pay; NPA + stagnation increment are inclusions.<br><br><b>Hinglish:</b> Aakhri basic pay (+NPA doctor ka, stagnation sabka) = emoluments.<br><br><b>Ref:</b> Rule 31; FR 9(21)(a)(i)",CCS_Pension Rule_31 Emoluments CCS_Pension::Rule_31 Priority::Critical,CCS_Pension_Rules_2021::03_Emoluments_Classes_Rules_31_to_43,Cloze,CRITICAL,Rule 31,CCS21-3e772b52
The average-emoluments rule: average emoluments ={{c1::last 10 months}}average; the average-emoluments rule's sub-rule (2){{c2::ignores pay reduction}}; average-emoluments takes{{c3::actual increases}}as they fell due.,"<b>Rule:</b> Reductions forgiven, genuine increases honoured — average protects the servant.<br><br><b>Hinglish:</b> Vetana ghata to nazar-andaaz; badha to gin lo — 10 mahine ka average.<br><br><b>Ref:</b> Rule 32(1)-(3); Rule 32; Rule 32(2); Rule 32(3)",CCS_Pension Rule_32 Average_Emoluments CCS_Pension::Rule_32 Priority::High,CCS_Pension_Rules_2021::03_Emoluments_Classes_Rules_31_to_43,Cloze,HIGH,"Rule 32(1), 32(2), 32(3)",CCS21-5dbcee99
The average-emoluments rule's sub-rule (4):{{c1::EOL/suspension}}spells are EXCLUDED from the average; sub-rules (5)-(6):{{c2::notional increases}}are added back.,<b>Rule:</b> Zero-pay spells don't drag the average; due-but-delayed increments are notionally restored.<br><br><b>Hinglish:</b> Bina-tankhvah daur average se bahar; ruki increment notionally andar.<br><br><b>Ref:</b> Rule 32(4)-(6); Rule 32(4),CCS_Pension Rule_32 Average_Emoluments CCS_Pension::Rule_32 Priority::High,CCS_Pension_Rules_2021::03_Emoluments_Classes_Rules_31_to_43,Cloze,HIGH,"Rule 32(4), 32(5), 32(6)",CCS21-abad5c71
"Pension base picks{{c1::emoluments OR average emoluments, whichever is MORE BENEFICIAL}}(the average-emoluments rule read with the pension rule).",<b>Rule:</b> Compute both; servant gets the higher — worked in Examples 9/9A.<br><br><b>Hinglish:</b> Dono nikaal kar jo bada wahi pension ka base — karmchari ke haq me.<br><br><b>Ref:</b> Rule 32; Rule 44(1); Rule 44,CCS_Pension Rule_32 Rule_44 Pension_Calculation CCS_Pension::Rule_32 Priority::Critical,CCS_Pension_Rules_2021::03_Emoluments_Classes_Rules_31_to_43,Cloze,CRITICAL,Rule 32; Rule 44(1),CCS21-073f06c5
The superannuation rule:{{c1::superannuation pension}}(or service gratuity per the pension rule) vests on{{c2::age superannuation or extension expiry}}.,<b>Rule:</b> The default pension class — retire at prescribed age (or extended tenure end).<br><br><b>Hinglish:</b> Umar poori = superannuation pension; QS &lt;10 ho to service gratuity.<br><br><b>Ref:</b> Rule 33; Rule 44,CCS_Pension Rule_33 Classes_Of_Pension CCS_Pension::Rule_33 Priority::High,CCS_Pension_Rules_2021::03_Emoluments_Classes_Rules_31_to_43,Cloze,HIGH,Rule 33,CCS21-cb525894
"The retiring rule's sub-rule (1) retiring-pension triggers: first,{{c1::own volition (voluntary-retirement)}}; second,{{c2::surplus Special VRS (DoPT O.M. 28.02.2002)}}; third,{{c3::Government retires servant (premature-retirement)}}.","<b>Rule:</b> Three doors into retiring pension: self, surplus-VRS, Government.<br><br><b>Hinglish:</b> Khud, surplus-VRS, ya Sarkar nikaale — teeno me retiring pension.<br><br><b>Ref:</b> Rule 34(1)(a)-(c); Rule 34(1); Rule 43; FR 56; Rule 42",CCS_Pension Rule_34 Classes_Of_Pension CCS_Pension::Rule_34 Priority::High,CCS_Pension_Rules_2021::03_Emoluments_Classes_Rules_31_to_43,Cloze,HIGH,"Rule 34(1)(a), (b), (c)",CCS21-4b8b23b8
The retiring rule's sub-rule (2): permanent surplus servants get ex-gratia{{c1::IN ADDITION TO}}pension + gratuity.,"<b>Rule:</b> Ex-gratia is a top-up, not a substitute.<br><br><b>Hinglish:</b> Surplus walo ka ex-gratia pension/gratuity ke UPAR milta hai.<br><br><b>Trap:</b> In addition to — not instead of.<br><br><b>Ref:</b> Rule 34(2); Rule 44; Rule 45",CCS_Pension Rule_34 Exam_Trap CCS_Pension::Rule_34 Priority::High,CCS_Pension_Rules_2021::03_Emoluments_Classes_Rules_31_to_43,Cloze,HIGH,Rule 34(2),CCS21-e81a657d
The State-absorption rule's sub-rule (1): absorption in State/autonomous service ={{c1::deemed retirement}}(subject to its limiting clause); gratuity ceiling proviso uses{{c2::SAME pay as State retirement}}.,<b>Rule:</b> Deemed-retirement fiction; ceiling computed on State-retirement pay.<br><br><b>Hinglish:</b> Rajya me gaye = retired maane gaye; gratuity-seema wahin ke vetan par.<br><br><b>Ref:</b> Rule 35(1); Rule 35(6),CCS_Pension Rule_35 Absorption CCS_Pension::Rule_35 Priority::High,CCS_Pension_Rules_2021::03_Emoluments_Classes_Rules_31_to_43,Cloze,HIGH,Rule 35(1),CCS21-041916a1
"The State-absorption rule's sub-rule (2): absorption date = (i){{c1::immediate absorption date}}or (ii){{c2::prior deputation date}}; the State-absorption rule's sub-rule (3)(5):{{c3::Format 5}}relieving order, written joining extension, leave/EOL, resignation{{c4::one day before joining}}.","<b>Rule:</b> Date pegs + Format 5 paperwork + day-before resignation.<br><br><b>Hinglish:</b> Tareekh pakki, Format 5 me order, joining se ek din pehle isteefa.<br><br><b>Ref:</b> Rule 35(2)-(5); Rule 35(2); Rule 35(3); Rule 5",CCS_Pension Rule_35 Format CCS_Pension::Rule_35 Priority::High,CCS_Pension_Rules_2021::03_Emoluments_Classes_Rules_31_to_43,Cloze,HIGH,"Rule 35(2), 35(3), 35(4), 35(5)",CCS21-d0d08947
The corporate-absorption rule's sub-rule (1): absorption in{{c1::wholly/substantially owned/controlled Corporation/Company or controlled/financed Body}}(subject to its limiting clause); ceiling proviso uses{{c2::body-retirement pay}}.,<b>Rule:</b> PSU/body absorption twin of the State-absorption rule; ceiling follows body pay.<br><br><b>Hinglish:</b> PSU/body me gaye — gratuity-seema body ke vetan par.<br><br><b>Ref:</b> Rule 36(1); Rule 36(9); Rule 35,CCS_Pension Rule_36 Absorption PSU CCS_Pension::Rule_36 Priority::High,CCS_Pension_Rules_2021::03_Emoluments_Classes_Rules_31_to_43,Cloze,HIGH,Rule 36(1),CCS21-fac07ab7
Keyword contrast: The State-absorption rule's sub-rule (2)(ii) says '{{c1::deputation}}' but corporate-absorption says '{{c2::foreign service terms}}'.,"<b>Rule:</b> Same slot, different phrase — State route vs corporate route drafting.<br><br><b>Hinglish:</b> Rajya-36? Nahi — 35 me deputation, 36 me foreign-service-terms; shabd pakadna hai.<br><br><b>Trap:</b> Pure keyword trap.<br><br><b>Ref:</b> Rule 35(2)(ii); Rule 36(2)(ii); Rule 35(2); Rule 36(2)",CCS_Pension Rule_35 Rule_36 Exam_Trap CCS_Pension::Rule_35 Priority::Critical,CCS_Pension_Rules_2021::03_Emoluments_Classes_Rules_31_to_43,Cloze,CRITICAL,Rule 35(2)(ii); Rule 36(2)(ii),CCS21-a0246699
The corporate-absorption rule's sub-rule (3):{{c1::joint sector undertakings}}; the corporate-absorption rule's sub-rule (8):{{c2::no lien — all Government connections cease}}; corporate-absorption option (b):{{c3::lump-sum one-time payment (capitalised value + retirement gratuity)}}.,"<b>Rule:</b> Joint-sector coverage; clean break (no lien); or take capitalised lump sum instead of pro-rata pension.<br><br><b>Hinglish:</b> Joint sector andar; lien khatm; chaaho to ek-mushth paisa lo.<br><br><b>Ref:</b> Rule 36(3), 36(8), 36(10), 36(11); Rule 36(3); Rule 36(8); Rule 36(10); Rule 11",CCS_Pension Rule_36 Absorption PSU CCS_Pension::Rule_36 Priority::High,CCS_Pension_Rules_2021::03_Emoluments_Classes_Rules_31_to_43,Cloze,HIGH,"Rule 36(3), 36(8), 36(10), 36(11)",CCS21-179d3acf
"The PSU-absorption rule's sub-rule (1)(2): en-masse Govt→PSU transfer ={{c1::deemed deputation on foreign service terms}},{{c2::no deputation allowance}}, PSU{{c3::5-year rule}},{{c4::3-month option}}window.","<b>Rule:</b> Conversion machinery: deemed deputation, no extra allowance, 5-year PSU lock, 3-month option.<br><br><b>Hinglish:</b> Poora mehkaama PSU bana — deemed deputation, bhatta nahi, 3 mahine me vikalp.<br><br><b>Ref:</b> Rule 37(1), 37(2); Rule 37(1); Rule 2",CCS_Pension Rule_37 Absorption PSU Timeline CCS_Pension::Rule_37 Priority::High,CCS_Pension_Rules_2021::03_Emoluments_Classes_Rules_31_to_43,Cloze,HIGH,"Rule 37(1), 37(2)",CCS21-a095e392
"The PSU-absorption rule's sub-rule (4):{{c1::no option = permanent absorption}}; the PSU-absorption rule's sub-rule (5)(6):{{c2::absorption date}}fixed,{{c3::posts abolished}}; the PSU-absorption rule's sub-rule (7)(8):{{c4::2-year repatriation}}window.",<b>Rule:</b> Silence = absorbed; posts die in Government; 2 years to return.<br><br><b>Hinglish:</b> Chup rahe to PSU ke; post khatm; 2 saal me wapas aa sakte ho.<br><br><b>Ref:</b> Rule 37(4)-(8); Rule 37(4); Rule 37(5); Rule 6; Rule 37(7); Rule 8,CCS_Pension Rule_37 Absorption Timeline CCS_Pension::Rule_37 Priority::High,CCS_Pension_Rules_2021::03_Emoluments_Classes_Rules_31_to_43,Cloze,HIGH,"Rule 37(4), 37(5), 37(6), 37(7), 37(8)",CCS21-b6dec75c
The PSU-absorption rule's sub-rule (29)(c) as substituted by G.S.R. 340(E)/2025: PSU{{c1::dismissal/removal}}after absorption for subsequent misconduct{{c2::SHALL forfeit Government-service retirement benefits too}}.,"<b>Rule:</b> Triggered by SC order 09.01.2023 (Suraj Pratap Singh vs CMD BSNL, SLP 4817/2020); in force 22.05.2025.<br><br><b>Hinglish:</b> PSU se nikaale gaye to Sarkari pension bhi gayi — 2025 ka naya danda.<br><br><b>Ref:</b> Rule 37(29)(c); PIB 27.05.2025; Rule 37(29)",CCS_Pension Rule_37_29_c GSR_340_E_2025 Amendment Forfeiture CCS_Pension::Rule_37 Priority::Critical CCS_Pension::Rule_37_29_c,CCS_Pension_Rules_2021::03_Emoluments_Classes_Rules_31_to_43,Cloze,CRITICAL,Rule 37(29)(c) as substituted by G.S.R. 340(E),CCS21-4d8d3aee
The PSU-absorption rule's sub-rule (29)(c):{{c1::retrenchment}}is NOT a forfeiture trigger — but dismissal/removal/retrenchment decisions ARE is NOT a forfeiture trigger — but dismissal/removal/retrenchment decisions ARE subject to{{c2::review by the administratively-concerned Ministry}}.,<b>Rule:</b> Retrenchment ≠ dismissal/removal; PSU's call is reviewable by the Ministry.<br><br><b>Hinglish:</b> Retrenchment par zabti nahi — par Ministry PSU ke faisle ko palat sakta hai.<br><br><b>Trap:</b> Retrenchment vs dismissal/removal.<br><br><b>Ref:</b> Rule 37(29)(c); Rule 37(29),CCS_Pension Rule_37_29_c Exam_Trap CCS_Pension::Rule_37 Priority::Critical CCS_Pension::Rule_37_29_c,CCS_Pension_Rules_2021::03_Emoluments_Classes_Rules_31_to_43,Cloze,CRITICAL,Rule 37(29)(c),CCS21-3c6d9001
The PSU-absorption rule's 2025 Explanation applies {{c1::the conduct and proceedings rules read with the compassionate-allowance rule and the pension rule's sub-rule (5)(a)&(b)}} {{c2::analogously}} — linking which two amendments?,"<b>Rule:</b> Links 2025 (G.S.R. 340(E)) with 2022 (G.S.R. 770(E) rewritten the proceedings rule) — the NEW 3-authority proceedings rides into PSU cases.<br><br><b>Hinglish:</b> 2025 wala Explanation 2022 wale naye proceedings ko PSU me ghaseet laata hai.<br><br><b>Ref:</b> Rule 37 Explanation (2025); Rule 37; Rule 44(5)(a), (b); Rules 7, 8; Rule 41; G.S.R. 340(E); G.S.R. 770(E)",CCS_Pension Rule_37_29_c GSR_340_E_2025 GSR_770_E_2022 Synthesis CCS_Pension::Rule_37 Priority::Critical CCS_Pension::Rule_37_29_c,CCS_Pension_Rules_2021::03_Emoluments_Classes_Rules_31_to_43,Cloze,CRITICAL,Rule 37 Explanation added by G.S.R. 340(E),CCS21-9cea8913
"The AB-transfer rule: en-masse transfer to{{c1::autonomous body}}mirrors its PSU-absorption counterpart (deemed deputation, foreign terms, no allowance) — but 'no option = absorption' sits INSIDE{{c2::sub-rule (3)}}(numbering trap vs the PSU-absorption rule's separate (4)).","<b>Rule:</b> Same engine, different numbering — the AB-transfer rule's sub-rule vs the PSU-absorption rule's sub-rule.<br><br><b>Hinglish:</b> the AB-transfer rule = PSU-absorption ka judvaan, par numbering alag vs ka jaal.<br><br><b>Trap:</b> Numbering trap.<br><br><b>Ref:</b> Rule 38(3); Rule 37(4); Rule 38; Rule 37; Rule 38(4)",CCS_Pension Rule_38 Absorption Exam_Trap CCS_Pension::Rule_38 Priority::High,CCS_Pension_Rules_2021::03_Emoluments_Classes_Rules_31_to_43,Cloze,HIGH,Rule 38(3),CCS21-ec61ddf0
"The AB-transfer rule's sub-rule (10):{{c1::temporary employees IN, casual labourers OUT}}; AB-transfer explanation: pension{{c2::as if Central servant retiring same day}}; the AB-transfer rule's sub-rule (15): DR on{{c3::Central DA pattern}}(contrast the PSU-absorption rule's sub-rule (16)).","<b>Rule:</b> Coverage fence + same-day fiction + Central-pattern DR.<br><br><b>Hinglish:</b> Temporary andar, casual bahar; pension usi-din-retire jaisi; DR Kendra-pattern par.<br><br><b>Ref:</b> Rule 38(10), 38(14), 38(15); Rule 38(10); Rule 38(14); Rule 38(15); Rule 37(16)",CCS_Pension Rule_38 Absorption Dearness_Relief CCS_Pension::Rule_38 Priority::High,CCS_Pension_Rules_2021::03_Emoluments_Classes_Rules_31_to_43,Cloze,HIGH,"Rule 38(10), 38(14), 38(15)",CCS21-307ed0ec
"The AB-transfer rule's sub-rule (16)(17):{{c1::Pension Fund trust, Chairperson = Secretary}}; the AB-transfer rule's sub-rule (19)(21): lump-sum one-time{{c2::capitalised value per 1981 Table}}; the AB-transfer rule's sub-rule (23)(25):{{c3::body contributes, Government covers shortfall, pre-conversion pensioners stay on Government}}.","<b>Rule:</b> Trust + capitalisation + money-backstop chain.<br><br><b>Hinglish:</b> Secretary wala Trust, 1981 Table se ek-mushth, kami Sarkar bharegi.<br><br><b>Ref:</b> Rule 38(16)-(25); Rule 38(16); Rule 17; Rule 38(19); Rule 21; Rule 38(23); Rule 25",CCS_Pension Rule_38 Absorption CCS_Pension::Rule_38 Priority::High,CCS_Pension_Rules_2021::03_Emoluments_Classes_Rules_31_to_43,Cloze,HIGH,"Rule 38(16), 38(17), 38(19)-(21), 38(23)-(25)",CCS21-7060e083
"The invalid-pension rule's sub-rule (1): disability retirement is governed by{{c1::RPwD Act 2016 s.20}}, with disability certificate under{{c2::RPwD Rules 2017}}(proviso).","<b>Rule:</b> Statute-first: the 2016 Act leads, Rules follow.<br><br><b>Hinglish:</b> Divyangta me 2016 kanoon sabse upar; certificate 2017 Rules se.<br><br><b>Ref:</b> Rule 39(1)",CCS_Pension Rule_39 Invalid_Pension CCS_Pension::Rule_39 Priority::High,CCS_Pension_Rules_2021::03_Emoluments_Classes_Rules_31_to_43,Cloze,HIGH,Rule 39(1),CCS21-96eb9053
The invalid-pension rule's sub-rule (2):{{c1::bodily/mental infirmity permanently incapacitating}}; application to{{c2::HoD}}; first proviso signing order{{c3::self → spouse → family member}}; second proviso: advise{{c4::continuing in same pay scale}}if possible.,<b>Rule:</b> Infirmity test + application ladder + retention advice.<br><br><b>Hinglish:</b> Sthayi apangta; arzi HoD ko (khud→patni→parivaar); ho sake to usi vetan par rakho.<br><br><b>Ref:</b> Rule 39(2),CCS_Pension Rule_39 Invalid_Pension CCS_Pension::Rule_39 Priority::High,CCS_Pension_Rules_2021::03_Emoluments_Classes_Rules_31_to_43,Cloze,HIGH,Rule 39(2),CCS21-c04d81e3
"The invalid-pension rule's sub-rule (9): even with QS &lt; 10 years, invalid pension ={{c1::50% of emoluments/average (whichever more beneficial)}}— — subject to{{c2::pre/post-appointment fit-declaration}}conditions.",<b>Rule:</b> The 10-year waiver that the pension rule's sub-rule 's proviso cross-links.<br><br><b>Hinglish:</b> 10 saal na bhi ho to aadhi pension — fit-declaration sharton ke saath.<br><br><b>Ref:</b> Rule 39(9); Rule 44(1) proviso; Rule 44(1); Rule 39(1),CCS_Pension Rule_39 Invalid_Pension CCS_Pension::Rule_39 Priority::Critical,CCS_Pension_Rules_2021::03_Emoluments_Classes_Rules_31_to_43,Cloze,CRITICAL,Rule 39(9),CCS21-f3d521d0
The compulsory-retirement rule's sub-rule (1): compulsory-retirement pension ranges from{{c1::two-thirds to full}}superannuation pension/gratuity.,"<b>Rule:</b> Penalty-band: floor 2/3, ceiling full.<br><br><b>Hinglish:</b> Compulsory retirement me 2/3 se poori tak — dand ka paimana.<br><br><b>Ref:</b> Rule 40(1)",CCS_Pension Rule_40 Compulsory_Retirement Threshold CCS_Pension::Rule_40 Priority::Critical,CCS_Pension_Rules_2021::03_Emoluments_Classes_Rules_31_to_43,Cloze,CRITICAL,Rule 40(1),CCS21-9ea4102e
The compulsory-retirement rule's sub-rule (2): less-than-full needs{{c1::President + UPSC consultation}}; Explanation: 'pension' here INCLUDES{{c2::retirement gratuity}}.,<b>Rule:</b> Cut below full = highest approval + UPSC; gratuity rides with pension.<br><br><b>Hinglish:</b> Poori se kam deni ho to Rashtrapati+UPSC; gratuity bhi isi me.<br><br><b>Ref:</b> Rule 40(2),CCS_Pension Rule_40 Explanation CCS_Pension::Rule_40 Priority::High,CCS_Pension_Rules_2021::03_Emoluments_Classes_Rules_31_to_43,Cloze,HIGH,Rule 40(2),CCS21-685aa3c8
The compulsory-retirement rule's sub-rule (3): quantum order timing +{{c1::2/3 provisional pension immediately}}; the compulsory-retirement rule's sub-rule (4): FINAL order in{{c2::3 months}}; the compulsory-retirement rule's sub-rule (5): floor ={{c3::minimum}}.,"<b>Rule:</b> Immediate 2/3 lifeline; 3-month finality; Rs 9,000 floor.<br><br><b>Hinglish:</b> Turant 2/3 do, 3 mahine me pakka karo, 9,000 se kam nahi.<br><br><b>Ref:</b> Rule 40(3), 40(4), 40(5); Rule 40(3); Rule 40(4); Rule 40(5); Rule 44",CCS_Pension Rule_40 Timeline Floor CCS_Pension::Rule_40 Priority::Critical,CCS_Pension_Rules_2021::03_Emoluments_Classes_Rules_31_to_43,Cloze,CRITICAL,"Rule 40(3), 40(4), 40(5)",CCS21-271e7727
"The compassionate-allowance rule's sub-rule (1): dismissal/removal FORFEITS pension, but proviso allows{{c1::compassionate allowance up to 2/3}}on{{c2::special consideration by authority}}.",<b>Rule:</b> Forfeiture is default; compassion (≤2/3) is discretion.<br><br><b>Hinglish:</b> Barkhastagi = pension gayi; daya me 2/3 tak mil sakta hai.<br><br><b>Ref:</b> Rule 41(1),CCS_Pension Rule_41 Compassionate_Allowance Threshold CCS_Pension::Rule_41 Priority::Critical,CCS_Pension_Rules_2021::03_Emoluments_Classes_Rules_31_to_43,Cloze,CRITICAL,Rule 41(1),CCS21-911f642d
"The compassionate-allowance rule's sub-rule (2):{{c1::suo motu or on representation}}, decided in{{c2::3 months}}; compassionate-allowance merits:{{c3::actual misconduct + nature of service + exceptional circumstances (dependent family)}}.","<b>Rule:</b> Authority can act alone or on plea; 3-month clock; 3-factor merits test.<br><br><b>Hinglish:</b> Khud ya arzi par, 3 mahine me; apradh + naukri + parivaar ki haalat dekho.<br><br><b>Ref:</b> Rule 41(2), 41(3); Rule 41(2); Rule 41(3)",CCS_Pension Rule_41 Timeline CCS_Pension::Rule_41 Priority::High,CCS_Pension_Rules_2021::03_Emoluments_Classes_Rules_31_to_43,Cloze,HIGH,"Rule 41(2), 41(3)",CCS21-8d403d70
"The compassionate-allowance rule's sub-rule (4)(5): pre-commencement cases had a{{c1::6-month deadline}}— after that,{{c2::NO compassionate allowance}}; the compassionate-allowance rule's sub-rule (6): floor ={{c3::minimum}}.","<b>Rule:</b> Dead window for old cases; floor Rs 9,000 for allowed ones.<br><br><b>Hinglish:</b> Purane cases ke 6 mahine gaye to daya bhi gayi; mile to 9,000 se kam nahi.<br><br><b>Ref:</b> Rule 41(4), 41(5), 41(6); Rule 41(4); Rule 5; Rule 41(6); Rule 44",CCS_Pension Rule_41 Timeline Floor CCS_Pension::Rule_41 Priority::High,CCS_Pension_Rules_2021::03_Emoluments_Classes_Rules_31_to_43,Cloze,HIGH,"Rule 41(4), 41(5), 41(6)",CCS21-ef4eed7c
Compulsory Retirement vs Compassionate Allowance: compulsory retirement gives{{c1::2/3 to FULL}}(a right in a band) while dismissal/removal gives{{c2::ZERO with up-to-2/3 compassion}}(pure discretion).,<b>Rule:</b> the compulsory-retirement rule = entitlement band; the compassionate-allowance rule = forfeiture + mercy cap. Both bottom out at minimum when granted.<br><br><b>Hinglish:</b> Compulsory me haq (2/3-poori); barkhastagi me bheekh (0-2/3).<br><br><b>Trap:</b> 2/3 vs full framing.<br><br><b>Ref:</b> Rule 40; Rule 41; Rule 44,CCS_Pension Rule_40 Rule_41 Comparison CCS_Pension::Rule_40 Priority::Critical,CCS_Pension_Rules_2021::03_Emoluments_Classes_Rules_31_to_43,Cloze,CRITICAL,Rule 40; Rule 41,CCS21-d9bc7ce9
"The premature-retirement rule's sub-rule (1): after{{c1::30 years QS}}, appointing authority{{c2::MAY require}}retirement in{{c3::public interest}}→{{c4::retiring pension per}}.","<b>Rule:</b> Government's weapon: 30-year gate, discretionary, public-interest ground.<br><br><b>Hinglish:</b> 30 saal ke baad Sarkar jan-hit me retire kara sakti hai — pension pension se.<br><br><b>Ref:</b> Rule 42(1); Rule 44",CCS_Pension Rule_42 Premature_Retirement Threshold CCS_Pension::Rule_42 Priority::Critical,CCS_Pension_Rules_2021::03_Emoluments_Classes_Rules_31_to_43,Cloze,CRITICAL,Rule 42(1),CCS21-88e2ce43
The premature-retirement rule's sub-rule (2): notice{{c1::3 months or 3 months' pay}}— and 'may' makes it{{c2::DISCRETIONARY}}; the premature-retirement rule's sub-rule (3):{{c3::DoPT procedure}}; Explanation: competent authority ={{c4::appointing authority}}.,"<b>Rule:</b> Notice/pay is optional ('may'); the FR procedure procedure via DoPT; authority = appointing authority.<br><br><b>Hinglish:</b> Notice/vetan dena marzi; tareeka the FR procedure wala; adhikar niyukti-adhikari ka.<br><br><b>Trap:</b> 'may' = discretionary.<br><br><b>Ref:</b> Rules 42(2), 42(3); Rule 42(2); Rule 42(3); FR 56",CCS_Pension Rule_42 Timeline CCS_Pension::Rule_42 Priority::High,CCS_Pension_Rules_2021::03_Emoluments_Classes_Rules_31_to_43,Cloze,HIGH,"Rule 42(2), 42(3)",CCS21-51f498a4
"The voluntary-retirement rule's sub-rule (1): after{{c1::20 years QS}}, servant{{c2::MAY retire}}on{{c3::3-month written notice}}to appointing authority →{{c4::retiring pension per}}.","<b>Rule:</b> Servant's right: 20-year gate, mandatory 3-month written notice.<br><br><b>Hinglish:</b> 20 saal ke baad karmchari khud 3-mahine ke notice par retire — pension pension se.<br><br><b>Ref:</b> Rule 43(1); Rule 44",CCS_Pension Rule_43 Voluntary_Retirement Threshold Timeline CCS_Pension::Rule_43 Priority::Critical,CCS_Pension_Rules_2021::03_Emoluments_Classes_Rules_31_to_43,Cloze,CRITICAL,Rule 43(1),CCS21-45a8007b
"The voluntary-retirement rule's 's 4 provisos: first,{{c1::QS certificate BEFORE notice, appropriate administrative authority, 15-day deadline}}; second,{{c2::must satisfy 20 years completed}}; third,{{c3::ITEC/foreign posting exempt till 1 year after return}}; fourth,{{c4::NO pension clause rounding for the 20 years}}.","<b>Rule:</b> Certificate-gate + completion-gate + ITEC-grace + no-rounding rule.<br><br><b>Hinglish:</b> Pehle certificate (15 din), 20 saal pakke, videsh walo ko 1 saal, rounding BILKUL nahi.<br><br><b>Trap:</b> Fourth proviso (no rounding) is the classic trap.<br><br><b>Ref:</b> Rule 43 provisos 1-4; Rule 43; Rule 44(7)",CCS_Pension Rule_43 Proviso Exam_Trap CCS_Pension::Rule_43 Priority::Critical,CCS_Pension_Rules_2021::03_Emoluments_Classes_Rules_31_to_43,Cloze,CRITICAL,Rule 43(1) First to Fourth Provisos,CCS21-346065d0
The voluntary-retirement rule's sub-rule (2): no refusal before expiry → retirement{{c1::AUTOMATICALLY effective}}; the voluntary-retirement rule's sub-rule (3):{{c2::withholding for suspension/charge sheet/judicial proceedings}}needs{{c3::President's approval}}.,"<b>Rule:</b> Silence = approval; but tainted cases can be held only with President's nod.<br><br><b>Hinglish:</b> Mana nahi kiya to retirement pakki; daag ho to rokne ke liye Rashtrapati ki haan.<br><br><b>Ref:</b> Rule 43(2), 43(3); Rule 43(2); Rule 43(3)",CCS_Pension Rule_43 Procedure CCS_Pension::Rule_43 Priority::High,CCS_Pension_Rules_2021::03_Emoluments_Classes_Rules_31_to_43,Cloze,HIGH,"Rule 43(2), 43(3)",CCS21-60494ecd
"The voluntary-retirement rule's sub-rule (4): short (&lt;3-month) notice curtails{{c1::commutation}}; the voluntary-retirement rule's sub-rule (6): withdrawal ONLY with{{c2::specific approval}}, sought{{c3::15 days before}}intended date; the voluntary-retirement rule's sub-rule (7):{{c4::Special VRS / autonomous / PSU cases excluded}}.","<b>Rule:</b> Short notice costs commutation; withdrawal is permission-gated (15-day); special schemes stay out.<br><br><b>Hinglish:</b> Chhota notice = commutation khatre me; wapsi permission se (15 din pehle); special schemes bahar.<br><br><b>Ref:</b> Rule 43(4), 43(6), 43(7); Rule 43(4); Rule 43(6); Rule 43(7)",CCS_Pension Rule_43 Timeline CCS_Pension::Rule_43 Priority::High,CCS_Pension_Rules_2021::03_Emoluments_Classes_Rules_31_to_43,Cloze,HIGH,"Rule 43(4), 43(6), 43(7)",CCS21-cfe9a0c6
Master comparison: Premature Retirement vs Voluntary Retirement,"<b>Rule:</b> Premature Retirement rule: AUTHORITY initiates, 30y, public interest, notice discretionary (may), rounding irrelevant; the voluntary-retirement rule: SERVANT initiates, 20y, no ground needed (right), 3-month notice MANDATORY, NO pension clause rounding. Both → pension retiring pension.<br><br><b>Hinglish:</b> 42 = Sarkar ki taakat (30, jan-hit); 43 = karmchari ka haq (20, notice, no-rounding). Pension dono me the pension rule.<br><br><b>Ref:</b> Rules 42, 43; Rule 42; Rules 43; Rule 44; Rule 43",CCS_Pension Rule_42 Rule_43 Comparison CCS_Pension::Rule_42 Priority::Critical,CCS_Pension_Rules_2021::03_Emoluments_Classes_Rules_31_to_43,Basic,CRITICAL,Rule 42; Rule 43,CCS21-9ad10d33
"The pension rule's sub-rule (1): QS ≥{{c1::10 years}}(under superannuation) → pension ={{c2::50% of emoluments/average, whichever MORE beneficial}}, floor{{c3::Rs 9,000}}, ceiling{{c4::Rs 1,25,000}}.","<b>Rule:</b> 7 pension classes feed the pension rule; proviso waives 10y for invalid pension cases (with invalid-pension conditions).<br><br><b>Hinglish:</b> 10 saal + aadhi tankhvah (jo badi) — 9,000 se kam nahi, 1,25,000 se zyada nahi.<br><br><b>Ref:</b> Rule 44(1); Rule 33; Rule 39; Rule 39(9); Rule 44",CCS_Pension Rule_44 Pension_Calculation Threshold Floor Ceiling CCS_Pension::Rule_44 Priority::Critical,CCS_Pension_Rules_2021::04_Pension_Gratuity_Rules_44_to_49,Cloze,CRITICAL,Rule 44(1),CCS21-5d66e164
"The pension rule's sub-rule (2)(3): QS &lt; 10 years →{{c1::service gratuity}}={{c2::half-month emoluments per completed 6-monthly period}},{{c3::no min/max}},{{c4::one-time}}payment.","<b>Rule:</b> Service gratuity is the sub-10-year substitute for pension — paid once, uncapped.<br><br><b>Hinglish:</b> 10 se kam seva = ek-mushth service gratuity (aadha-mahina × chhamahi); koi seema nahi.<br><br><b>Ref:</b> Rule 44(2), 44(3); Rule 44(2); Rule 3",CCS_Pension Rule_44 Gratuity CCS_Pension::Rule_44 Priority::High,CCS_Pension_Rules_2021::04_Pension_Gratuity_Rules_44_to_49,Cloze,HIGH,"Rule 44(2), 44(3)",CCS21-bf54fef5
"The pension rule's sub-rule (6) additional pension slabs (on BASIC pension, by RETIRED person's age, from 1st of month): 80–85{{c1::20%}}, 85–90{{c2::30%}}, 90–95{{c3::40%}}, 95–100{{c4::50%}}, 100+{{c5::100%}}— NOTE: no{{c6::60%}}slab.",<b>Rule:</b> 5 slabs: 20/30/40/50/100; base = basic pension (not +DR); trigger = pensioner's own age.<br><br><b>Hinglish:</b> 80 ke baad 20-30-40-50-100; basic pension par; 60% naam ki seedhi NAHI.<br><br><b>Trap:</b> No 60% slab.<br><br><b>Ref:</b> Rule 44(6),CCS_Pension Rule_44 Additional_Pension Threshold Mnemonic CCS_Pension::Rule_44 Priority::Critical,CCS_Pension_Rules_2021::04_Pension_Gratuity_Rules_44_to_49,Cloze,CRITICAL,Rule 44(6),CCS21-86bf4987
The pension rule's sub-rule (7): service fraction ≥{{c1::3 months}}counts as a{{c2::completed 6-monthly period}}; pension near-miss:{{c3::9y 9m+ = 10 years}}(pension gate).,"<b>Rule:</b> Rounding builds 6-monthly blocks; 9y9m fiction opens the pension door (gratuity's twin: 4y9m = 5y under the gratuity rule).<br><br><b>Hinglish:</b> 3 mahine = aadha saal; 9y9m matlab 10 saal — pension mil gayi.<br><br><b>Ref:</b> Rule 44(7), 44(8); Rule 44(7); Rule 44(8); Rule 45",CCS_Pension Rule_44 Near_Miss Threshold CCS_Pension::Rule_44 Priority::Critical,CCS_Pension_Rules_2021::04_Pension_Gratuity_Rules_44_to_49,Cloze,CRITICAL,"Rule 44(7), 44(8)",CCS21-9f60b771
"The pension rule's sub-rule (9): each amount rounded to{{c1::whole rupees, next higher}}, computed{{c2::separately for each amount}}; the pension rule's sub-rule (10):{{c3::broken-period}}rounding follows the same next-higher logic.","<b>Rule:</b> Round each pension/gratuity head independently upward — never pool then round.<br><br><b>Hinglish:</b> Har rakam alag se upar ki taraf gol; jod kar gol mat karo.<br><br><b>Ref:</b> Rule 44(9), 44(10); Rule 44(9); Rule 44(10)",CCS_Pension Rule_44 Procedure CCS_Pension::Rule_44 Priority::High,CCS_Pension_Rules_2021::04_Pension_Gratuity_Rules_44_to_49,Cloze,HIGH,"Rule 44(9), 44(10)",CCS21-84737b46
"QS 9y10m, emoluments Rs 60,000: pension or service gratuity, and how much?","<b>Rule:</b> 9y10m &gt; 9y9m → pension deems 10y → PENSION case: 50% × 60,000 = Rs 30,000/month (in 9,000–1,25,000 band) + separate retirement gratuity under the gratuity rule's sub-rule.<br><br><b>Hinglish:</b> Ek mahine ne gratuity ko pension bana diya — 30,000/month.<br><br><b>Ref:</b> Rule 44(1), 44(8); Example 2; Rule 44(8); Rule 45(1)(a); Rule 44(1); Rule 44(a)",CCS_Pension Rule_44 Near_Miss Scenario Worked_Example CCS_Pension::Rule_44 Priority::Critical,CCS_Pension_Rules_2021::04_Pension_Gratuity_Rules_44_to_49,Basic,CRITICAL,"Rule 44(1), 44(8); Worked Example 2",CCS21-1359aff6
"The gratuity rule's sub-rule (1)(a): retirement gratuity needs{{c1::5-year QS AND pension/service-gratuity eligibility}}; formula{{c2::one-fourth emoluments × completed 6-monthly periods}}, capped at{{c3::16.5 × emoluments}}+ overall{{c4::Rs 25 lakh operative}}ceiling.","<b>Rule:</b> Dual gate (5y + pension-eligible); ¼-rate; 16.5× emoluments cap; then Rs 25L overall cap (rule text Rs 20L).<br><br><b>Hinglish:</b> 5 saal + pension-wala; chauthai × chhamahi; 16.5 guna, phir 25 lakh.<br><br><b>Ref:</b> Rule 45(1)",CCS_Pension Rule_45 Gratuity Threshold Ceiling CCS_Pension::Rule_45 Priority::Critical,CCS_Pension_Rules_2021::04_Pension_Gratuity_Rules_44_to_49,Cloze,CRITICAL,Rule 45(1)(a),CCS21-f6272a1d
"The gratuity rule's sub-rule (1)(b) death gratuity slabs: &lt;1y{{c1::2× emoluments}}; 1–5y{{c2::6×}}; 5–11y{{c3::12×}}; 11–20y{{c4::20×}}; 20y+{{c5::half-month × each 6-monthly, max 33×}}.",<b>Rule:</b> 5 slabs: gratuity/gratuity/gratuity/military-counting/superannuation — the 20y+ slab uses half-month rate (like service gratuity) with 33× cap.<br><br><b>Hinglish:</b> 2-6-12-20-33 — maut-gratuity ki seedhi; aakhri me aadha-mahina wala formula.<br><br><b>Mnemonic:</b> 'Do-Che-Barah-Bees-T33tees'.<br><br><b>Ref:</b> Rule 45(1)(b); Rule 45(1); Rule 45; Rule 20; Rule 33,CCS_Pension Rule_45 Death_Gratuity Threshold Mnemonic CCS_Pension::Rule_45 Priority::Critical,CCS_Pension_Rules_2021::04_Pension_Gratuity_Rules_44_to_49,Cloze,CRITICAL,Rule 45(1)(b),CCS21-9b459030
Death gratuity: QS 7y →{{c1::12×}}; QS 12y →{{c2::20×}}; QS 25y (50 six-monthly) →{{c3::half-month × 50 = 25×}}(within 33× cap).,<b>Rule:</b> Slab-pick by QS band; 20y+ uses arithmetic (½ × N six-monthly) capped at 33×.<br><br><b>Hinglish:</b> 7 saal = 12 guna; 12 saal = 20 guna; 25 saal = 25 guna (33 ke andar).<br><br><b>Ref:</b> Rule 45(1)(b); Example 4,CCS_Pension Rule_45 Death_Gratuity Application CCS_Pension::Rule_45 Priority::Critical,CCS_Pension_Rules_2021::04_Pension_Gratuity_Rules_44_to_49,Cloze,CRITICAL,Rule 45(1)(b),CCS21-d3c4b743
"Gratuity ceiling: CURRENT{{c1::Rs 25 lakh w.e.f. 01.01.2024 (OM 30.05.2024)}}; rule text{{c2::Rs 20 lakh}}— applies to BOTH retirement AND death gratuity, AFTER the multiple.","<b>Rule:</b> 7th CPC +25% on DA hitting 50%; applies to CCS (Pension) 2021 + CCS (Gratuity under NPS) 2021 civil staff only (Oct-2025 clarification). ⚠️ VOLATILE — re-check OM.<br><br><b>Hinglish:</b> Rule me 20, lagu 25 (01.01.2024 se); guna ke BAAD kaato; civilians ko hi.<br><br><b>Last verified:</b> 2026-09-20<br><br><b>Ref:</b> Rule 45(1) proviso; OM 30.05.2024",CCS_Pension Rule_45 Ceiling Threshold Gratuity CCS_Pension::Rule_45 Priority::Critical,CCS_Pension_Rules_2021::04_Pension_Gratuity_Rules_44_to_49,Cloze,CRITICAL,Rule 45(1) First Proviso; DoPPW OM dt. 30.05.2024,CCS21-4ea26d0a
The gratuity rule's sub-rule (2): death by{{c1::suicide}}is COVERED for death gratuity. the gratuity rule's sub-rule (3):{{c2::residuary gratuity}}pays if death occurs{{c3::within 5 years of retirement}}— deficiency vs{{c4::12× emoluments}}.,"<b>Rule:</b> Suicide ≠ disqualification; residuary tops up (pension+gratuity drawn) to 12× emoluments.<br><br><b>Hinglish:</b> Khudkushi par bhi death gratuity; retirement ke 5 saal me maut to 12-guna top-up.<br><br><b>Ref:</b> Rule 45(2), 45(3); Rule 45(2); Rule 45(3)",CCS_Pension Rule_45 Death_Gratuity Residuary_Gratuity CCS_Pension::Rule_45 Priority::High,CCS_Pension_Rules_2021::04_Pension_Gratuity_Rules_44_to_49,Cloze,HIGH,"Rule 45(2), 45(3)",CCS21-77080037
The gratuity rule's sub-rule (4)(5): same{{c1::3-month}}rounding; near-miss{{c2::4y 9m = 5 years}}(gratuity gate). Contrast with the pension rule's sub-rule (8).,"<b>Rule:</b> 4y9m opens GRATUITY; 9y9m opens PENSION — the twin near-miss trap.<br><br><b>Hinglish:</b> 4y9m = gratuity, 9y9m = pension — judvaan jaal.<br><br><b>Trap:</b> 4y9m vs 9y9m.<br><br><b>Ref:</b> Rule 45(4), 45(5); Rule 44(8); Rule 45(4); Rule 5; Rule 45; Rule 44",CCS_Pension Rule_45 Near_Miss Exam_Trap CCS_Pension::Rule_45 Priority::Critical,CCS_Pension_Rules_2021::04_Pension_Gratuity_Rules_44_to_49,Cloze,CRITICAL,"Rule 45(4), 45(5)",CCS21-c32bf8f3
The gratuity rule's sub-rule (6): gratuity emoluments ={{c1::emoluments pay}}(average if pay reduced) +{{c2::DA as on death/retirement date}}.,<b>Rule:</b> DA joins ONLY gratuity math (and DR-style updates); pension math stays DA-free.<br><br><b>Hinglish:</b> Gratuity me DA judta hai (us din ka); pension me nahi.<br><br><b>Ref:</b> Rule 45(6); Rule 31,CCS_Pension Rule_45 Emoluments CCS_Pension::Rule_45 Priority::High,CCS_Pension_Rules_2021::04_Pension_Gratuity_Rules_44_to_49,Cloze,HIGH,Rule 45(6),CCS21-bd9cc7b1
"Pension + retirement gratuity are{{c1::ADDITION, not alternative}}(QS ≥ 10y); service gratuity is the{{c2::sub-10-year SUBSTITUTE}}for pension.","<b>Rule:</b> 10y+ gets BOTH pension AND gratuity; &lt;10y gets ONLY pension service gratuity.<br><br><b>Hinglish:</b> 10+ par dono; 10 se kam par sirf service gratuity.<br><br><b>Trap:</b> Addition vs alternative.<br><br><b>Ref:</b> Rules 44, 45; Rule 44; Rule 45(1)(a); Rule 44(2)(3)-(3)",CCS_Pension Rule_44 Rule_45 Comparison CCS_Pension::Rule_44 Priority::Critical,CCS_Pension_Rules_2021::04_Pension_Gratuity_Rules_44_to_49,Cloze,CRITICAL,Rule 44; Rule 45,CCS21-11f941e2
The gratuity-nomination rule's sub-rule (1): gratuity nomination in{{c1::Form 3}}at{{c2::initial appointment}}; the gratuity-nomination rule's sub-rule (10): effective from{{c3::receipt by HoO}}.,"<b>Rule:</b> Nominate early in Form 3; power starts when HoO receives it.<br><br><b>Hinglish:</b> Shuruaat me Form 3; HoO ko mile tab se lagu.<br><br><b>Ref:</b> Rule 46(1), 46(10); Rule 46(1); Rule 46(10)",CCS_Pension Rule_46 Nomination Form Timeline CCS_Pension::Rule_46 Priority::High,CCS_Pension_Rules_2021::04_Pension_Gratuity_Rules_44_to_49,Cloze,HIGH,"Rule 46(1), 46(10)",CCS21-bedd9796
The gratuity-nomination rule's sub-rule (2): WITH family → nomination of family is{{c1::'shall' (mandatory)}}; WITHOUT family → outsider/body nomination is{{c2::'may' (permissive)}}.,"<b>Rule:</b> Shall vs may — family existence flips the verb.<br><br><b>Hinglish:</b> Parivaar ho to 'karna hi hai'; na ho to 'kar sakte ho'.<br><br><b>Trap:</b> Shall vs may.<br><br><b>Ref:</b> Rule 46(2)(i), 46(2)(ii); Rule 46(2)",CCS_Pension Rule_46 Nomination Exam_Trap CCS_Pension::Rule_46 Priority::High,CCS_Pension_Rules_2021::04_Pension_Gratuity_Rules_44_to_49,Cloze,HIGH,"Rule 46(2)(i), 46(2)(ii)",CCS21-02182d00
The gratuity-nomination rule's sub-rule (3):{{c1::multiple nominees with specified shares}}allowed; the gratuity-nomination rule's sub-rule (4)(i):{{c2::alternate nominee}}allowed — first proviso: alternate should be{{c3::family member}}; second proviso:{{c4::single-member-family exception}}.,"<b>Rule:</b> Split shares freely; alternates prefer family, with a lone-member escape.<br><br><b>Hinglish:</b> Hissa baant do; alternate parivaar se (akela sadasya ho to chhoot).<br><br><b>Ref:</b> Rule 46(3), 46(4); Rule 46(3); Rule 46(4)",CCS_Pension Rule_46 Nomination Proviso CCS_Pension::Rule_46 Priority::High,CCS_Pension_Rules_2021::04_Pension_Gratuity_Rules_44_to_49,Cloze,HIGH,"Rule 46(3), 46(4)(i)",CCS21-563d4431
The gratuity-nomination rule's sub-rule (5)(a): family ACQUIRED after outsider nomination →{{c1::ENTIRE nomination invalid}}(2022: words '{{c2::proviso to}}' deleted); vs the gratuity-nomination rule: single member + outsider alternate →{{c3::ONLY alternate invalid}}.,"<b>Rule:</b> kills all kills alternate only — G.S.R. 770(E) drafting fix.<br><br><b>Hinglish:</b> Parivaar aaya to poora nomination gaya; eka-sadasya me sirf alternate gaya.<br><br><b>Ref:</b> Rule 46(5)(a), 46(5)(b); Rule 46(5); Rule 46(5)(b); Rule 46(a); Rule 46(b)",CCS_Pension Rule_46 GSR_770_E_2022 Comparison CCS_Pension::Rule_46 Priority::Critical,CCS_Pension_Rules_2021::04_Pension_Gratuity_Rules_44_to_49,Cloze,CRITICAL,"Rule 46(5)(a), 46(5)(b)",CCS21-0d2e592a
The gratuity-nomination rule's sub-rule (6):{{c1::marriage does NOT invalidate}}a family-member nomination; the gratuity-nomination rule's sub-rule (7): cancel by{{c2::written notice + fresh nomination}}; the gratuity-nomination rule's sub-rule (8): nominee dies without alternate →{{c3::fresh nomination}}needed.,<b>Rule:</b> Marriage-safe; cancellation needs writing + replacement; dead nominee without backup = re-nominate.<br><br><b>Hinglish:</b> Shaadi se nomination nahi tootta; radd likh kar + naya bhar kar; nominee mara to naya banao.<br><br><b>Ref:</b> Rule 46(6)-(8); Rule 46(6); Rule 46(7); Rule 46(8),CCS_Pension Rule_46 Nomination CCS_Pension::Rule_46 Priority::High,CCS_Pension_Rules_2021::04_Pension_Gratuity_Rules_44_to_49,Cloze,HIGH,"Rule 46(6), 46(7), 46(8)",CCS21-9ff0c0a8
"The gratuity-nomination rule's sub-rule (9): HoO must{{c1::verify, countersign, keep custody, enter in service book, return signed copy}}; for non-gazetted,{{c2::subordinate Gazetted Officers}}countersign.","<b>Rule:</b> 5-step HoO custody chain; gazetted countersign for non-gazetted staff.<br><br><b>Hinglish:</b> HoO jaanche, sign kare, sambhale, entry kare, copy lautaye.<br><br><b>Ref:</b> Rule 46(9)",CCS_Pension Rule_46 Procedure CCS_Pension::Rule_46 Priority::High,CCS_Pension_Rules_2021::04_Pension_Gratuity_Rules_44_to_49,Cloze,HIGH,Rule 46(9),CCS21-52cee61b
"The gratuity-distribution rule's sub-rule (1): gratuity goes to (a){{c1::nominee}}, else (b){{c2::family}}in TWO strict groups — Group 1 (i)–(v):{{c3::widow, widower, sons &lt;25, unmarried daughters, widowed/divorced daughters}}.","<b>Rule:</b> Nominee first; no nominee → family groups.<br><br><b>Hinglish:</b> Pehle nominee, warna parivaar — Group 1: patni/pati, chhote bete, betiyaan.<br><br><b>Ref:</b> Rule 47(1)(a), 47(1)(b); Rule 47(1)",CCS_Pension Rule_47 Nomination CCS_Pension::Rule_47 Priority::High,CCS_Pension_Rules_2021::04_Pension_Gratuity_Rules_44_to_49,Cloze,HIGH,"Rule 47(1)(a), 47(1)(b)",CCS21-e030a9b3
"The gratuity-distribution rule group 2 (vi)–(xi):{{c1::father, mother, married daughter, pre-deceased son's children/widow, unmarried sister, brother &lt;25}}— and ONE Group 1 survivor{{c2::EXCLUDES all of Group 2}}.",<b>Rule:</b> Strict priority: Group 1 ka ek bhi = Group 2 zero.<br><br><b>Hinglish:</b> Group 1 me koi bhi zinda to Group 2 ko kuch nahi.<br><br><b>Trap:</b> Strict exclusion.<br><br><b>Ref:</b> Rule 47(1)(b); Rule 47,CCS_Pension Rule_47 Comparison Exam_Trap CCS_Pension::Rule_47 Priority::Critical,CCS_Pension_Rules_2021::04_Pension_Gratuity_Rules_44_to_49,Cloze,CRITICAL,Rule 47(1)(b),CCS21-276156a9
The gratuity-distribution rule's sub-rule (2): nominee PREDECEASES + the gratuity-nomination rule's sub-rule (4) in play → share goes to{{c1::eligible surviving family at servant's death date}}— one nominee can take{{c2::TWICE}}(own + lapsed share).,<b>Rule:</b> Lapsed share re-pools to survivors as on death date; double-take possible.<br><br><b>Hinglish:</b> Nominee pehle mara to hissa parivaar me; ek nominee do baar le sakta hai.<br><br><b>Ref:</b> Rule 47(2); Rule 46(4),CCS_Pension Rule_47 Nomination CCS_Pension::Rule_47 Priority::High,CCS_Pension_Rules_2021::04_Pension_Gratuity_Rules_44_to_49,Cloze,HIGH,Rule 47(2),CCS21-ec81095c
The gratuity-distribution rule's sub-rule (3): retired servant dies BEFORE receiving gratuity →{{c1::same the gratuity-distribution rule's sub-rule (1) family}}takes it.,"<b>Rule:</b> Undisbursed gratuity follows the family ladder, not estate law.<br><br><b>Hinglish:</b> Gratuity lene se pehle mare to parivaar-kram se baategi.<br><br><b>Ref:</b> Rule 47(3); Rule 47(1)",CCS_Pension Rule_47 CCS_Pension::Rule_47 Priority::High,CCS_Pension_Rules_2021::04_Pension_Gratuity_Rules_44_to_49,Cloze,HIGH,Rule 47(3),CCS21-61b99316
"Widow + married daughter + father survive, no nomination: who gets death gratuity?",<b>Rule:</b> Widow (Group 1) takes ALL; married daughter + father (Group 2) get NOTHING — strict exclusion.<br><br><b>Hinglish:</b> Vidva sab legi; Group 2 khaali haath.<br><br><b>Ref:</b> Rule 47(1)(b); Example 10/11,CCS_Pension Rule_47 Scenario Application CCS_Pension::Rule_47 Priority::Critical,CCS_Pension_Rules_2021::04_Pension_Gratuity_Rules_44_to_49,Basic,CRITICAL,"Rule 47(1)(b); Worked Examples 10, 11",CCS21-b9fda312
The murder-taint rule's sub-rule (1):{{c1::murder/abetment CHARGE}}→ claim{{c2::SUSPENDED till criminal proceedings conclude}}; murder-taint conviction →{{c3::DEBARRED}}(share to remaining 'if any'); murder-taint acquittal →{{c4::share RESTORED}}.,"<b>Rule:</b> Charge = freeze; conviction = forfeit; acquittal = pay. Explanation: includes abetting SUICIDE.<br><br><b>Hinglish:</b> Hatya-kaand me ilzaam = rok; sazaa = hissa gaya; bari = hissa wapas.<br><br><b>Ref:</b> Rules 48(1), 48(2); Rule 48(1); Rule 48(2); Rule 48(2)(b)",CCS_Pension Rule_48 Exception CCS_Pension::Rule_48 Priority::High,CCS_Pension_Rules_2021::04_Pension_Gratuity_Rules_44_to_49,Cloze,HIGH,"Rule 48(1), 48(2)",CCS21-d440a4db
The murder-taint rule's sub-rule (3): the murder-bar ALSO covers{{c1::the gratuity-distribution rule's sub-rule (3) post-retirement undisbursed gratuity}}. the lapse rule: death in service/after retirement + NO family +{{c2::no/subsisting nomination}}→ gratuity{{c3::LAPSES to Government}}— UNLESS{{c4::Succession Certificate}}(proviso).,"<b>Rule:</b> the murder-taint rule = tainted claimant; the lapse rule = no claimant (lapse, court-certificate rescue). lapse touches ONLY gratuity, never pension.<br><br><b>Hinglish:</b> 48 = khooni-davaar rok; 49 = koi davaar nahi to Sarkar (court certificate lao to pao).<br><br><b>Ref:</b> Rule 48(3); Rule 49; Rule 47(3); Rule 48",CCS_Pension Rule_48 Rule_49 Comparison CCS_Pension::Rule_48 Priority::Critical,CCS_Pension_Rules_2021::04_Pension_Gratuity_Rules_44_to_49,Cloze,CRITICAL,Rule 48(3); Rule 49,CCS21-67bf2cb2
"The family-pension rule's sub-rule (1) THREE gateways (OR-joined): (i){{c1::1-year continuous service}}; second,{{c2::&lt;1 year WITH fit certificate}}; third,{{c3::death after retirement while receiving pension/compassionate allowance}}. Explanation 1:{{c4::pensionable establishment}}is the positive condition.","<b>Rule:</b> Any ONE gateway opens family pension; establishment must be pensionable.<br><br><b>Hinglish:</b> 1 saal, ya fit-cert, ya pension-lete-maut — koi ek; pensionable-post zaroori.<br><br><b>Ref:</b> Rules 50(1), 1; Rule 50(1)",CCS_Pension Rule_50 Family_Pension Threshold CCS_Pension::Rule_50 Priority::Critical,CCS_Pension_Rules_2021::05_Family_Pension_DR_Rules_50_to_52,Cloze,CRITICAL,Rule 50(1),CCS21-71f2f115
"The family-pension rule's sub-rule (2)(a)(i): ORDINARY family pension ={{c1::30% of pay}}, floor{{c2::Rs 9,000}}, ceiling{{c3::Rs 75,000}}.","<b>Rule:</b> The default rate: 30% banded 9,000–75,000.<br><br><b>Hinglish:</b> Aam-dar 30% — 9,000 se kam nahi, 75,000 se zyada nahi.<br><br><b>Ref:</b> Rule 50(2)(a)(i); Rule 50(2)",CCS_Pension Rule_50 Family_Pension Threshold Floor Ceiling CCS_Pension::Rule_50 Priority::Critical,CCS_Pension_Rules_2021::05_Family_Pension_DR_Rules_50_to_52,Cloze,CRITICAL,Rule 50(2)(a)(i),CCS21-5fd25bfb
The family-pension rule's sub-rule (2)(a)(ii): death IN SERVICE →{{c1::50% of pay}}for{{c2::10 YEARS}}from day-after-death — with{{c3::NO age cap}}.,<b>Rule:</b> Enhanced 50% runs a full decade regardless of ages.<br><br><b>Hinglish:</b> Naukri me maut = 50% poore 10 saal; umar ki rok nahi.<br><br><b>Ref:</b> Rule 50(2)(a)(ii); Rule 50(2),CCS_Pension Rule_50 Timeline CCS_Pension::Rule_50 Priority::Critical,CCS_Pension_Rules_2021::05_Family_Pension_DR_Rules_50_to_52,Cloze,CRITICAL,Rule 50(2)(a)(ii),CCS21-b2259966
"The family-pension rule's sub-rule (2)(a)(iii): death AFTER retirement →{{c1::50%}}for{{c2::7 years OR till age 67, whichever is LESS}}.","<b>Rule:</b> The only 'whichever is LESS' in family pension — shorter of 7y/67 wins.<br><br><b>Hinglish:</b> Retirement-ke-baad maut = 50%, par 7-saal/67-umar me jo CHHOTA.<br><br><b>Trap:</b> LESS (not more).<br><br><b>Ref:</b> Rule 50(2)(a)(iii); Rule 50(2)",CCS_Pension Rule_50 Timeline Exam_Trap CCS_Pension::Rule_50 Priority::Critical,CCS_Pension_Rules_2021::05_Family_Pension_DR_Rules_50_to_52,Cloze,CRITICAL,Rule 50(2)(a)(iii),CCS21-e1b988d9
"The family-pension rule's sub-rule (2)(a)(iii) First Proviso: enhanced ≤{{c1::authorised pension (incl. commuted)}}; Second Proviso: if authorised pension &lt; 30%, floor ={{c2::ordinary rate}}; Explanation 2: 'authorised' INCLUDES{{c3::commuted portion}}; Explanation 3: includes{{c4::compulsory-retirement pension + compassionate allowance}}.","<b>Rule:</b> Cap + floor + 2 clarifications fence the post-retirement enhanced rate.<br><br><b>Hinglish:</b> Seema (authorised-pension), farsh (ordinary-dar); commuted/compulsory/daya sab andar.<br><br><b>Ref:</b> Rule 50(2)(a)(iii) provisos; Expl.2, 3; Rule 50(2)",CCS_Pension Rule_50 Proviso Explanation CCS_Pension::Rule_50 Priority::High,CCS_Pension_Rules_2021::05_Family_Pension_DR_Rules_50_to_52,Cloze,HIGH,"Rule 50(2)(a)(iii); Explanations 2, 3",CCS21-d78fb247
"The family-pension rule's sub-rule (2)(a)(iv): ENHANCED band = floor{{c1::Rs 9,000}}, ceiling{{c2::Rs 1,25,000}}; the family-pension rule's sub-rule (2)(b): after enhanced spell,{{c3::AUTOMATIC ordinary rate}}(≤ Rs 75,000).","<b>Rule:</b> Enhanced ceiling (1.25L) &gt; ordinary ceiling (75K); reversion is automatic, no fresh sanction.<br><br><b>Hinglish:</b> Enhanced 9,000–1,25,000; muddat khatm to khud 30%-dar par.<br><br><b>Ref:</b> Rule 50(2)(a)(iv), 50(2)(b); Rule 50(2)",CCS_Pension Rule_50 Ceiling Floor CCS_Pension::Rule_50 Priority::Critical,CCS_Pension_Rules_2021::05_Family_Pension_DR_Rules_50_to_52,Cloze,CRITICAL,"Rule 50(2)(a)(iv), 50(2)(b)",CCS21-72c943e0
"Retired at 60 with pension Rs 40,000; dies at 63: enhanced family pension rate and period?","<b>Rule:</b> 50% of pay (say Rs 35,000) for 7y-from-death OR till-67 → 63+7=70 vs 67 → LESSER = till age 67 (4 years), capped at authorised Rs 40,000, then auto-ordinary 30%.<br><br><b>Hinglish:</b> 50% sirf 67 tak (4 saal), 40,000 ki chhat, phir 30%.<br><br><b>Ref:</b> Rule 50(2)(a)(iii); Example 7",CCS_Pension Rule_50 Scenario Worked_Example CCS_Pension::Rule_50 Priority::Critical,CCS_Pension_Rules_2021::05_Family_Pension_DR_Rules_50_to_52,Basic,CRITICAL,Rule 50(2)(a)(iii); Worked Example 7,CCS21-f4d32f47
The family-pension rule's sub-rule (3) additional FAMILY pension slabs mirror its pension counterpart —{{c1::20/30/40/50/100}}— but keyed to the{{c2::FAMILY pensioner's age}}; the family-pension rule's sub-rule (4): rounding must{{c3::NOT breach the max}}(proviso).,"<b>Rule:</b> Same ladder, different climber (widow's age, not servant's); rounding capped.<br><br><b>Hinglish:</b> Seedhi wahi, umar vidva/bacche ki; gol karne me chhat na toote.<br><br><b>Ref:</b> Rule 50(3), 50(4); Rule 50(3); Rule 44(6); Rule 50(4)",CCS_Pension Rule_50 Additional_Pension CCS_Pension::Rule_50 Priority::High,CCS_Pension_Rules_2021::05_Family_Pension_DR_Rules_50_to_52,Cloze,HIGH,"Rule 50(3), 50(4)",CCS21-00086aae
The family-pension rule's sub-rule (6) FOUR priority tiers:{{c1::widow/widower}}→{{c2::children}}→{{c3::dependent parents}}→{{c4::dependent disabled siblings}}.,<b>Rule:</b> Strict queue — higher tier alive/eligible blocks lower tiers.<br><br><b>Hinglish:</b> Patni→bacche→maa-baap→divyang bhai-behen — kram todo mat.<br><br><b>Mnemonic:</b> 'Wife-Children-Parents-Siblings'.<br><br><b>Ref:</b> Rule 50(6),CCS_Pension Rule_50 Mnemonic CCS_Pension::Rule_50 Priority::High,CCS_Pension_Rules_2021::05_Family_Pension_DR_Rules_50_to_52,Cloze,HIGH,Rule 50(6),CCS21-e3ed84bc
The family-pension rule's sub-rule (7)(a):{{c1::closed exception list}}to the queue; the family-pension rule's sub-rule (7)(b):{{c2::fractions ignored}}in shares.,"<b>Rule:</b> Only listed exceptions bend the queue; paise-fractions dropped.<br><br><b>Hinglish:</b> Kataar sirf likhi-chhoot par mudegi; chhutta-paisa chhodo.<br><br><b>Ref:</b> Rule 50(7)(a), 50(7)(b); Rule 50(7)",CCS_Pension Rule_50 Exception CCS_Pension::Rule_50 Priority::Medium,CCS_Pension_Rules_2021::05_Family_Pension_DR_Rules_50_to_52,Cloze,MEDIUM,"Rule 50(7)(a), 50(7)(b)",CCS21-793cb20a
"The family-pension rule's sub-rule (8)(a): widow is{{c1::INCOME-IMMUNE}}; the family-pension rule's sub-rule (8)(b): CHILDLESS widow on remarriage keeps pension ONLY if income &lt;{{c2::minimum + DR}}; the family-pension rule's sub-rule (8)(c):{{c3::multiple widows share EQUALLY}}— lapsed share to{{c4::her children, else other widows}}.",<b>Rule:</b> Widow = no income test; childless-remarried = income gate; co-widows = equal + cascade.<br><br><b>Hinglish:</b> Vidva par aay-jaanch nahi; nihsantan-punarvivah par seema; do vidva barabar + hissa cascade.<br><br><b>Ref:</b> Rule 50(8)(a)-(c); Rule 50(8),CCS_Pension Rule_50 CCS_Pension::Rule_50 Priority::High,CCS_Pension_Rules_2021::05_Family_Pension_DR_Rules_50_to_52,Cloze,HIGH,"Rule 50(8)(a), 50(8)(b), 50(8)(c)",CCS21-fe052f27
The family-pension rule's sub-rule (8)all 4 clauses: children of{{c1::void/voidable marriages}}take the{{c2::MOTHER's share}}(surviving-widow-first mechanics per pension-payment second proviso).,<b>Rule:</b> Illegitimacy never punishes the child — mother's slice flows down.<br><br><b>Hinglish:</b> Baccha nirdosh — maa ka hissa usey.<br><br><b>Ref:</b> Rule 50(8)(d)-(g); Rule 63(1)(d); Rule 50(8); Rule 50(d)-(g); Rule 63(1),CCS_Pension Rule_50 CCS_Pension::Rule_50 Priority::High,CCS_Pension_Rules_2021::05_Family_Pension_DR_Rules_50_to_52,Cloze,HIGH,"Rule 50(8)(d), (e), (f), (g)",CCS21-76a91295
"The family-pension rule's sub-rule (9)(a) THREE child categories: (i){{c1::son &lt;25, unmarried, not earning}}; second,{{c2::daughter unmarried/widowed/divorced, not earning}}; third,{{c3::disabled child, NO age limit}}.","<b>Rule:</b> Son = age-barred; daughter = marital-status-gated; disabled = lifelong.<br><br><b>Hinglish:</b> Beta-25, beti-shaadi, divyang-umarheen.<br><br><b>Ref:</b> Rule 50(9)(a)(i)-(iii); Rule 50(9)",CCS_Pension Rule_50 Threshold CCS_Pension::Rule_50 Priority::Critical,CCS_Pension_Rules_2021::05_Family_Pension_DR_Rules_50_to_52,Cloze,CRITICAL,"Rule 50(9)(a)(i), (ii), (iii)",CCS21-421ad54e
"The family-pension rule's sub-rule (9)(d):{{c1::birth order}}governs child queue; fifth, elder ceasing lets{{c2::younger step in}}; sixth,{{c3::guardian}}acts for minors; seventh,{{c4::twins share EQUALLY}}.","<b>Rule:</b> Eldest first; cascade down; guardian for minors; twins split.<br><br><b>Hinglish:</b> Bada pehle, phir chhota; nabaligh ka guardian; judvaan aadha-aadha.<br><br><b>Ref:</b> Rule 50(9)(d)-(g); Rule 50(9)",CCS_Pension Rule_50 CCS_Pension::Rule_50 Priority::High,CCS_Pension_Rules_2021::05_Family_Pension_DR_Rules_50_to_52,Cloze,HIGH,"Rule 50(9)(d), (e), (f), (g)",CCS21-861af3a8
The family-pension rule's sub-rule (12) income-proof hierarchy:{{c1::ITR}}&gt;{{c2::employer certificate}}&gt;{{c3::self-declaration}}.,"<b>Rule:</b> Tax return beats employer paper beats self-word.<br><br><b>Hinglish:</b> ITR sabse upar, phir malik-praman, phir khud-ghoshna.<br><br><b>Ref:</b> Rule 50(12)(a)-(d); Rule 50(12)",CCS_Pension Rule_50 Procedure CCS_Pension::Rule_50 Priority::High,CCS_Pension_Rules_2021::05_Family_Pension_DR_Rules_50_to_52,Cloze,HIGH,"Rule 50(12)(a), (b), (c), (d)",CCS21-5fe3ea76
Two widows + 3 minor children: gratuity AND family pension split?,"<b>Rule:</b> Gratuity (the gratuity-distribution rule Group 1): widow-half each... family-pension (the family-pension rule's sub-rule ): widows EQUAL shares; on one's death/remarriage her share → HER children, else co-widow (Example 8).<br><br><b>Hinglish:</b> Dono vidva barabar; hissa uske bacchon ko, warna saath-vidva ko.<br><br><b>Ref:</b> Rule 50(8)(c); Example 8; Rule 47; Rule 50(8); Rule 50(c)",CCS_Pension Rule_50 Scenario Worked_Example CCS_Pension::Rule_50 Priority::High,CCS_Pension_Rules_2021::05_Family_Pension_DR_Rules_50_to_52,Basic,HIGH,Rule 50(8)(c); Worked Example 8,CCS21-b8d71c9e
The family-pension rule's sub-rule (11):{{c1::wholly dependent}}SIBLINGS (disabled) queue last; the family-pension rule's sub-rule (13):{{c2::two-stage}}ceiling provision; the family-pension rule's sub-rule (14): additional-pensioner/family-pensioner administration; the family-pension rule's sub-rule (16):{{c3::re-employment}}exclusion.,"<b>Rule:</b> Siblings need total dependency; pension stages the ceiling; family-pension bars double-dipping via re-employment.<br><br><b>Hinglish:</b> Bhai-behen poori tarah aashrit ho tabhi; do-charan seema; dobara-naukri par rok.<br><br><b>Ref:</b> Rule 50(11), 50(13), 50(14), 50(16); Rule 50(11); Rule 50(13); Rule 50(14); Rule 50(16)",CCS_Pension Rule_50 Ceiling CCS_Pension::Rule_50 Priority::High,CCS_Pension_Rules_2021::05_Family_Pension_DR_Rules_50_to_52,Cloze,HIGH,"Rule 50(11), 50(13), 50(14), 50(16)",CCS21-70d9f1cc
The family-pension rule's sub-rule (15)(e) (2024): family details 'again in{{c1::Form 6-A}}at retirement'; the family-pension rule's sub-rule (15)(g)–(i):{{c2::Form 4 is evidentiary}}for family facts.,"<b>Rule:</b> Form 6-A = retirement filing; Form 4 = standing family record.<br><br><b>Hinglish:</b> Retirement par Form 6-A dobara; Form 4 parivaar ka saboot.<br><br><b>Ref:</b> Rule 50(15)(e), (g)-(i); Rule 50(15)",CCS_Pension Rule_50 Form_6A Form CCS_Pension::Rule_50 Priority::High,CCS_Pension_Rules_2021::05_Family_Pension_DR_Rules_50_to_52,Cloze,HIGH,"Rule 50(15)(e), (g), (h), (i)",CCS21-6b347cad
"The missing-persons rule's sub-rule (1)(a): missing servant's family gets{{c1::the family-pension rule's sub-rule (2) rates + service-death eligibility}}; missing-persons start-date = LATEST of{{c2::leave sanctioned / pay &amp; allowances paid / police report}}(report ={{c3::FIR, Daily Diary Entry, General Diary Entry}}).","<b>Rule:</b> Three-date race, WHICHEVER IS LATEST wins.<br><br><b>Hinglish:</b> Chhutti, vetan, police-report — jo SABSE BAAD, wahi shuruaat.<br><br><b>Trap:</b> LATEST (3 dates).<br><br><b>Ref:</b> Rule 51(1)(a), 51(1)(b); Rule 51(1); Rule 50(2)",CCS_Pension Rule_51 Missing_Person Timeline CCS_Pension::Rule_51 Priority::Critical,CCS_Pension_Rules_2021::05_Family_Pension_DR_Rules_50_to_52,Cloze,CRITICAL,"Rule 51(1)(a), 51(1)(b)",CCS21-f6f668d9
"The missing-persons rule's sub-rule (2)(b) missing PENSIONER:{{c1::TWO dates, whichever is LATER}}; missing FAMILY pensioner:{{c2::TWO dates, whichever is LATER}}— contrast with the missing-persons rule's sub-rule (1)(b).",<b>Rule:</b> Servant = 3 dates/LATEST; pensioner/family-pensioner = 2 dates/LATER.<br><br><b>Hinglish:</b> Karmchari-3-LATEST; pensioner-2-LATER — ginti + shabd dono alag.<br><br><b>Trap:</b> Latest vs later.<br><br><b>Ref:</b> Rule 51(2)(b); Rule 51(3); Rule 51(2); Rule 51(1),CCS_Pension Rule_51 Missing_Person Exam_Trap CCS_Pension::Rule_51 Priority::Critical,CCS_Pension_Rules_2021::05_Family_Pension_DR_Rules_50_to_52,Cloze,CRITICAL,Rule 51(2)(b); Rule 51(3),CCS21-5f27d103
The missing-persons rule's sub-rule (4): claim in{{c1::Format + Form}}as specified; the missing-persons rule's sub-rule (5): TWO police documents —{{c2::FIR + untraced report}}; the missing-persons rule's sub-rule (6): pay base ={{c3::last date on duty or expiry of sanctioned leave}}.,"<b>Rule:</b> Paper-chain: format/form + FIR/untraced + duty-date pay.<br><br><b>Hinglish:</b> Form, FIR + untraced report, aakhri-duty vetan — teeno jodo.<br><br><b>Ref:</b> Rule 51(4), 51(5), 51(6); Rule 51(4); Rule 51(5); Rule 51(6)",CCS_Pension Rule_51 Procedure CCS_Pension::Rule_51 Priority::High,CCS_Pension_Rules_2021::05_Family_Pension_DR_Rules_50_to_52,Cloze,HIGH,"Rule 51(4), 51(5), 51(6)",CCS21-540a5f45
"Servant missing 01.03.2025: leave sanctioned till 15.03.2025, pay paid till 31.03.2025, FIR 10.04.2025 — family pension starts?","<b>Rule:</b> LATEST = FIR 10.04.2025 → notional start day-after; payable only after 6-month bar from FIR (≈10.10.2025) per the missing-persons rule.<br><br><b>Hinglish:</b> Sabse-baadi tareekh FIR; 6 mahine baad paisa.<br><br><b>Ref:</b> Rule 51(1)(b), 51(8)(a); Example 17; Rule 51(8)(a)",CCS_Pension Rule_51 Scenario Worked_Example CCS_Pension::Rule_51 Priority::Critical,CCS_Pension_Rules_2021::05_Family_Pension_DR_Rules_50_to_52,Basic,CRITICAL,"Rule 51(1)(b), 51(8)(a); Worked Example 17",CCS21-af4fa99d
The DR rule's sub-rule (1): DR '{{c1::MAY BE GRANTED}}' (discretionary) — and{{c2::compassionate-allowance}}recipients are INCLUDED.,<b>Rule:</b> 'May' = Government decides each round; even mercy-pensioners get DR.<br><br><b>Hinglish:</b> DR 'mil sakta hai' — Sarkar ki marzi; daya-pension walo ko bhi.<br><br><b>Ref:</b> Rule 52(1); Rule 41,CCS_Pension Rule_52 Dearness_Relief CCS_Pension::Rule_52 Priority::High,CCS_Pension_Rules_2021::05_Family_Pension_DR_Rules_50_to_52,Cloze,HIGH,Rule 52(1),CCS21-e5e28340
The DR rule's sub-rule (3) certificate route is STRICTER: needs{{c1::non-Group A Central civil post + no pension element in pay fixation}}; the DR rule's sub-rule (4): re-employed FAMILY pensioners are{{c2::NOT restricted}}.,"<b>Rule:</b> Certificate-path narrows; family pensioners work freely with full DR.<br><br><b>Hinglish:</b> Certificate wala rasta sakht; parivaar-pension walo ko chhoot.<br><br><b>Ref:</b> Rule 52(3), 52(4); Rule 52(3); Rule 52(4)",CCS_Pension Rule_52 Comparison CCS_Pension::Rule_52 Priority::High,CCS_Pension_Rules_2021::05_Family_Pension_DR_Rules_50_to_52,Cloze,HIGH,"Rule 52(3), 52(4)",CCS21-6ccea9d3
"Current DR ={{c1::60%}}w.e.f.{{c2::01.01.2026}}(DoPPW OM{{c3::24.04.2026}}); family-pension income test ≈{{c4::Rs 14,400/month}}(9,000 × 1.60) — ⚠️ VOLATILE.","<b>Rule:</b> Progression 50→53→55→58→60; DR fraction rounds to next rupee; recompute 14,400 at live DR.<br><br><b>Hinglish:</b> Abhi 60%; 14,400 isi ka hisaab — DR badle to ye bhi badle.<br><br><b>Last verified:</b> 2026-09-20 Cross-checked: Cabinet 2% hike to 60% reported 06.05.2026 (w.e.f. 01.01.2026).<br><br><b>Ref:</b> Rule 52; OM 24.04.2026",CCS_Pension Rule_52 Threshold CCS_Pension::Rule_52 Priority::Critical,CCS_Pension_Rules_2021::05_Family_Pension_DR_Rules_50_to_52,Cloze,CRITICAL,Rule 52; DoPPW OM dt. 24.04.2026,CCS21-4a3d22c8
The Bhavishya rule's sub-rule (1) default: pension cases run on{{c1::Bhavishya / e-HRMS}}— e-HRMS for{{c2::superannuation ONLY}}; all other retirements via{{c3::Bhavishya}}(2024 verified text).,"<b>Rule:</b> Online-first ('unless otherwise exempted'); e-HRMS = superannuation; VR/premature/absorption/invalidation/compulsory/dismissal-removal = Bhavishya.<br><br><b>Hinglish:</b> Online hi file; e-HRMS sirf superannuation, baaki Bhavishya.<br><br><b>Ref:</b> Rule 53(1) as amended 2024; Rule 53(1)",CCS_Pension Rule_53 Procedure Form_6A GSR_410_E_2024 CCS_Pension::Rule_53 Priority::High,CCS_Pension_Rules_2021::06_Bhavishya_Calendar_Rules_53_to_57,Cloze,HIGH,Rule 53(1),CCS21-4012d4b8
The Bhavishya rule's sub-rule (2)(a): exempted department/office/person →{{c1::ENTIRE case manual}}; the Bhavishya rule's sub-rule (2)(b): single action unavailable online →{{c2::ONLY that step manual}}.,"<b>Rule:</b> Whole-vs-step manual fallback ('online mode (Bhavishya/e-HRMS)' per 2024).<br><br><b>Hinglish:</b> Chhoot mili to poori file kagaz par; ek-step atka to sirf wahi kagaz par.<br><br><b>Ref:</b> Rule 53(2)(a), 53(2)(b); Rule 53(2)",CCS_Pension Rule_53 Procedure CCS_Pension::Rule_53 Priority::Medium,CCS_Pension_Rules_2021::06_Bhavishya_Calendar_Rules_53_to_57,Cloze,MEDIUM,"Rule 53(2)(a), 53(2)(b)",CCS21-59c2b1f9
"The retirement-list rule's sub-rule (1): HoD prepares retirement list{{c1::monthly by the 15th}}covering{{c2::next 15 months}}, and sends it to the Accounts Officer{{c3::before month-end}}.",<b>Rule:</b> 15th-list → month-end-AO pipeline.<br><br><b>Hinglish:</b> Har mahine 15 tak 15-mahine ki list; mahine-khatm se pehle AO ko.<br><br><b>Ref:</b> Rule 54(1),CCS_Pension Rule_54 Timeline CCS_Pension::Rule_54 Priority::High,CCS_Pension_Rules_2021::06_Bhavishya_Calendar_Rules_53_to_57,Cloze,HIGH,Rule 54(1),CCS21-7080e1ab
The retirement-list rule's sub-rule (3): NON-superannuation retirements → HoO intimates AO within{{c1::10 days}}of the retirement event/order.,<b>Rule:</b> Event-clock (10 days) replaces calendar-clock for VR/compulsory/invalidation etc.<br><br><b>Hinglish:</b> Superannuation nahi to 10 din me AO ko khabar.<br><br><b>Ref:</b> Rule 54(3),CCS_Pension Rule_54 Timeline CCS_Pension::Rule_54 Priority::High,CCS_Pension_Rules_2021::06_Bhavishya_Calendar_Rules_53_to_57,Cloze,HIGH,Rule 54(3),CCS21-14d1c24c
"The DoE-dues rule's sub-rule (1): right after the retirement list, HoO seeks{{c1::Directorate of Estates}}dues details{{c2::1 year before superannuation}}covering{{c3::8 months}}; the DoE-dues rule's sub-rule (3): HoO acts within{{c4::10 days}}of obtaining details.","<b>Rule:</b> 1-year/8-month DoE sweep + 10-day HoO action; the DoE-dues rule's sub-rule: non-superannuation variant.<br><br><b>Hinglish:</b> 1 saal pehle DoE se hisaab (8 mahine), mile to 10 din me kaarravaai.<br><br><b>Ref:</b> Rule 55(1), 55(2), 55(3); Rule 55(1); Rule 54; Rule 55(3); Rule 55(2)",CCS_Pension Rule_55 Timeline CCS_Pension::Rule_55 Priority::High,CCS_Pension_Rules_2021::06_Bhavishya_Calendar_Rules_53_to_57,Cloze,HIGH,"Rule 55(1), 55(2), 55(3)",CCS21-8743d7a4
"The preparation rule: HoO starts preparatory work{{c1::1 year before superannuation OR LPR date, whichever is EARLIER}}.",<b>Rule:</b> The 'earlier' pole — contrast the missing-persons rule's latest/later (missing) and the provisional-pension rule's sub-rule 's later.<br><br><b>Hinglish:</b> 1-saal/LPR me jo PEHLE — taiyaari tab se.<br><br><b>Trap:</b> EARLIER (not later).<br><br><b>Ref:</b> Rule 56; Rule 51; Rule 62(6)(a); Rule 56(6); Rule 56(a),CCS_Pension Rule_56 Timeline Exam_Trap CCS_Pension::Rule_56 Priority::Critical,CCS_Pension_Rules_2021::06_Bhavishya_Calendar_Rules_53_to_57,Cloze,CRITICAL,Rule 56,CCS21-8c335ed5
"The calendar rule's sub-rule (1)(b) STAGE 2 (Making Good Omissions): emoluments re-check limited to{{c1::24 months}}; calendar stage 3 (Forms &amp; Certificate): finish in{{c2::8 months}},{{c3::2-month non-acceptance}}rule; advise{{c4::Form 6-A}}(+ Form 4, Format 9) (2024).","<b>Rule:</b> Omissions + 24-month pay lookback; forms-stage with 2-month deeming.<br><br><b>Hinglish:</b> Kami poori karo (24-mahine vetan); Form 6-A bharwao (8 mahine).<br><br><b>Ref:</b> Rule 57(1)(b), 57(1)(c); Rule 57(1)",CCS_Pension Rule_57 Timeline Form_6A CCS_Pension::Rule_57 Priority::High,CCS_Pension_Rules_2021::06_Bhavishya_Calendar_Rules_53_to_57,Cloze,HIGH,"Rule 57(1)(b), 57(1)(c)",CCS21-edf7cacf
The calendar rule's sub-rule (2)(a): servant submits Form 6-A{{c1::6 months before retirement}}; the calendar rule's sub-rule (3): filing ladder{{c2::servant → spouse → THE member of family}}(+ 2024 commutation-bar proviso).,"<b>Rule:</b> 6-month filing; 'THE member' (contrast the event rule's 'ANY OTHER member').<br><br><b>Hinglish:</b> 6 mahine pehle Form 6-A; khud→patni→'THE' parivaar-sadasya.<br><br><b>Trap:</b> THE member.<br><br><b>Ref:</b> Rule 57(2)(a), 57(3); Rule 57(2); Rule 57(3); Rule 58",CCS_Pension Rule_57 Timeline Form_6A CCS_Pension::Rule_57 Priority::High,CCS_Pension_Rules_2021::06_Bhavishya_Calendar_Rules_53_to_57,Cloze,HIGH,"Rule 57(2)(a), 57(3)",CCS21-0bf52432
The event rule's sub-rule (1): non-superannuation cases file Form 6-A{{c1::immediately after approval/effectiveness}}; the event rule's sub-rule (2): ladder ends at '{{c2::ANY OTHER member}}' (vs the calendar rule's '{{c3::the member}}').,"<b>Rule:</b> Event-clock filing + keyword shift ANY OTHER vs THE.<br><br><b>Hinglish:</b> Approval/effect par turant; 'ANY OTHER' shabd pakdo.<br><br><b>Trap:</b> ANY OTHER vs THE.<br><br><b>Ref:</b> Rule 58(1), 58(2); Rule 58(1); Rule 58(2); Rule 57",CCS_Pension Rule_58 Rule_57 Exam_Trap CCS_Pension::Rule_58 Priority::Critical,CCS_Pension_Rules_2021::07_Retirement_Processing_Rules_58_to_70,Cloze,CRITICAL,"Rule 58(1), 58(2)",CCS21-83d077af
Calendar vs Event{{c1::calendar clock (6-month pre-date)}}vs{{c2::event clock (post-approval immediacy)}}— and Form scope identical (Form 6-A).,"<b>Rule:</b> Superannuation runs on calendar; everything else on events.<br><br><b>Hinglish:</b> 57 = tareekh-ghadi; 58 = ghatna-ghadi.<br><br><b>Ref:</b> Rules 57, 58; Rule 57; Rule 58",CCS_Pension Rule_57 Rule_58 Comparison CCS_Pension::Rule_57 Priority::High,CCS_Pension_Rules_2021::06_Bhavishya_Calendar_Rules_53_to_57,Cloze,HIGH,Rule 57; Rule 58,CCS21-bc5aab5f
"The case-build rule's sub-rule (1): HoO completes{{c1::Form 7 Part I + checklist + calculation sheet}}— calendar cases in{{c2::4 months}}, event cases in{{c3::2 months}}; the case-build rule's sub-rule (2): death after retirement without forms →{{c4::the authorisation rule}}.","<b>Rule:</b> 4-vs-2 forwarding clock; death-detour to the authorisation rule.<br><br><b>Hinglish:</b> Form 7 Part I: 57 wale 4 mahine, 58 wale 2 mahine; maut ho to the authorisation rule.<br><br><b>Ref:</b> Rule 59(1), 59(2); Rule 59(1); Rule 57; Rule 58; Rule 59(2); Rule 80(5)",CCS_Pension Rule_59 Timeline Form CCS_Pension::Rule_59 Priority::High,CCS_Pension_Rules_2021::07_Retirement_Processing_Rules_58_to_70,Cloze,HIGH,"Rule 59(1), 59(2)",CCS21-2ef94464
"The forwarding rule's sub-rule (1) HoO→AO bundle: (i){{c1::Form 6-A}}(superseding Form 4 + Form 6 + Format 9 undertaking); second,{{c2::Form 7 + checklist + calculation sheet + Format 10}}; third,{{c3::service book + documents}}.",<b>Rule:</b> 2024 single-form bundle; Format 10 is the covering letter.<br><br><b>Hinglish:</b> Form 6-A + Form 7-set + service book — Format 10 lifafe me.<br><br><b>Ref:</b> Rule 60(1)(i)-(iii); Rule 60(1),CCS_Pension Rule_60 Form Format CCS_Pension::Rule_60 Priority::High,CCS_Pension_Rules_2021::07_Retirement_Processing_Rules_58_to_70,Cloze,HIGH,"Rule 60(1)(i), (ii), (iii)",CCS21-0972b59a
The forwarding rule's sub-rule (2): Format 10 must flag{{c1::Government dues + the withholding rule's sub-rule (5) DoE intimation}}; the forwarding rule's sub-rule (3):{{c2::copies retained}}; the forwarding rule's sub-rule (4): dispatch{{c3::4 months (superannuation) / 2 months (others)}}.,"<b>Rule:</b> Dues-flag + retention + 4/2 dispatch clock.<br><br><b>Hinglish:</b> Format 10 me baqaya-likho; copy rakho; 4/2 mahine me bhejo.<br><br><b>Ref:</b> Rule 60(2), 60(3), 60(4); Rule 60(2); Rule 68(5); Rule 67; Rule 60(3); Rule 60(4)",CCS_Pension Rule_60 Timeline CCS_Pension::Rule_60 Priority::High,CCS_Pension_Rules_2021::07_Retirement_Processing_Rules_58_to_70,Cloze,HIGH,"Rule 60(2), 60(3), 60(4)",CCS21-085568c5
The prompt-action rule's sub-rule (1)(2): authorities act{{c1::PROMPTLY}}— with{{c2::NO day limit}}fixed.,"<b>Rule:</b> 'Promptly' without a number — contrast every numbered clock around it.<br><br><b>Hinglish:</b> 'Turant' karo — din-ginti nahi.<br><br><b>Trap:</b> No day limit.<br><br><b>Ref:</b> Rule 61(1), 61(2); Rule 61(1); Rule 2",CCS_Pension Rule_61 Exam_Trap CCS_Pension::Rule_61 Priority::Medium,CCS_Pension_Rules_2021::07_Retirement_Processing_Rules_58_to_70,Cloze,MEDIUM,"Rule 61(1), 61(2)",CCS21-c7bce867
The provisional-pension rule's sub-rule (1)(2): provisional pension triggers when delay is{{c1::NOT attributable to proceedings}}— i.e.{{c2::Rule forwarding failure or AO return}}.,"<b>Rule:</b> Admin-lapse provisional; proceedings-cases go the Rule provisional-pension/provisional-pension route instead.<br><br><b>Hinglish:</b> Daftar ki deri par provisional; karyavahi wale provisional-pension/provisional-pension me.<br><br><b>Ref:</b> Rule 62(1), 62(2); Rule 62(1); Rule 2; Rule 60(4); Rule 62",CCS_Pension Rule_62 Provisional_Pension CCS_Pension::Rule_62 Priority::High,CCS_Pension_Rules_2021::07_Retirement_Processing_Rules_58_to_70,Cloze,HIGH,"Rule 62(1), 62(2)",CCS21-5905e9a3
The provisional-pension rule's sub-rule (3)(a) letter of Sanction:{{c1::100% pension provisional}}+{{c2::100% gratuity minus 10% withheld}}; the provisional-pension rule's sub-rule (3)(b):{{c3::Government dues + withholding}}adjust first.,"<b>Rule:</b> Full-pension/90%-gratuity lifeline after dues-cut.<br><br><b>Hinglish:</b> Poori pension + 90% gratuity — baqaya kaat kar.<br><br><b>Ref:</b> Rule 62(3)(a), 62(3)(b); Rule 62(3); Rule 67; Rule 68",CCS_Pension Rule_62 Threshold CCS_Pension::Rule_62 Priority::Critical,CCS_Pension_Rules_2021::07_Retirement_Processing_Rules_58_to_70,Cloze,CRITICAL,"Rule 62(3)(a), 62(3)(b)",CCS21-92a88118
"The provisional-pension rule's sub-rule (4): sanction provisional within{{c1::10 days (superannuation) / 1 month (others)}}; the provisional-pension rule's sub-rule (6)(a):{{c2::6-month cap, 'whichever LATER'}}.","<b>Rule:</b> 10-day/1-month sanction clock; 6-month outer cap on later-basis.<br><br><b>Hinglish:</b> 10-din/1-mahine me sanction; 6 mahine se zyada nahi (later-wala).<br><br><b>Ref:</b> Rule 62(4), 62(6)(a); Rule 62(4); Rule 62(6)",CCS_Pension Rule_62 Timeline CCS_Pension::Rule_62 Priority::Critical,CCS_Pension_Rules_2021::07_Retirement_Processing_Rules_58_to_70,Cloze,CRITICAL,"Rule 62(4), 62(6)(a)",CCS21-96b8023d
The provisional-pension rule's sub-rule (6)(b): excess provisional PENSION is{{c1::RECOVERABLE}}; but the provisional-pension rule's sub-rule (6)(c)(i): excess provisional GRATUITY is{{c2::NOT refundable}}; the provisional-pension rule's sub-rule (6)(c)(ii): HoO must{{c3::reduce such cases + fix accountable officers}}.,"<b>Rule:</b> Pension-excess comes back; gratuity-excess stays — asymmetry + accountability.<br><br><b>Hinglish:</b> Zyada pension wapas; zyada gratuity wapas NAHI — HoO jawabdeh.<br><br><b>Trap:</b> Recoverable vs not.<br><br><b>Ref:</b> Rule 62(6)(b), 62(6)(c); Rule 62(6)",CCS_Pension Rule_62 Exam_Trap CCS_Pension::Rule_62 Priority::Critical,CCS_Pension_Rules_2021::07_Retirement_Processing_Rules_58_to_70,Cloze,CRITICAL,"Rule 62(6)(b), 62(6)(c)(i), 62(6)(c)(ii)",CCS21-3f941a01
The provisional-pension rule's sub-rule (7): provisional accepted as final →{{c1::immediate PPO}}; the provisional-pension rule's sub-rule (8)(9): withheld{{c2::10% released after PPO}}— allottee needs{{c3::NDC}}; the provisional-pension rule's sub-rule (10):{{c4::HoO responsibility}}.,<b>Rule:</b> Finalisation shortcut + 10% tail + NDC-gate + HoO onus.<br><br><b>Hinglish:</b> Provisional pakka to turant PPO; 10% baad me (makaan walo ko NDC par).<br><br><b>Ref:</b> Rule 62(7)-(10); Rule 62(7); Rule 62(8); Rule 9; Rule 62(10),CCS_Pension Rule_62 CCS_Pension::Rule_62 Priority::High,CCS_Pension_Rules_2021::07_Retirement_Processing_Rules_58_to_70,Cloze,HIGH,"Rule 62(7), 62(8), 62(9), 62(10)",CCS21-f5b54099
"The pension-payment rule's sub-rule (1)(a): AO checks +{{c1::Form 7 Part II}}+ assesses pension/family pension/gratuity, PPO{{c2::2 months BEFORE superannuation}}; the pension-payment rule's sub-rule (1)(b):{{c3::45 days}}for others; the pension-payment rule's sub-rule (1)(c):{{c4::24-month}}emoluments verification.",<b>Rule:</b> Advance-PPO engine: 2-month/45-day + 24-month pay audit.<br><br><b>Hinglish:</b> Retirement se 2 mahine pehle PPO; doosron me 45 din; 24-mahine vetan-jaanch.<br><br><b>Ref:</b> Rule 63(1)(a)-(c); Rule 63(1),CCS_Pension Rule_63 Timeline CCS_Pension::Rule_63 Priority::Critical,CCS_Pension_Rules_2021::07_Retirement_Processing_Rules_58_to_70,Cloze,CRITICAL,"Rule 63(1)(a), (b), (c)",CCS21-ae39a89f
The pension-payment rule's sub-rule (1)(d):{{c1::spouse PPO}}(joint authorisation); first proviso:{{c2::multiple wives}}mechanics; second proviso:{{c3::void/voidable-marriage children — surviving widow FIRST}}.,<b>Rule:</b> Spouse co-authorised in PPO; polygamy + legitimacy ladders fenced.<br><br><b>Hinglish:</b> PPO me patni saath; kai patniyaan/bacche — kram se.<br><br><b>Ref:</b> Rule 63(1),CCS_Pension Rule_63 Proviso CCS_Pension::Rule_63 Priority::High,CCS_Pension_Rules_2021::07_Retirement_Processing_Rules_58_to_70,Cloze,HIGH,Rule 63(1)(d),CCS21-02bedf1a
The pension-payment rule's sub-rule (4)all 2 clauses (2024 verified): '{{c1::Format 9}}' was REPLACED by '{{c2::Form 6-A}}' — the undertaking now travels inside Form 6-A.,"<b>Rule:</b> Verified G.S.R. 410(E) cl.9 substitution (spec's 'Format 9 only' label is inverted).<br><br><b>Hinglish:</b> pension-payment me ab Format 9 nahi, Form 6-A — undertaking andar sama gayi.<br><br><b>Ref:</b> Rule 63(4); G.S.R. 410(E) cl.9; Rule 63(a)-(b)",CCS_Pension Rule_63 GSR_410_E_2024 Amendment Form_6A CCS_Pension::Rule_63 Priority::High,CCS_Pension_Rules_2021::07_Retirement_Processing_Rules_58_to_70,Cloze,HIGH,Rule 63(4) as amended by G.S.R. 410(E),CCS21-9a5d07bf
"Provisional Pension vs Pension Payment{{c1::provisional (HoO, 100%/90%, 6-month cap)}}vs{{c2::final (AO, PPO, 2-month/45-day)}}.","<b>Rule:</b> the provisional-pension rule = HoO lifeline when papers lag; the pension-payment rule = AO final authorisation.<br><br><b>Hinglish:</b> 62 = kaam-chalau (HoO); 63 = pakka (AO-PPO).<br><br><b>Ref:</b> Rules 62, 63; Rule 62; Rule 63",CCS_Pension Rule_62 Rule_63 Comparison CCS_Pension::Rule_62 Priority::Critical,CCS_Pension_Rules_2021::07_Retirement_Processing_Rules_58_to_70,Cloze,CRITICAL,Rule 62; Rule 63,CCS21-e0087307
The deputation-cases rule's sub-rule (1): Central deputation →{{c1::borrowing HoO}}processes; the deputation-cases rule's sub-rule (2): State/foreign deputation →{{c2::HoO or cadre (lending) authority}}.,"<b>Rule:</b> Retirement-processing follows the borrower (Central) or lender-option (State/foreign). Twin: the death-deputation rule for death/missing.<br><br><b>Hinglish:</b> Kendra-pratiniyukti = lene-wala daftar; Rajya/videsh = dene-wala ya HoO.<br><br><b>Ref:</b> Rule 64(1), 64(2); Rule 64(1); Rule 64(2); Rule 78",CCS_Pension Rule_64 Deputation CCS_Pension::Rule_64 Priority::High,CCS_Pension_Rules_2021::07_Retirement_Processing_Rules_58_to_70,Cloze,HIGH,"Rule 64(1), 64(2)",CCS21-f60efdcc
The interest rule's sub-rule (2):{{c1::Secretary/Joint Secretary 'SHALL' sanction}}interest (incl. attached/subordinate offices); the interest rule's sub-rule (3):{{c2::formal sanction + payment in 2 months}}; the interest rule's sub-rule (4):{{c3::fix responsibility + disciplinary action}}— proviso:{{c4::pay interest WITHOUT waiting}}for the probe.,"<b>Rule:</b> Mandatory sanction at Secy/JS level; 2-month payout; probe runs parallel, not prior.<br><br><b>Hinglish:</b> Secretary/Jt.Secy byaaj dega hi (2 mahine); jaanch baad me, paisa pehle.<br><br><b>Ref:</b> Rule 65(2), 65(3), 65(4); Rule 65(2); Rule 65(3); Rule 65(4)",CCS_Pension Rule_65 Timeline CCS_Pension::Rule_65 Priority::High,CCS_Pension_Rules_2021::07_Retirement_Processing_Rules_58_to_70,Cloze,HIGH,"Rule 65(2), 65(3), 65(4)",CCS21-986c7195
"Gratuity Rs 5,00,000 delayed 8 months by admin lapse, GPF 7.1%: interest =?","<b>Rule:</b> 5,00,000 × 7.1% × 8/12 ≈ Rs 23,667 — sanctioned by Secy/JS, paid in 2 months, officers proceeded against (Example 18).<br><br><b>Hinglish:</b> ~23,667 byaaj; 2 mahine me payment; zimmedar par kaarravaai.<br><br><b>Ref:</b> Rule 65; Example 18",CCS_Pension Rule_65 Scenario Worked_Example CCS_Pension::Rule_65 Priority::High,CCS_Pension_Rules_2021::07_Retirement_Processing_Rules_58_to_70,Basic,HIGH,Rule 65; Worked Example 18,CCS21-667fc0d3
The revision rule's sub-rule (1):{{c1::general-order revisions}}re-fix basic pension prospectively; the revision rule's sub-rule (2):{{c2::NO adverse revision except clerical error}}; proviso:{{c3::DoPPW concurrence}}if{{c4::2+ years}}old.,"<b>Rule:</b> Upward/systemic revision free; downward needs clerical-error + (2yr→DoPPW).<br><br><b>Hinglish:</b> Badha sakte ho; ghataane me clerical-galti + 2-saal-par-DoPPW.<br><br><b>Ref:</b> Rules 66(1), 66(2); Rule 66(1); Rule 66(2)",CCS_Pension Rule_66 Recovery CCS_Pension::Rule_66 Priority::High,CCS_Pension_Rules_2021::07_Retirement_Processing_Rules_58_to_70,Cloze,HIGH,"Rule 66(1), 66(2)",CCS21-b0769615
"The revision rule's sub-rule (3):{{c1::Administrative Ministry}}decides clerical error; the revision rule's sub-rule (4): waiver via{{c2::Ministry of Finance (Dept of Expenditure)}}; the revision rule's sub-rule (5)(6):{{c3::2-month refund notice}}, else{{c4::short-pay future pension}}.","<b>Rule:</b> Ministry judges error; FinMin forgives money; 2-month notice then drip-recovery.<br><br><b>Hinglish:</b> Galti Ministry maane, maafi FinMin de, 2-mahine notice phir katoti.<br><br><b>Ref:</b> Rule 66(3)-(6); Rule 66(3); Rule 66(4); Rule 66(5); Rule 6",CCS_Pension Rule_66 Recovery Timeline CCS_Pension::Rule_66 Priority::High,CCS_Pension_Rules_2021::07_Retirement_Processing_Rules_58_to_70,Cloze,HIGH,"Rule 66(3), 66(4), 66(5), 66(6)",CCS21-90b319d1
The dues rule's sub-rule (1): HoO's DUTY to{{c1::ascertain + assess}}dues (superannuation + others); the dues rule's sub-rule (2): adjust from{{c2::retirement gratuity}}.,"<b>Rule:</b> HoO hunts dues; gratuity is the collection pot.<br><br><b>Hinglish:</b> HoO baqaya nikaale, gratuity se kaate.<br><br><b>Ref:</b> Rule 67(1), 67(2); Rule 67(1); Rule 67(2)",CCS_Pension Rule_67 Government_Dues Recovery CCS_Pension::Rule_67 Priority::High,CCS_Pension_Rules_2021::07_Retirement_Processing_Rules_58_to_70,Cloze,HIGH,"Rule 67(1), 67(2)",CCS21-34bf5bf9
"The dues rule's Explanation (a) accommodation dues:{{c1::licence-fee arrears, damages (excess retention/subletting/unauthorised/ineligible transfer), electricity/water/PNG}}; second, other dues:{{c2::advances, overpayments, income tax}}.","<b>Rule:</b> Two baskets: house-dues + money-dues.<br><br><b>Hinglish:</b> Makaan (kiraya/nuksan/bijli-paani) + paisa (advance/zyada/tax).<br><br><b>Ref:</b> Rule 67 Explanation (a), (b); Rule 67",CCS_Pension Rule_67 Government_Dues CCS_Pension::Rule_67 Priority::High,CCS_Pension_Rules_2021::07_Retirement_Processing_Rules_58_to_70,Cloze,HIGH,"Rule 67 Explanation (a), (b)",CCS21-8e682add
"The withholding rule's sub-rule (1): DoE replies in{{c1::2 months (superannuation, on 8-month coverage)}}vs{{c2::1 month (others)}}; the withholding rule's sub-rule (1)(c): silence ={{c3::presumed NOTHING recoverable}}.","<b>Rule:</b> 2-vs-1 DoE clock; no reply = clean chit.<br><br><b>Hinglish:</b> DoE 2/1 mahine me jawab de; chuppi = koi baqaya nahi.<br><br><b>Trap:</b> 2 vs 1.<br><br><b>Ref:</b> Rule 68(1)(a), (b), (c); Rule 68(1)",CCS_Pension Rule_68 Timeline CCS_Pension::Rule_68 Priority::Critical,CCS_Pension_Rules_2021::07_Retirement_Processing_Rules_58_to_70,Cloze,CRITICAL,"Rule 68(1)(a), (b), (c)",CCS21-a81e7456
"The withholding rule's sub-rule (2): recover over{{c1::next 8 months from pay, monthly}}; the withholding rule's sub-rule (3): instalments from{{c2::current pay}}, balance cleared{{c3::before gratuity authorisation}}; the withholding rule's sub-rule (4):{{c4::permissible post-retirement retention}}fenced.","<b>Rule:</b> 8-month pay-drip; gratuity-gate for balance; retention rules fenced.<br><br><b>Hinglish:</b> 8 mahine vetan se; baaki gratuity se pehle; retention niyam se.<br><br><b>Ref:</b> Rule 68(2), 68(3), 68(4); Rule 68(2); Rule 68(3); Rule 68(4)",CCS_Pension Rule_68 Recovery Timeline CCS_Pension::Rule_68 Priority::High,CCS_Pension_Rules_2021::07_Retirement_Processing_Rules_58_to_70,Cloze,HIGH,"Rule 68(2), 68(3), 68(4)",CCS21-442a50db
"The assessment rule's sub-rule (1): dues-assessment starts{{c1::1 year / LPR date, whichever EARLIER}}(superannuation) or{{c2::immediately on retirement/knowledge}}(others); the assessment rule's sub-rule (2): finish in{{c3::8 months / 30 days}}; the assessment rule's sub-rule (3):{{c4::later discoveries still adjustable}}.","<b>Rule:</b> Early-start + 8-month/30-day finish + never-escapes tail.<br><br><b>Hinglish:</b> Jaldi shuru, 8-mahine/30-din me khatm, baad me mila to bhi kaato.<br><br><b>Ref:</b> Rule 69(1), 69(2), 69(3); Rule 69(1); Rule 69(2); Rule 69(3)",CCS_Pension Rule_69 Timeline CCS_Pension::Rule_69 Priority::High,CCS_Pension_Rules_2021::07_Retirement_Processing_Rules_58_to_70,Cloze,HIGH,"Rule 69(1), 69(2), 69(3)",CCS21-7f02fc3e
The deemed-retirement rule's sub-rule (2): servant is{{c1::DEEMED retired}}on due date — failure to notify{{c2::does NOT extend service}}.,<b>Rule:</b> Retirement is automatic; paper-delay can't stretch tenure.<br><br><b>Hinglish:</b> Tareekh par retired-maano; kagaz-ruka to naukri-badhi nahi.<br><br><b>Ref:</b> Rule 70(2),CCS_Pension Rule_70 CCS_Pension::Rule_70 Priority::High,CCS_Pension_Rules_2021::07_Retirement_Processing_Rules_58_to_70,Cloze,HIGH,Rule 70(2),CCS21-e3597913
"The death-intimation rule's sub-rule (1): on death in service, HoO ascertains{{c1::gratuity / family pension / both}}; the death-intimation rule's sub-rule (2): checks{{c2::nomination}}, writes{{c3::Format 11}}to claimants for{{c4::Form 9}}death-gratuity claim.","<b>Rule:</b> Death-case opening: ascertain + nomination-check + Format-11/Form-9 gratuity track.<br><br><b>Hinglish:</b> Maut par HoO hisaab-nomination dekhe, Format 11 bheje, Form 9 mangaaye.<br><br><b>Ref:</b> Rule 71(1), 71(2); Rule 71(1); Rule 71(2)",CCS_Pension Rule_71 Form Format CCS_Pension::Rule_71 Priority::High,CCS_Pension_Rules_2021::08_Death_Cases_Rules_71_to_79,Cloze,HIGH,"Rule 71(1), 71(2)",CCS21-aa189764
The death-intimation rule's sub-rule (3): family-pension track ={{c1::Format 12}}to claimants +{{c2::Form 10}}claim +{{c3::Format 9}}bank undertaking.,"<b>Rule:</b> 12-invites, 10-claims, 9-undertakes.<br><br><b>Hinglish:</b> Format 12 bulaava, Form 10 daava, Format 9 bank-vachan.<br><br><b>Ref:</b> Rule 71(3)",CCS_Pension Rule_71 Form Format CCS_Pension::Rule_71 Priority::High,CCS_Pension_Rules_2021::08_Death_Cases_Rules_71_to_79,Cloze,HIGH,Rule 71(3),CCS21-4d82b19f
"The death-intimation rule's sub-rule (4)(a):{{c1::pre-death licence fee WAIVED}}; second,{{c2::damages recovered EXCEPT death-month + 3 months}}; third, DoE intimation in{{c3::7 DAYS}}.","<b>Rule:</b> Death-softened dues: fee forgiven, 4-month damage holiday, 7-day DoE alert.<br><br><b>Hinglish:</b> Maut par kiraya muaaf, 4-mahine nuksan-chhoot, 7 din me DoE-khabar.<br><br><b>Ref:</b> Rule 71(4)(a), (b), (c); Rule 71(4)",CCS_Pension Rule_71 Timeline CCS_Pension::Rule_71 Priority::Critical,CCS_Pension_Rules_2021::08_Death_Cases_Rules_71_to_79,Cloze,CRITICAL,"Rule 71(4)(a), (b), (c)",CCS21-d957c397
The death-intimation rule's sub-rule (5)(6): missing servant →{{c1::the missing-persons rule's sub-rule (1) + the missing-persons rule's sub-rule (4)}}route with{{c2::police report}}in the chain.,"<b>Rule:</b> Disappearance plugs into the missing-persons rule missing-machinery.<br><br><b>Hinglish:</b> Laapata par missing-persons wala rasta + police report.<br><br><b>Ref:</b> Rule 71(5), 71(6); Rule 71(5); Rule 6; Rule 51(1); Rule 51(4); Rule 51",CCS_Pension Rule_71 Missing_Person CCS_Pension::Rule_71 Priority::Medium,CCS_Pension_Rules_2021::08_Death_Cases_Rules_71_to_79,Cloze,MEDIUM,"Rule 71(5), 71(6)",CCS21-a5d1e78b
"The record-verification rule's sub-rule (1)(a): verify{{c1::ENTIRE service book}}; the record-verification rule{{c2::unverified ACCEPTED as verified}}; the record-verification rule{{c3::ready-access material = power, not duty}}; the record-verification rule must be{{c4::continuous (no dismissal/removal/resignation/strike)}}.","<b>Rule:</b> Death-case verification is lenient-but-continuous.<br><br><b>Hinglish:</b> Poori book dekho; unverified maan-lo; nirantar hona chahiye.<br><br><b>Ref:</b> Rule 72(1)(a), (b); Rule 72(1); Rule 72(b)(i); Rule 72(b)(ii); Rule 72(b)(iii)",CCS_Pension Rule_72 CCS_Pension::Rule_72 Priority::High,CCS_Pension_Rules_2021::08_Death_Cases_Rules_71_to_79,Cloze,HIGH,"Rule 72(1)(a), (b)(i), (b)(ii), (b)(iii)",CCS21-c2bdc93c
"The record-verification rule's sub-rule (2)(a): emoluments lookback ={{c1::1 YEAR}}(vs the calendar rule's 24 months); second,{{c2::EOL-case}}handling; the record-verification rule's sub-rule (3): determination in{{c3::1 MONTH}}.","<b>Rule:</b> Shorter pay-audit (1y vs 2y), 1-month finish.<br><br><b>Hinglish:</b> Maut-case me 1-saal vetan-jaanch, 1 mahine me faisla.<br><br><b>Trap:</b> 1y vs 24-month.<br><br><b>Ref:</b> Rule 72(2)(a), (b); Rule 72(3); Rule 72(2); Rule 57",CCS_Pension Rule_72 Timeline Exam_Trap CCS_Pension::Rule_72 Priority::High,CCS_Pension_Rules_2021::08_Death_Cases_Rules_71_to_79,Cloze,HIGH,"Rule 72(2)(a), (b); Rule 72(3)",CCS21-d6e2ae49
The FP-settlement rule's sub-rule (1): '{{c1::NO CASE should exist}}' without papers moving; the FP-settlement rule's sub-rule (2)(a): family pension (the family-pension rule's sub-rule (2)) settled within{{c2::1 MONTH}}.,"<b>Rule:</b> Zero-pendency mandate + 1-month family-pension clock.<br><br><b>Hinglish:</b> Koi file atki nahi; parivaar-pension 1 mahine me.<br><br><b>Ref:</b> Rule 73(1), 73(2)(a); Rule 73(1); Rule 50(2); Rule 73(2)",CCS_Pension Rule_73 Timeline CCS_Pension::Rule_73 Priority::High,CCS_Pension_Rules_2021::08_Death_Cases_Rules_71_to_79,Cloze,HIGH,"Rule 73(1), 73(2)(a)",CCS21-c49f55e0
The payment rule's sub-rule (1): AO returns{{c1::Form payment Part II Section I within 1 MONTH}}; first proviso:{{c2::1-year emoluments}}check; second proviso:{{c3::CONTINUE provisional}}meanwhile.,<b>Rule:</b> 1-month AO audit on 1-year pay; provisional never gaps.<br><br><b>Hinglish:</b> 1 mahine me AO-jaanch (1-saal vetan); tab tak provisional jaari.<br><br><b>Ref:</b> Rule 76(1); Rule 76,CCS_Pension Rule_76 Timeline CCS_Pension::Rule_76 Priority::High,CCS_Pension_Rules_2021::08_Death_Cases_Rules_71_to_79,Cloze,HIGH,Rule 76(1),CCS21-39f071f6
"The payment rule's sub-rule (3)(e): missing servant —{{c1::THREE dates, LATEST}}(mirrors its missing-persons counterpart); the payment rule's sub-rule (3)(f):{{c2::6-month bar}}; the payment rule's sub-rule (4):{{c3::disabled child / dependent parents / disabled siblings}}enter PPO if no prior claimant.","<b>Rule:</b> Missing-date trio + bar + extended-family PPO gate.<br><br><b>Hinglish:</b> Laapata me 3-tareekh-LATEST + 6-mahine rok; divyang/mata-pita/bhai PPO me.<br><br><b>Ref:</b> Rule 76(3)(e), (f); Rule 76(4); Rule 76(3); Rule 51(1)",CCS_Pension Rule_76 Missing_Person Timeline CCS_Pension::Rule_76 Priority::High,CCS_Pension_Rules_2021::08_Death_Cases_Rules_71_to_79,Cloze,HIGH,"Rule 76(3)(e), (f); Rule 76(4)",CCS21-057bac14
2022 fix: the payment rule's second sub-rule (5) was renumbered{{c1::(5A)}}by G.S.R. 770(E).,<b>Rule:</b> Pure numbering correction — duplicate split into /(5A).<br><br><b>Hinglish:</b> Do the — doosra (5A) bana.<br><br><b>Ref:</b> Rule 76(5A); G.S.R. 770(E); Rule 76; Rule 76(5),CCS_Pension Rule_76 GSR_770_E_2022 Amendment Rule_76_Numbering_Fix CCS_Pension::Rule_76 Priority::Medium,CCS_Pension_Rules_2021::08_Death_Cases_Rules_71_to_79,Cloze,MEDIUM,Rule 76(5A),CCS21-955609a9
The death-deputation rule's sub-rule (1): Central deputation death/missing →{{c1::borrowing HoO}}; the death-deputation rule's sub-rule (2): State/foreign →{{c2::HoO or cadre authority}}— twin of the deputation-cases rule{{c3::deputation-cases}}(which is for RETIREMENT).,"<b>Rule:</b> the deputation-cases rule = retirement; the death-deputation rule = death/missing — same fork, different chapter.<br><br><b>Hinglish:</b> 64-retirement, 78-maut/laapata — kanta wahi, mauka alag.<br><br><b>Trap:</b> 64 vs 78.<br><br><b>Ref:</b> Rule 78(1), 78(2); Rule 64; Rule 78(1); Rule 78(2); Rule 78",CCS_Pension Rule_78 Rule_64 Comparison Deputation CCS_Pension::Rule_78 Priority::Critical,CCS_Pension_Rules_2021::08_Death_Cases_Rules_71_to_79,Cloze,CRITICAL,"Rule 78(1), 78(2)",CCS21-0aa73e8b
The pensioner-death rule's sub-rule (1) triggers:{{c1::death/disappearance of pensioner}}OR{{c2::death/disappearance/ineligibility of family pensioner}}.,<b>Rule:</b> Chapter XII opens when the pension-recipient exits.<br><br><b>Hinglish:</b> Pension-paane wala gaya/tootta to Chapter XII khulta hai.<br><br><b>Ref:</b> Rule 79(1),CCS_Pension Rule_79 CCS_Pension::Rule_79 Priority::High,CCS_Pension_Rules_2021::08_Death_Cases_Rules_71_to_79,Cloze,HIGH,Rule 79(1),CCS21-5286866b
"The pensioner-death rule's sub-rule (2)(a)(i): widow/widower with name IN PPO starts{{c1::day-after-death}}; second, PDA disburses within{{c2::1 MONTH}}on{{c3::Form 12 + death certificate + Format 9}}.","<b>Rule:</b> PPO-named spouses flow fast: day-after start, 1-month PDA payout.<br><br><b>Hinglish:</b> PPO me naam to agle-din se; 1 mahine me PDA dega (Form 12 + DC + Format 9).<br><br><b>Ref:</b> Rule 79(2)(a)(i), (ii); Rule 79(2)",CCS_Pension Rule_79 Timeline Form Format CCS_Pension::Rule_79 Priority::Critical,CCS_Pension_Rules_2021::08_Death_Cases_Rules_71_to_79,Cloze,CRITICAL,"Rule 79(2)(a)(i), (ii)",CCS21-183a122c
The pensioner-death rule's sub-rule (2)(a)(iii) –(v):{{c1::disabled child / dependent parents / disabled siblings}}enter via{{c2::AO inclusion on HoO's written communication}}; spouse moves on{{c3::Form 8}}request.,<b>Rule:</b> Extended family needs HoO→AO writing; spouse uses Form 8.<br><br><b>Hinglish:</b> Divyang/mata-pita/bhai — HoO-likhe to AO-jode; patni Form 8 se.<br><br><b>Ref:</b> Rule 79(2)(a)(iii)-(v); Rule 79(2),CCS_Pension Rule_79 Form CCS_Pension::Rule_79 Priority::High,CCS_Pension_Rules_2021::08_Death_Cases_Rules_71_to_79,Cloze,HIGH,"Rule 79(2)(a)(iii), (iv), (v)",CCS21-d0fcf032
The pensioner-death rule's sub-rule (2)(b): name NOT in PPO → HoO sanctions in{{c1::Format 13}}within{{c2::1 MONTH of Form 10}}.,"<b>Rule:</b> Unlisted claimants: Form 10 in, Format 13 out, 1-month clock.<br><br><b>Hinglish:</b> Naam nahi to Form 10 do, Format 13 lo — 1 mahine me.<br><br><b>Ref:</b> Rule 79(2)(b); Rule 79(2)",CCS_Pension Rule_79 Timeline Form Format CCS_Pension::Rule_79 Priority::High,CCS_Pension_Rules_2021::08_Death_Cases_Rules_71_to_79,Cloze,HIGH,Rule 79(2)(b),CCS21-14abab8b
"The pensioner-death rule's sub-rule (3)(i): missing pensioner/family pensioner needs{{c1::Format 12 + Form 10 + Format 8 indemnity + police report + untraced report + Format 9}}; fourth, start-date ={{c2::TWO dates (pension paid OR police report), whichever LATER}}+{{c3::6-month bar}}; sixth,{{c4::NO rejection for Form 4 absence}}.","<b>Rule:</b> 6-paper chain + 2-date-LATER + bar + no-Form-4-veto.<br><br><b>Hinglish:</b> 6 kagaz, 2-tareekh-LATER, 6-mahine rok, Form 4 ki kami par mat roko.<br><br><b>Ref:</b> Rule 79(3)(i), (iv), (vi); Rule 79(3)",CCS_Pension Rule_79 Missing_Person Timeline CCS_Pension::Rule_79 Priority::Critical,CCS_Pension_Rules_2021::08_Death_Cases_Rules_71_to_79,Cloze,CRITICAL,"Rule 79(3)(i), (iv), (vi)",CCS21-3c53565b
The pensioner-death rule's sub-rule (4): widow remarries →{{c1::minor children's guardianship}}mechanics till{{c2::age of majority}}.,<b>Rule:</b> Remarriage reroutes children's shares through guardians.<br><br><b>Hinglish:</b> Vidva ne shaadi ki to bacchon ka hissa guardian se.<br><br><b>Ref:</b> Rule 79(4),CCS_Pension Rule_79 CCS_Pension::Rule_79 Priority::Medium,CCS_Pension_Rules_2021::08_Death_Cases_Rules_71_to_79,Cloze,MEDIUM,Rule 79(4),CCS21-d96534b0
The authorisation rule's sub-rule (1): AO authorises within{{c1::1 MONTH of sanction receipt}}; first proviso: delay beyond{{c2::3 MONTHS from claim}}→{{c3::interest + interest responsibility}}; second proviso: missing cases —{{c4::PPO date + 6-month bar}}.,<b>Rule:</b> 1-month AO clock; 3-month interest tripwire; missing-case PPO+bar.<br><br><b>Hinglish:</b> AO 1 mahine me; 3 mahine-ruka to byaaj; laapata me PPO+6-mahine.<br><br><b>Ref:</b> Rule 80(1); Rule 65,CCS_Pension Rule_80 Timeline Proviso CCS_Pension::Rule_80 Priority::Critical,CCS_Pension_Rules_2021::09_Authorization_Forms_Rules_80_to_87,Cloze,CRITICAL,Rule 80(1),CCS21-8ac65355
The authorisation rule's sub-rule (2): AO→CPAO in{{c1::1 MONTH}}(+ Format 9); the authorisation rule's sub-rule (3): CPAO{{c2::Special Seal in 10 DAYS}}; the authorisation rule's sub-rule (4): PDA disburses in{{c3::15 DAYS}}.,"<b>Rule:</b> 1-month → 10-day → 15-day payment relay.<br><br><b>Hinglish:</b> AO-CPAO-PDA: 1-mahina, 10-din, 15-din — paisa ghar.<br><br><b>Ref:</b> Rule 80(2), 80(3), 80(4); Rule 80(2); Rule 80(3); Rule 80(4)",CCS_Pension Rule_80 Timeline CCS_Pension::Rule_80 Priority::Critical,CCS_Pension_Rules_2021::09_Authorization_Forms_Rules_80_to_87,Cloze,CRITICAL,"Rule 80(2), 80(3), 80(4)",CCS21-5f04b85c
"The authorisation rule's sub-rule (5): death AFTER retirement WITHOUT forms — first,{{c1::spouse, then eligible family member}}files{{c2::Form 10 + Form 4 + Format 9}}; proviso: NOBODY family-pension-eligible →{{c3::gratuity nominee files Form 6}}; third, (2024) HoO forwards{{c4::BOTH routes (Forms-set OR Form 6-A)}}.","<b>Rule:</b> Post-retirement death without papers: spouse-ladder + nominee-rescue + dual forwarding.<br><br><b>Hinglish:</b> Kagaz-bina-maut: patni→parivaar (Form 10-set); koi-haqdaar-nahi to nominee (Form 6); HoO dono raste bheje.<br><br><b>Scope:</b> Form 6 + Form-10-set are recipient-track filings, unchanged by 410(E) (whose 6-A covers the servant retirement track only).<br><br><b>Ref:</b> Rule 80(5)(a), proviso, (c); Rule 80(5)",CCS_Pension Rule_80 Form Form_6A GSR_410_E_2024 CCS_Pension::Rule_80 Priority::High,CCS_Pension_Rules_2021::09_Authorization_Forms_Rules_80_to_87,Cloze,HIGH,"Rule 80(5)(a), (c)",CCS21-68a8b77c
"The rupees-only rule: ALL pensions incl. gratuities paid in{{c1::RUPEES, in INDIA ONLY}}.","<b>Rule:</b> Currency + territory lock.<br><br><b>Hinglish:</b> Rupaye me, Bharat me hi.<br><br><b>Ref:</b> Rule 82",CCS_Pension Rule_82 CCS_Pension::Rule_82 Priority::Medium,CCS_Pension_Rules_2021::09_Authorization_Forms_Rules_80_to_87,Cloze,MEDIUM,Rule 82,CCS21-164924ae
The arrears rule's sub-rule (1): gratuity in{{c1::LUMP SUM}}; the arrears rule's sub-rule (2): monthly pension on{{c2::LAST working day}}— March pension on{{c3::1st working day of APRIL}}.,"<b>Rule:</b> Gratuity once; pension month-end; March spills to April-1.<br><br><b>Hinglish:</b> Gratuity ek-baari; pension mahine-aakhir; March wali April-1 ko.<br><br><b>Trap:</b> March exception.<br><br><b>Ref:</b> Rule 83(1), 83(2); Rule 83(1); Rule 83(2)",CCS_Pension Rule_83 Timeline Exam_Trap CCS_Pension::Rule_83 Priority::High,CCS_Pension_Rules_2021::09_Authorization_Forms_Rules_80_to_87,Cloze,HIGH,"Rule 83(1), 83(2)",CCS21-1e538431
The satellite-application rule's sub-rule (1):{{c1::Treasury Rules}}govern 4 payment items ('{{c2::save as otherwise provided}}' = these Rules prevail); the satellite-application rule's sub-rule (2):{{c3::CCS (Commutation) Rules 1981}}; the satellite-application rule's sub-rule (3):{{c4::Payment of Arrears of Pension (Nominations) Rules 1983}}.,"<b>Rule:</b> Treasury-default + Commutation + Arrears-nomination satellites.<br><br><b>Hinglish:</b> Khazana-niyam (yeh-niyam-upar) + commutation-1981 + baqaya-nomination-1983.<br><br><b>Ref:</b> Rule 84(1), 84(2), 84(3); Rule 84(1); Rule 84(2); Rule 84(3)",CCS_Pension Rule_84 CCS_Pension::Rule_84 Priority::High,CCS_Pension_Rules_2021::09_Authorization_Forms_Rules_80_to_87,Cloze,HIGH,"Rule 84(1), 84(2), 84(3)",CCS21-2046fbec
The doubt-reference rule: interpretation doubt → refer to{{c1::DoPPW or DoPT}}.,<b>Rule:</b> Pension-vs-personnel referral by subject.<br><br><b>Hinglish:</b> Matlab-atkela to DoPPW/DoPT poochho.<br><br><b>Ref:</b> Rule 85,CCS_Pension Rule_85 CCS_Pension::Rule_85 Priority::Medium,CCS_Pension_Rules_2021::09_Authorization_Forms_Rules_80_to_87,Cloze,MEDIUM,Rule 85,CCS21-1a2cd815
The relaxation rule relaxation needs{{c1::undue hardship + particular case + recorded-reasons order + DoPPW/DoPT concurrence}}.,"<b>Rule:</b> 4-gate mercy: hardship, specificity, reasoning, concurrence.<br><br><b>Hinglish:</b> Kathin-museebat, khaas-case, wajah-likho, DoPPW/DoPT-haan — tabhi chhoot.<br><br><b>Ref:</b> Rule 86",CCS_Pension Rule_86 CCS_Pension::Rule_86 Priority::High,CCS_Pension_Rules_2021::09_Authorization_Forms_Rules_80_to_87,Cloze,HIGH,Rule 86,CCS21-55ba1594
The repeal rule's sub-rule (1): repeals{{c1::EVERY rule/regulation/order/OM}}inconsistent (1972 Rules as example) — PARTIAL ('{{c2::in so far as}}' inconsistent).,<b>Rule:</b> Blanket-but-partial repeal: only the inconsistent sliver dies.<br><br><b>Hinglish:</b> Jo-takraaye wahi-radd (1972 samet) — 'jahaan-tak' shabd pakdo.<br><br><b>Ref:</b> Rule 87(1),CCS_Pension Rule_87 Repeal CCS_Pension::Rule_87 Priority::High,CCS_Pension_Rules_2021::09_Authorization_Forms_Rules_80_to_87,Cloze,HIGH,Rule 87(1),CCS21-e059dc51
G.S.R. 770(E) dt. 07.10.2022 made which 6 changes?{{c1::the proceedings rule's sub-rule (1) substitute; the proceedings rule's sub-rule (2)(a) proviso; new appellate clause; military-counting reversal; the gratuity-nomination rule's sub-rule (5)(a) 'proviso to' deletion; (5A) renumbering}}(the family-pension rule also listed — VERIFY clause).,<b>Rule:</b> The proceedings-rewrite amendment + 5 riders; in force on publication.<br><br><b>Hinglish:</b> 2022 = proceedings-naya + 5-puche — publication se lagu.<br><br><b>Ref:</b> G.S.R. 770(E); Rule 8; Rule 8(1); Rule 8(2)(a); Rule 46(5)(a); Rule 20 Expl.1(ii); Rule 1(ii) Expl.1(ii); Rule 76; Rule 50,CCS_Pension GSR_770_E_2022 Amendment Synthesis Priority::Critical,CCS_Pension_Rules_2021::01_Preliminary_Rules_01_to_10,Cloze,CRITICAL,G.S.R. 770(E) dt. 07.10.2022,CCS21-e6aafe87
G.S.R. 770(E): proceedings before had{{c1::President-only}}authority; AFTER has{{c2::President + Secretary + C&amp;AG}}by appointing authority.,<b>Rule:</b> Single→triple authority; UPSC-need shrinks to President-route.<br><br><b>Hinglish:</b> Pehle ek-Rashtrapati; ab teen adhikari.<br><br><b>Ref:</b> Rule 8(1) pre/post 2022; Rule 8(1),CCS_Pension GSR_770_E_2022 Rule_08_1 Amendment CCS_Pension::Rule_08 Priority::Low Category::Historical CCS_Pension::Rule_08_1,CCS_Pension_Rules_2021::01_Preliminary_Rules_01_to_10,Cloze,LOW,Rule 8(1) pre-2022 vs post-2022,CCS21-28aa61f7
G.S.R. 770(E): military-counting before '{{c1::was NOT required to be refunded}}' → AFTER '{{c2::WAS TO BE REFUNDED}}'.,<b>Rule:</b> Refund-duty reversal for military re-employment counting.<br><br><b>Hinglish:</b> 'Wapas-nahi' ulta = 'wapas-karo'.<br><br><b>Ref:</b> Rule 20 Expl.1(ii); Rule 1(ii) Expl.1(ii),CCS_Pension GSR_770_E_2022 Rule_20_Exp1_ii Reversal CCS_Pension::Rule_20 Priority::Low Category::Historical CCS_Pension::Rule_20_Exp1_ii,CCS_Pension_Rules_2021::02_Qualifying_Service_Rules_11_to_30,Cloze,LOW,Rule 20 Expl.1(ii) pre/post 2022,CCS21-50a0dc9b
G.S.R. 770(E): gratuity-nomination deleted the words '{{c1::proviso to}}' (drafting fix); the payment rule's duplicate (5) became{{c2::(5A)}}.,<b>Rule:</b> Two surgical corrections riding the 2022 amendment.<br><br><b>Hinglish:</b> 'Proviso-to' kata; doosra- ab (5A).<br><br><b>Ref:</b> Rule 46(5)(a); Rule 76; Rule 46(5),CCS_Pension GSR_770_E_2022 Rule_46_5_a_Fix Rule_76_Numbering_Fix CCS_Pension::Rule_46 Priority::Medium CCS_Pension::Rule_46_5_a_Fix,CCS_Pension_Rules_2021::04_Pension_Gratuity_Rules_44_to_49,Cloze,MEDIUM,G.S.R. 770(E): Rule 46(5)(a); Rule 76,CCS21-f02322f7
G.S.R. 410(E) dt. 16.07.2024: core gift ={{c1::Single Pension Application Form 6-A}}; in force{{c2::after 120 days from publication}}(mid-Nov 2024 — VERIFY exact Gazette date; spec cites 16.11.2024).,<b>Rule:</b> F.No.55/13/2023-P&amp;PW(C); online-first pension filing reform.<br><br><b>Hinglish:</b> 2024 = Form-6-A wala sudhaar; 120-din baad lagu.<br><br><b>Ref:</b> G.S.R. 410(E) cl.1,CCS_Pension GSR_410_E_2024 Form_6A Amendment Timeline Priority::Critical,CCS_Pension_Rules_2021::01_Preliminary_Rules_01_to_10,Cloze,CRITICAL,G.S.R. 410(E) dt. 16.07.2024,CCS21-7bd442f0
"G.S.R. 410(E) touched (verified):{{c1::the family-pension rule's sub-rule (15)(e); the Bhavishya rule's sub-rule (1), the Bhavishya rule's sub-rule (2); the calendar rule's sub-rule (1)(c)(iii), the calendar rule's sub-rule (2)(a), the calendar rule's sub-rule (3); the event rule's sub-rule (1), the event rule's sub-rule (2); the case-build rule's sub-rule (1); the forwarding rule's sub-rule (1)(i), the forwarding rule's sub-rule (3), the forwarding rule's sub-rule (4); the provisional-pension rule's sub-rule (6)(a); the pension-payment rule's sub-rule (4); the authorisation rule's sub-rule (5)}}+ Form 4, Form 6→6-A, Form 7 checklist, Format 10.",<b>Rule:</b> 10+ provisions repointed to Form 6-A; commutation-bar provisos in the calendar rule/58; verified cl.2–14.<br><br><b>Hinglish:</b> 2024 ne 10+ jagah Form 6-A ghusaya — poori suchi yaad rakho.<br><br><b>Ref:</b> G.S.R. 410(E) cl.2-14; Rule 50(15)(e); Rule 53(1); Rule 53(2); Rule 57(1)(c)(iii); Rule 57(2)(a); Rule 57(3); Rule 58(1); Rule 58(2); Rule 59(1); Rule 60(1)(i); Rule 60(3); Rule 60(4); Rule 62(6)(a); Rule 63(4); Rule 80(5),CCS_Pension GSR_410_E_2024 Amendment Synthesis Priority::High,CCS_Pension_Rules_2021::01_Preliminary_Rules_01_to_10,Cloze,HIGH,G.S.R. 410(E) cl.2–14,CCS21-ee9229a1
"G.S.R. 410(E): where spouse/family files Form 6-A, servant loses{{c1::commutation benefit}}till{{c2::he personally applies under CCS (Commutation) Rules 1981}}(the calendar rule's sub-rule (3) + 58 provisos).",<b>Rule:</b> Commutation is personal — proxy filing can't trigger it.<br><br><b>Hinglish:</b> Patni-ne-bhara to commutation ruka — khud-aao-tab-pao.<br><br><b>Ref:</b> Rule 57(3); Rule 58 provisos,CCS_Pension GSR_410_E_2024 Form_6A Proviso Priority::High,CCS_Pension_Rules_2021::06_Bhavishya_Calendar_Rules_53_to_57,Cloze,HIGH,"G.S.R. 410(E): Rule 57(3), Rule 58 provisos",CCS21-ffcf6112
Pre-2024 vs Post-2024: retirement filing was{{c1::Form 4 + Form 6 + Format 9 undertaking}}; now{{c2::Form 6-A alone}}(forwarding verified).,<b>Rule:</b> Bundle→single consolidation.<br><br><b>Hinglish:</b> Pehle 3-kagaz; ab 1-Form.<br><br><b>Ref:</b> Rule 60(1)(i); Rule 60(1),CCS_Pension GSR_410_E_2024 Form_6A Priority::Low Category::Historical,CCS_Pension_Rules_2021::07_Retirement_Processing_Rules_58_to_70,Cloze,LOW,Rule 60(1)(i) pre/post 2024,CCS21-e7a10ed7
Three-amendments master table: 2022 ={{c1::proceedings rewrite + riders (on publication)}}; 2024 ={{c2::Form 6-A + online (after 120 days)}}; 2025 ={{c3::the PSU-absorption rule's sub-rule (29)(c) forfeiture (on publication)}}.,"<b>Rule:</b> Rewrite → Reform → Retribution: 770(E)/410(E)/340(E).<br><br><b>Hinglish:</b> 2022-adhikari, 2024-form, 2025-zabti.<br><br><b>Mnemonic:</b> '8-ka-8? 2022; 6-A = 2024; 37 = 2025'.<br><br><b>Ref:</b> All three G.S.R.s; Rule 8; Rule 37(29)(c)",CCS_Pension GSR_770_E_2022 GSR_410_E_2024 GSR_340_E_2025 Mnemonic Synthesis Priority::Critical,CCS_Pension_Rules_2021::01_Preliminary_Rules_01_to_10,Cloze,CRITICAL,G.S.R. 770(E); G.S.R. 410(E); G.S.R. 340(E),CCS21-c0a875d0
Form 1 ↔{{c1::commercial-employment sanction application}}.,<b>Rule:</b> Group A cooling-permission form.<br><br><b>Hinglish:</b> Company-naukri permission = Form 1.<br><br><b>Ref:</b> Rule 9(1); Rule 9,CCS_Pension Form Priority::High,CCS_Pension_Rules_2021::01_Preliminary_Rules_01_to_10,Cloze,HIGH,Form 1; Rule 9,CCS21-d26ccb9d
Form 2 ↔{{c1::the commercial-employment rule's sub-rule (5) checklist for commercial-employment cases}}.,<b>Rule:</b> Sanction-case checklist.<br><br><b>Hinglish:</b> Permission-file ki checklist = Form 2.<br><br><b>Ref:</b> Rule 9(5),CCS_Pension Form Priority::Medium,CCS_Pension_Rules_2021::01_Preliminary_Rules_01_to_10,Cloze,MEDIUM,Form 2; Rule 9(5),CCS21-a1bd8e89
Form 3 ↔{{c1::gratuity nomination nomination}}.,<b>Rule:</b> Initial-appointment nomination form.<br><br><b>Hinglish:</b> Gratuity-nomination = Form 3.<br><br><b>Ref:</b> Rule 46(1); Rule 46,CCS_Pension Rule_46 Form Nomination CCS_Pension::Rule_46 Priority::High,CCS_Pension_Rules_2021::04_Pension_Gratuity_Rules_44_to_49,Cloze,HIGH,Form 3; Rule 46,CCS21-6eebf049
Form 4 ↔{{c1::family-details record (evidentiary)}}.,"<b>Rule:</b> Standing family record; absence never blocks claims (the death-forwarding rule, the pensioner-death rule).<br><br><b>Hinglish:</b> Parivaar-byaura = Form 4; na-ho to bhi daava-ruka-nahi.<br><br><b>Ref:</b> Rule 50(15); Rule 50; Rule 74(2); Rule 79(3)(vi)",CCS_Pension Form Priority::High,CCS_Pension_Rules_2021::05_Family_Pension_DR_Rules_50_to_52,Cloze,HIGH,Form 4; Rule 50,CCS21-f2d0d364
Form 6 ↔{{c1::gratuity-nominee claim where NOBODY is family-pension-eligible (the authorisation rule's sub-rule (5) proviso)}}.,<b>Rule:</b> Nominee-rescue form; distinct from merged-away old Form 6 retirement filing (now 6-A).<br><br><b>Hinglish:</b> Koi-haqdaar-nahi to nominee ka Form 6.<br><br><b>Trap:</b> Form 6 vs 6-A.<br><br><b>Ref:</b> Rule 80(5) proviso; Rule 80(5),CCS_Pension Form Exam_Trap Priority::High,CCS_Pension_Rules_2021::09_Authorization_Forms_Rules_80_to_87,Cloze,HIGH,Form 6; Rule 80(5) proviso,CCS21-435dfe7e
Form 6-A ↔{{c1::2024 Single Pension Application Form (retirement filing; 9 erstwhile forms merged)}}.,<b>Rule:</b> Global Form 6→6-A substitution; e-HRMS/Bhavishya routing; 6-month/event clocks.<br><br><b>Hinglish:</b> Retirement ka 1-Form = 6-A (2024).<br><br><b>Ref:</b> G.S.R. 410(E),CCS_Pension Form_6A GSR_410_E_2024 Form Priority::Critical,CCS_Pension_Rules_2021::01_Preliminary_Rules_01_to_10,Cloze,CRITICAL,Form 6-A; G.S.R. 410(E),CCS21-bfb5917d
Form 7 ↔{{c1::pension-case summary — Part I (HoO) + Part II (AO)}}.,"<b>Rule:</b> HoO builds Part I + checklist + calc sheet; AO audits in Part II; 2024 dropped checklist items 9–10.<br><br><b>Hinglish:</b> Pension-file = Form 7 (HoO-I + AO-II).<br><br><b>Ref:</b> Rules 59, 60, 63",CCS_Pension Form Priority::High,CCS_Pension_Rules_2021::01_Preliminary_Rules_01_to_10,Cloze,HIGH,"Form 7; Rules 59, 60, 63",CCS21-23a13a4f
Form 8 ↔{{c1::spouse request for extended-family inclusion (the pensioner-death rule's sub-rule (2)(a))}}.,<b>Rule:</b> Widow/widower moves AO via HoO for disabled/parents/siblings entry.<br><br><b>Hinglish:</b> Patni ki arzi = Form 8.<br><br><b>Ref:</b> Rule 79(2)(a); Rule 79(2),CCS_Pension Form Priority::Medium,CCS_Pension_Rules_2021::08_Death_Cases_Rules_71_to_79,Cloze,MEDIUM,Form 8; Rule 79(2)(a),CCS21-fcdb4c8d
Form 9 ↔{{c1::death-gratuity claim (the death-intimation rule's sub-rule (2))}}.,<b>Rule:</b> Invited via Format 11.<br><br><b>Hinglish:</b> Maut-gratuity daava = Form 9.<br><br><b>Ref:</b> Rule 71(2),CCS_Pension Form Priority::High,CCS_Pension_Rules_2021::08_Death_Cases_Rules_71_to_79,Cloze,HIGH,Form 9; Rule 71(2),CCS21-320ad7c5
"Form 10 ↔{{c1::family-pension claim (the death-intimation rule's sub-rule (3), 79, the authorisation rule's sub-rule (5))}}.","<b>Rule:</b> Invited via Format 12; 2024 lets gratuity-nominee file 6-A instead (authorisation proviso).<br><br><b>Hinglish:</b> Parivaar-pension daava = Form 10.<br><br><b>Ref:</b> Rules 71(3), 79, 80(5); Rule 71(3); Rule 80(5)",CCS_Pension Form Priority::High,CCS_Pension_Rules_2021::01_Preliminary_Rules_01_to_10,Cloze,HIGH,Form 10,CCS21-5c19ccf3
Form 11 ↔{{c1::death-case summary (HoO Part I → AO Part II Sec I)}}.,"<b>Rule:</b> Death-twin of Form 7; 1-month AO clock (the payment rule's sub-rule ).<br><br><b>Hinglish:</b> Maut-file = Form 11.<br><br><b>Ref:</b> Rules 74, 76; Rule 76(1)",CCS_Pension Form Priority::High,CCS_Pension_Rules_2021::01_Preliminary_Rules_01_to_10,Cloze,HIGH,"Form 11; Rules 74, 76",CCS21-1b3fb1b9
Form 12 ↔{{c1::pensioner-death family-pension claim at PDA (the pensioner-death rule's sub-rule (2)(a)(ii))}}.,<b>Rule:</b> PPO-named spouse: Form 12 + death certificate + Format 9 → PDA pays in 1 month.<br><br><b>Hinglish:</b> PDA-daava = Form 12.<br><br><b>Ref:</b> Rule 79(2)(a)(ii); Rule 79(2),CCS_Pension Form Priority::High,CCS_Pension_Rules_2021::08_Death_Cases_Rules_71_to_79,Cloze,HIGH,Form 12; Rule 79(2)(a)(ii),CCS21-3d49696b
Format 4 ↔{{c1::QS-verification communication}}.,<b>Rule:</b> 18-year + 5-year verification conveyed in Format 4.<br><br><b>Hinglish:</b> Seva-satyapan-patra = Format 4.<br><br><b>Ref:</b> Rule 30(1); Rule 30,CCS_Pension Format Priority::High,CCS_Pension_Rules_2021::02_Qualifying_Service_Rules_11_to_30,Cloze,HIGH,Format 4; Rule 30,CCS21-0ac151d9
Format 5 ↔{{c1::/corporate-absorption relieving order on absorption}}.,<b>Rule:</b> Absorption relieving paperwork.<br><br><b>Hinglish:</b> Absorption-kaaryamukti = Format 5.<br><br><b>Ref:</b> Rule 35(3); Rule 36; Rule 35,CCS_Pension Format Priority::Medium,CCS_Pension_Rules_2021::01_Preliminary_Rules_01_to_10,Cloze,MEDIUM,"Format 5; Rules 35, 36",CCS21-e727150f
Format 6 ↔{{c1::the invalid-pension rule's sub-rule (8) medical (invalid) certificate}}.,<b>Rule:</b> Board/Surgeon certifies; pension in 45 days.<br><br><b>Hinglish:</b> Invalid-praman = Format 6.<br><br><b>Ref:</b> Rule 39(8),CCS_Pension Format Priority::High,CCS_Pension_Rules_2021::03_Emoluments_Classes_Rules_31_to_43,Cloze,HIGH,Format 6; Rule 39(8),CCS21-148704c9
Format 8 ↔{{c1::the pensioner-death rule's sub-rule (3) indemnity bond (missing pensioner claims)}}.,<b>Rule:</b> Missing-case safeguard bond.<br><br><b>Hinglish:</b> Laapata-kshatipurti-bandh = Format 8.<br><br><b>Ref:</b> Rule 79(3)(i); Rule 79(3),CCS_Pension Format Priority::High,CCS_Pension_Rules_2021::08_Death_Cases_Rules_71_to_79,Cloze,HIGH,Format 8; Rule 79(3),CCS21-b7ce1f80
Format 9 ↔{{c1::bank undertaking}}.,"<b>Rule:</b> Recovery undertaking to bank/PDA; 2024 folds it into Form 6-A for retirement track (the pension-payment rule, the forwarding rule) but it survives in death track (the death-intimation rule, 74, 79).<br><br><b>Hinglish:</b> Bank-vachan = Format 9; retirement me 6-A me sama, maut me alag.<br><br><b>Ref:</b> Format 9; Rules 60, 63, 71, 74, 79; Rule 63(4); Rule 60(1)(i); Rule 71(3)",CCS_Pension Format Form_6A Priority::High,CCS_Pension_Rules_2021::01_Preliminary_Rules_01_to_10,Cloze,HIGH,Format 9,CCS21-8d20a65e
Format 10 ↔{{c1::HoO→AO covering/forwarding letter}}(carries Government dues + withholding flag; enclosures rewritten 2024).,"<b>Rule:</b> The forwarding lifafa: 6-A/Form 10 + Form 7/11 + checklists.<br><br><b>Hinglish:</b> Bhejne-wala-patra = Format 10.<br><br><b>Ref:</b> Rules 60, 74; G.S.R. 410(E) cl.14; Rule 67; Rule 68(5)",CCS_Pension Format Priority::High,CCS_Pension_Rules_2021::01_Preliminary_Rules_01_to_10,Cloze,HIGH,Format 10,CCS21-f43f912b
Format 11 ↔{{c1::death-gratuity claimant invitation}}; Format 12 ↔{{c2::family-pension claimant invitation}}; Format 13 ↔{{c3::the pensioner-death rule's sub-rule (2)(b) family-pension sanction}}.,"<b>Rule:</b> 11-invites-gratuity, 12-invites-pension, 13-sanctions-pension.<br><br><b>Hinglish:</b> 11-bulaava-gratuity, 12-bulaava-pension, 13-manzoori-pension.<br><br><b>Ref:</b> Rules 71, 79; Rule 79(2)(b)",CCS_Pension Format Priority::High,CCS_Pension_Rules_2021::01_Preliminary_Rules_01_to_10,Cloze,HIGH,"Formats 11, 12, 13",CCS21-51b1167d
"QS threshold ladder:{{c1::1y}}(the family-pension rule gateway) →{{c2::5y}}(gratuity; 4y9m) →{{c3::10y}}(pension; 9y9m) →{{c4::18y}}(verification) →{{c5::20y}}(the voluntary-retirement rule VR, NO rounding) →{{c6::30y}}(premature).","<b>Rule:</b> 1-5-10-18-20-30 with near-miss twins + no-rounding fence at 20.<br><br><b>Hinglish:</b> 1-5-10-18-20-30 — seedhi rat lo, 4y9m/9y9m judvaan.<br><br><b>Ref:</b> Rules 50, 45, 44, 30, 43, 42; Rule 50; Rule 30; Rule 43; Rule 42",CCS_Pension Threshold Qualifying_Service Mnemonic Priority::Critical,CCS_Pension_Rules_2021::01_Preliminary_Rules_01_to_10,Cloze,CRITICAL,Rules 50(1); 45; 44; 30; 43; 42,CCS21-a2e078ef
"Amount ladder:{{c1::Rs 9,000}}(pension/family-pension floor) →{{c2::Rs 75,000}}(ordinary FP max) →{{c3::Rs 1,25,000}}(pension + enhanced FP max) →{{c4::Rs 20L rule / Rs 25L operative}}(gratuity cap) →{{c5::Rs 54,000}}(Board pay-gate) →{{c6::Rs 14,400/mo}}(FP income test at 60% DR — VOLATILE).","<b>Rule:</b> 9K-75K-125K-25L-54K-14.4K; 75K/125K PIB-confirmed (7CPC: 30%/50% of 2.5L); 14.4K stays VOLATILE (live-DR recompute).<br><br><b>Hinglish:</b> 9-75-125 hazar, 25 lakh, 54 hazar, 14,400 — rakam-mala.<br><br><b>Last verified:</b> 2026-09-20<br><br><b>Ref:</b> Rules 44, 45, 50, 39, 52",CCS_Pension Threshold Floor Ceiling Priority::Critical,CCS_Pension_Rules_2021::01_Preliminary_Rules_01_to_10,Cloze,CRITICAL,Rules 44; 45; 50; 39; 52,CCS21-89f934e6
"Day-count clocks:{{c1::7d}}(the death-intimation rule, 77 DoE) →{{c2::10d}}(the retirement-list rule, the DoE-dues rule, the provisional-pension rule, CPAO) →{{c3::14d}}(68 NDC) →{{c4::15d}}(the invalid-pension rule, 43 provisos/withdrawal, the death-payment rule, PDA) →{{c5::30d}}(the invalid-pension rule, the commercial-employment rule, the assessment rule) →{{c6::45d}}(the invalid-pension rule, the pension-payment rule).","<b>Rule:</b> 7-10-14-15-30-45 day-chain across chapters.<br><br><b>Hinglish:</b> 7-10-14-15-30-45 — din-ginti mala.<br><br><b>Ref:</b> Rules 71, 77, 54, 62, 80, 68, 39, 43, 75, 9, 69, 63; Rule 71(4)(c); Rule 80(3); Rule 54(3); Rule 55(3); Rule 62(4); Rule 80(4); Rule 39(3); Rule 75(1); Rule 39(4); Rule 9(7); Rule 69(2); Rule 39(8); Rule 63(1)(b)",CCS_Pension Threshold Timeline Priority::Critical,CCS_Pension_Rules_2021::01_Preliminary_Rules_01_to_10,Cloze,CRITICAL,Rules 71; 77; 54; 62; 80; 68; 39; 43; 75; 9; 69; 63,CCS21-1fd4adc9
"Month/year clocks:{{c1::1mo}}(the provisional-pension rule, the record-verification rule, 73, 74, 76, 79, 80) →{{c2::2mo}}(57, 59, 60, the pension-payment rule, the interest rule, 66, the withholding rule) →{{c3::3mo}}(the compulsory-retirement rule, the compassionate-allowance rule, premature-retirement/voluntary-retirement notice, interest) →{{c4::4mo}}(calendar-case case-build/forwarding) →{{c5::6mo}}(the transfer-election rule, 21 Expl, the compassionate-allowance rule, the missing-persons rule, the calendar rule, the provisional-pension rule, the death-payment rule, 76) →{{c6::8mo}}(55, 57, the withholding rule, 69) →{{c7::1y}}(commercial-employment cooling, the voluntary-retirement rule?, DoE-dues/preparation/assessment) →{{c8::2y}}(37 repatriation, 66 DoPPW) →{{c9::3y? NO}}→{{c10::6y? NO}}→{{c11::7y}}(the family-pension rule, the missing-persons rule) →{{c12::10y}}(the family-pension rule's sub-rule (2)(a)(ii)) →{{c13::36mo}}instalments →{{c14::120d}}(2024 amendment).",<b>Rule:</b> Master duration chain; 31-January annual report (the verification-timeline rule's sub-rule ) rides alongside.<br><br><b>Hinglish:</b> Mahina-saal mala + 36-kisht + 120-din + 31-January.<br><br><b>Ref:</b> Rule 62(4); Rule 72(3); Rule 63(1)(a); Rule 65(3); Rule 68(1)(a); Rule 42; Rule 43; Rule 80(1); Rule 40(4); Rule 41(2); Rule 57; Rule 59; Rule 60; Rule 4(1); Rule 41(4); Rule 51(8); Rule 57(2)(a); Rule 62(6)(a); Rule 75(3); Rule 68(2); Rule 55; Rule 56; Rule 69; Rule 9; Rule 43(4); Rule 50(2)(a)(iii); Rule 51(8)(b); Rule 50(2)(a)(ii); Rule 19; Rule 20; Rule 30(5),CCS_Pension Threshold Timeline Mnemonic Priority::Critical,CCS_Pension_Rules_2021::01_Preliminary_Rules_01_to_10,Cloze,CRITICAL,Multiple rules (see tags),CCS21-0b83c09c
"Percentage ladder:{{c1::10%}}(provisional-pension/withholding/death-forwarding/death-dues holds) →{{c2::20/30/40/50/100%}}(the pension rule, family-pension age slabs) →{{c3::30%}}(ordinary FP) →{{c4::50%}}(pension, enhanced FP, the invalid-pension rule's sub-rule (9)) →{{c5::2/3}}(the compulsory-retirement rule floor, the compassionate-allowance rule cap) →{{c6::60%}}(DR now — VOLATILE) →{{c7::100%}}(the provisional-pension rule, the death-payment rule).","<b>Rule:</b> Holds-slabs-rates-caps-DR-fulls in one chain.<br><br><b>Hinglish:</b> 10-se-100 tak pratishat-mala; DR badalta hai.<br><br><b>Last verified:</b> 2026-09-20<br><br><b>Ref:</b> Rules 62, 68, 44, 50, 40, 41, 52, 75; Rule 77; Rule 62; Rule 68; Rule 74; Rule 50(3); Rule 44(6); Rule 39(9); Rule 40; Rule 41; Rule 62(3)(a); Rule 75(5)",CCS_Pension Threshold Priority::Critical,CCS_Pension_Rules_2021::01_Preliminary_Rules_01_to_10,Cloze,CRITICAL,Rules 62; 68; 44; 50; 40; 41; 52; 75,CCS21-6cc58dbc
Multiplier ladder:{{c1::2× / 6× / 12× / 20× / 33×}}(gratuity death slabs) +{{c2::16.5×}}(gratuity retirement cap) +{{c3::12×}}(gratuity residuary deficiency).,<b>Rule:</b> Death 2-6-12-20-33; retirement 16.5×; residuary 12× top-up.<br><br><b>Hinglish:</b> Guna-mala: maut 2-6-12-20-33; retirement 16.5; residuary 12.<br><br><b>Ref:</b> Rule 45; Rule 45(1)(b); Rule 45(1)(a); Rule 45(3),CCS_Pension Threshold Gratuity Mnemonic Priority::Critical,CCS_Pension_Rules_2021::04_Pension_Gratuity_Rules_44_to_49,Cloze,CRITICAL,"Rule 45(1)(a), (b); 45(3)",CCS21-68d15081
Provision vs Contract Service{{c1::SANCTION}}is load-bearing.,"<b>Rule:</b> Counting contract service turns on sanction, not mere knowledge.<br><br><b>Hinglish:</b> 'Manzoori' shabd pakdo — 'jaankari' dhokha hai.<br><br><b>Ref:</b> Rule 18; Rule 18(Rule 18)",CCS_Pension Terminology Exam_Trap Priority::High,CCS_Pension_Rules_2021::02_Qualifying_Service_Rules_11_to_30,Cloze,HIGH,Rule 18,CCS21-9fa34a7c
Form vs Format:{{c1::Form = servant/claimant application (1–13)}};{{c2::Format = office template/letter (1–13)}}; 2024 merged 9 into{{c3::Form 6-A}}.,"<b>Rule:</b> Filler-vs-office distinction; the interpretation rule's sub-rule (k)/(l).<br><br><b>Hinglish:</b> Form-tum-bharo, Format-daftar-bharo.<br><br><b>Ref:</b> Rule 3(1)(k), (l); Rule 3(1)(k); Rule 3(1)",CCS_Pension Terminology Form Format Exam_Trap Priority::Critical,CCS_Pension_Rules_2021::01_Preliminary_Rules_01_to_10,Cloze,CRITICAL,Rule 3(1)(k); Rule 3(1)(l),CCS21-8dc3804e
Head of Department vs Head of Office:{{c1::HoD decides/lists}};{{c2::HoO processes/forwards/sanctions-provisional}}; HoO ≠{{c3::senior-most officer}}.,"<b>Rule:</b> the interpretation rule's sub-rule (p)/(q) split of labour.<br><br><b>Hinglish:</b> HoD-mukhiya, HoO-file-wala; sabse-senior-nahi.<br><br><b>Ref:</b> Rule 3(1)(p), (q); Rule 3(1)(p); Rule 3(1)",CCS_Pension Terminology Exam_Trap Priority::High,CCS_Pension_Rules_2021::01_Preliminary_Rules_01_to_10,Cloze,HIGH,Rule 3(1)(p); Rule 3(1)(q),CCS21-039221bc
Pension vs Family Pension: payee differs ({{c1::servant vs family}}); DR treatment SAME ({{c2::both EXCLUDE DR}}).,"<b>Rule:</b> the interpretation rule's sub-rule (t)/(i) + DR separation.<br><br><b>Hinglish:</b> Paane-wala alag, DR-dono-se-bahar.<br><br><b>Ref:</b> Rule 3(1)(t), (i); Rule 52; Rule 3(1)(t); Rule 3(1)",CCS_Pension Terminology Exam_Trap Priority::Critical,CCS_Pension_Rules_2021::01_Preliminary_Rules_01_to_10,Cloze,CRITICAL,Rule 3(1)(t); Rule 3(1)(i),CCS21-510ef5cc
Defence Service vs Armed Forces:{{c1::NOT synonyms}}— use the defined term only.,<b>Rule:</b> interpretation trap.<br><br><b>Hinglish:</b> Paribhasha wala shabd hi likho.<br><br><b>Ref:</b> Rule 3(1)(g),CCS_Pension Terminology Exam_Trap Priority::Medium,CCS_Pension_Rules_2021::01_Preliminary_Rules_01_to_10,Cloze,MEDIUM,Rule 3(1)(g),CCS21-e888c5b5
4y9m vs 9y9m:{{c1::4y9m = GRATUITY gate}};{{c2::9y9m = PENSION gate}}.,"<b>Rule:</b> Twin near-miss, different doors.<br><br><b>Hinglish:</b> 4y9m-gratuity, 9y9m-pension.<br><br><b>Ref:</b> Rule 45(4)-(5); Rule 44(8); Rule 45; Rule 44",CCS_Pension Near_Miss Exam_Trap Priority::Critical,CCS_Pension_Rules_2021::04_Pension_Gratuity_Rules_44_to_49,Cloze,CRITICAL,"Rule 45(4), (5); Rule 44(8)",CCS21-63f50eac
11 years vs 10 years:{{c1::11y = death-gratuity slab edge (12×→20×)}};{{c2::10y = pension QS gate}}.,"<b>Rule:</b> slab vs pension gate.<br><br><b>Hinglish:</b> 11-gratuity-seedhi, 10-pension-darwaza.<br><br><b>Ref:</b> Rule 45(1)(b); Rule 44(1)",CCS_Pension Near_Miss Exam_Trap Priority::High,CCS_Pension_Rules_2021::04_Pension_Gratuity_Rules_44_to_49,Cloze,HIGH,Rule 45(1)(b); Rule 44(1),CCS21-0238a14f
Preparation vs Missing Persons: map each.,"<b>Rule:</b> Earlier = prep-start; Later = 2-date races; Latest = 3-date races; Less = post-retirement enhanced cap; More-beneficial = pay-base pick.<br><br><b>Hinglish:</b> Pehle/chhota-2/bada-3/kam/faayda — paanchon 'whichever' alag.<br><br><b>Ref:</b> Rules 56, 69, 51, 62, 79, 76, 50, 32, 44, 39; Rule 56; Rule 69; Rule 51(2)(b); Rule 51(3); Rule 62(6)(a); Rule 79(3)(iv)(1)(b); Rule 76(3)(e)(2)(a)(iii); Rule 44; Rule 39(9)",CCS_Pension Terminology Exam_Trap Synthesis Priority::Critical,CCS_Pension_Rules_2021::01_Preliminary_Rules_01_to_10,Basic,CRITICAL,Rules 56; 69; 51; 62; 79; 76; 50; 32; 44; 39,CCS21-3c6c564a
Shall vs May mines: the gratuity-nomination rule's sub-rule (2){{c1::shall(family)/may(outsider)}}; the premature-retirement rule's sub-rule (2){{c2::may (discretionary notice)}}; the voluntary-retirement rule's sub-rule (1){{c3::may (servant's right)}}; the voluntary-retirement rule's sub-rule (2){{c4::auto-effective}}; the DR rule's sub-rule (1){{c5::may be granted}}; the interest rule's sub-rule (2){{c6::shall sanction}}.,"<b>Rule:</b> Six verb-traps in one chain.<br><br><b>Hinglish:</b> Karna-hai/kar-sakte-ho ki chhah jaal.<br><br><b>Ref:</b> Rules 46, 42, 43, 52, 65; Rule 46(2); Rule 42(2); Rule 43(1); Rule 43(2); Rule 52(1); Rule 65(2)",CCS_Pension Terminology Exam_Trap Priority::High,CCS_Pension_Rules_2021::01_Preliminary_Rules_01_to_10,Cloze,HIGH,Rules 46; 42; 43; 52; 65,CCS21-c8da743b
Provision vs PSU Absorption{{c1::retrenchment = review ONLY}};{{c2::dismissal/removal = forfeiture + review}}.,<b>Rule:</b> 2025 substitution's fine cut.<br><br><b>Hinglish:</b> Retrenchment-sirf-review; nikaasi-zabti+review.<br><br><b>Ref:</b> Rule 37(29)(c),CCS_Pension Terminology Exam_Trap Priority::Critical,CCS_Pension_Rules_2021::03_Emoluments_Classes_Rules_31_to_43,Cloze,CRITICAL,Rule 37(29)(c) as substituted by G.S.R. 340(E),CCS21-b601697d
"Conduct vs Proceedings{{c1::conduct-route (President+UPSC, 15+15)}}vs{{c2::proceedings-route (3 authorities, UPSC only for President)}}.","<b>Rule:</b> Post-retirement finding vs pending/concluded proceedings.<br><br><b>Hinglish:</b> Acharan-Rashtrapati vs karyavahi-teen-adhikari.<br><br><b>Ref:</b> Rules 7, 8; Rule 7; Rule 8",CCS_Pension Comparison Priority::High,CCS_Pension_Rules_2021::01_Preliminary_Rules_01_to_10,Cloze,HIGH,Rule 7; Rule 8,CCS21-06ad0f0f
Commercial Employment vs Foreign Government{{c1::commercial/Group-A/1-year/Form-1}}vs{{c2::foreign-govt/no-limit/no-Form}}.,"<b>Rule:</b> Company vs country.<br><br><b>Hinglish:</b> Company-1saal-Form1 vs videsh-hamesha-binaForm.<br><br><b>Ref:</b> Rules 9, 10; Rule 9; Rule 10",CCS_Pension Comparison Priority::High,CCS_Pension_Rules_2021::01_Preliminary_Rules_01_to_10,Cloze,HIGH,Rule 9; Rule 10,CCS21-641c1929
Civil Return vs Military Counting{{c1::civil-capped ()}}vs{{c2::military-uncapped ()}}; common{{c3::36-month}}refund; 2022 flipped{{c4::Exp.1(ii)}}.,"<b>Rule:</b> Seema vs khula.<br><br><b>Hinglish:</b> Civil-seema, fauji-khula, 36-kisht-samaan.<br><br><b>Ref:</b> Rules 19, 20; Rule 19; Rule 20; Rule 19(5); Rule 20(5)",CCS_Pension Comparison Priority::High,CCS_Pension_Rules_2021::02_Qualifying_Service_Rules_11_to_30,Cloze,HIGH,Rule 19; Rule 20,CCS21-5d7ff720
Premature Retirement vs Voluntary Retirement{{c1::authority/30y/public-interest/may-notice}}vs{{c2::servant/20y/right/mandatory-notice/no-rounding}}; common{{c3::pension}}.,"<b>Rule:</b> Taakat vs haq.<br><br><b>Hinglish:</b> 42-Sarkar-30; 43-khud-20-no-rounding.<br><br><b>Ref:</b> Rules 42, 43; Rule 42; Rule 43; Rule 44",CCS_Pension Comparison Priority::Critical,CCS_Pension_Rules_2021::03_Emoluments_Classes_Rules_31_to_43,Cloze,CRITICAL,Rule 42; Rule 43,CCS21-6b1b3d88
"The pension rule's sub-rule (2) service Gratuity vs gratuity Retirement Gratuity:{{c1::sub-10y substitute (½-month, uncapped, once)}}vs{{c2::10y+ addition (¼, 16.5×, 25L cap)}}.",<b>Rule:</b> Substitute vs addition; ½ vs ¼; uncapped vs double-capped.<br><br><b>Hinglish:</b> Badal-aadha-beseema vs saath-chauthai-dohri-seema.<br><br><b>Ref:</b> Rule 44(2)-(3); Rule 45(1)(a); Rule 44(2); Rule 45(1),CCS_Pension Comparison Gratuity Priority::Critical,CCS_Pension_Rules_2021::04_Pension_Gratuity_Rules_44_to_49,Cloze,CRITICAL,"Rule 44(2), (3); Rule 45(1)(a)",CCS21-ec85d04e
Gratuity Nomination vs Provision{{c1::family-acquired kills ALL}}vs{{c2::single-member kills ALTERNATE only}}.,<b>Rule:</b> Poora vs aadha.<br><br><b>Hinglish:</b> Parivaar-aaya-poora-gaya; akela-alternate-gaya.<br><br><b>Ref:</b> Rule 46(5),CCS_Pension Comparison Priority::High,CCS_Pension_Rules_2021::04_Pension_Gratuity_Rules_44_to_49,Cloze,HIGH,"Rule 46(5)(a), (b)",CCS21-a4df13cf
The gratuity-distribution rule group 1 vs Group 2:{{c1::spouse+minor/unmarried/widowed-children}}vs{{c2::parents+married-daughter+grandline+siblings}}; rule:{{c3::ONE Group-1 survivor excludes ALL Group 2}}.,<b>Rule:</b> Strict two-tier ladder.<br><br><b>Hinglish:</b> Group1-ek-bhi to Group2-shunya.<br><br><b>Ref:</b> Rule 47(1)(b); Rule 47,CCS_Pension Comparison Priority::High,CCS_Pension_Rules_2021::04_Pension_Gratuity_Rules_44_to_49,Cloze,HIGH,Rule 47(1)(b),CCS21-27981742
Murder Taint vs Lapse{{c1::tainted claimant (freeze/forfeit/restore)}}vs{{c2::no claimant (lapse + succession-certificate rescue)}}; the lapse rule ={{c3::gratuity ONLY}}.,"<b>Rule:</b> Khooni vs laavaaris.<br><br><b>Hinglish:</b> 48-davaar-rok; 49-koi-nahi-Sarkar.<br><br><b>Ref:</b> Rules 48, 49; Rule 48; Rule 49",CCS_Pension Comparison Priority::High,CCS_Pension_Rules_2021::04_Pension_Gratuity_Rules_44_to_49,Cloze,HIGH,Rule 48; Rule 49,CCS21-352c3dc4
Family Pension vs Provision{{c1::in-service 50% × 10y (no age cap)}}vs{{c2::post-retirement 50% × (7y/dues LESS) + authorised-cap + ordinary-floor}}.,"<b>Rule:</b> Das-saal-khula vs saat/67-bandha.<br><br><b>Hinglish:</b> Naukri-maut-10-saal; retire-maut-7/67-jo-kam.<br><br><b>Ref:</b> Rule 50(2)(a)(ii), (iii); Rule 50(2); Rule 67",CCS_Pension Comparison Priority::Critical,CCS_Pension_Rules_2021::05_Family_Pension_DR_Rules_50_to_52,Cloze,CRITICAL,"Rule 50(2)(a)(ii), (iii)",CCS21-eb53bac3
"Calendar vs Event{{c1::calendar (6-month, 'THE member')}}vs{{c2::event (immediate, 'ANY OTHER member')}}.","<b>Rule:</b> Tareekh vs ghatna + keyword.<br><br><b>Hinglish:</b> 57-tareekh-THE; 58-ghatna-ANY-OTHER.<br><br><b>Ref:</b> Rules 57, 58; Rule 57; Rule 58",CCS_Pension Comparison Priority::High,CCS_Pension_Rules_2021::06_Bhavishya_Calendar_Rules_53_to_57,Cloze,HIGH,Rule 57; Rule 58,CCS21-38d59bd4
"Provisional Pension vs Pension Payment{{c1::HoO provisional (100%/90%, 6-mo cap)}}vs{{c2::AO final (PPO, 2-mo/gratuity-d)}}.","<b>Rule:</b> Kaam-chalau vs pakka.<br><br><b>Hinglish:</b> 62-HoO-arzi; 63-AO-PPO.<br><br><b>Ref:</b> Rules 62, 63; Rule 62; Rule 63; Rule 45",CCS_Pension Comparison Priority::High,CCS_Pension_Rules_2021::07_Retirement_Processing_Rules_58_to_70,Cloze,HIGH,Rule 62; Rule 63,CCS21-3dd4b41d
Deputation Cases vs Death Deputation{{c1::RETIREMENT processing}}vs{{c2::DEATH/MISSING processing}}; same fork ({{c3::Central→borrowing; State/foreign→HoO-or-cadre}}).,"<b>Rule:</b> Same kanta, different mauka.<br><br><b>Hinglish:</b> 64-retire, 78-maut — kanta-ek.<br><br><b>Ref:</b> Rules 64, 78; Rule 64; Rule 78",CCS_Pension Comparison Priority::High,CCS_Pension_Rules_2021::07_Retirement_Processing_Rules_58_to_70,Cloze,HIGH,Rule 64; Rule 78,CCS21-1769f2ba
"Chapter X vs XI:{{c1::retirement (Forms 6-A/7, 8-mo/4-mo/2-mo clocks, forfeiture-mo audit)}}vs{{c2::death (Forms commercial-employment/foreign-government/qualifying-service, 1-mo/temporary-status-d clocks, 1-y audit, 7-d/6-mo bars)}}.",<b>Rule:</b> Slow-careful vs fast-compassionate.<br><br><b>Hinglish:</b> Retirement-dheere; maut-tez.<br><br><b>Ref:</b> Rules 53-70; 71-78; Rule 24; Rule 15; Rule 9; Rule 10; Rule 11,CCS_Pension Comparison Priority::High,CCS_Pension_Rules_2021::01_Preliminary_Rules_01_to_10,Cloze,HIGH,Chapter X; Chapter XI,CCS21-ac1f3053
"Mnemonic bank: 3 authorities{{c1::P-S-C (President, Secretary, C&amp;AG)}}; 4 gratuity{{c2::S-R-D-Re}}; 5 death slabs{{c3::2-6-12-20-33}}; 3 FP gateways{{c4::1y/fit/post-retirement}}; 4 FP tiers{{c5::W-C-P-S}}; 5 age slabs{{c6::20-30-40-50-100}}; 5 interruptions{{c7::L-A-S-T-J (Leave, Absence-till-filled, Suspension, Transfer-public-interest, Joining)}}.","<b>Rule:</b> Seven mnemonics in one card.<br><br><b>Hinglish:</b> Saat ratta-mala ek card me.<br><br><b>Ref:</b> Rules 8, 3(o)/45, 45(1)(b), 50(1), 50(6), 44(6)/50(3), 27",CCS_Pension Mnemonic Synthesis Priority::High,CCS_Pension_Rules_2021::01_Preliminary_Rules_01_to_10,Cloze,HIGH,Rules 8; 45; 50; 44; 27,CCS21-4eb85ff1
"Pension-computation decision tree: first,{{c1::QS? &lt;5 service-gratuity / 5–foreign-government near-miss / 10+ pension+gratuity}}→ second,{{c2::pay-base (emoluments vs average, more beneficial)}}→ third,{{c3::50% pension, 9K–125K}}→ fourth,{{c4::¼ retirement gratuity, 16.5×, 25L}}→ fifth,{{c5::3-mo rounding + 9y9m/4y9m}}→ sixth,{{c6::80+ additional 20–100}}→ seventh,{{c7::DR on top}}.","<b>Rule:</b> 7-node flowchart (emoluments, average-emoluments, pension, gratuity, DR).<br><br><b>Hinglish:</b> QS→vetan→pension→gratuity→gol→80+→DR — saat seedhi.<br><br><b>Ref:</b> Rules 31, 32, 44, 45, 52; Rule 10; Rule 31; Rule 32; Rule 44; Rule 45; Rule 52",CCS_Pension Flowchart Pension_Calculation Synthesis Priority::Critical,CCS_Pension_Rules_2021::01_Preliminary_Rules_01_to_10,Cloze,CRITICAL,Rules 31; 32; 44; 45; 52,CCS21-78b0a0f2
"The proceedings rule authority flowchart nodes: first,{{c1::appointing authority?}}→ President-route{{c2::(President + UPSC)}}/ Secretary-route{{c3::(others, no UPSC)}}/ C&amp;AG-route{{c4::(IA&amp;AD, no UPSC)}}→ second,{{c5::order + pension-floor}}→ third,{{c6::appeal? none vs President / none-vs-President+UPSC per the proceedings rule's sub-rule the appellate clause}}.","<b>Rule:</b> 3-way determination + floor + appeal nodes.<br><br><b>Hinglish:</b> Niyukti→adhikari→farsh→appeal — 4 mod.<br><br><b>Ref:</b> Rule 8(1), 8(6A); Rule 8; Rule 44; Rule 8(6A)",CCS_Pension Flowchart Synthesis Priority::High,CCS_Pension_Rules_2021::01_Preliminary_Rules_01_to_10,Cloze,HIGH,"Rule 8(1), 8(6A)",CCS21-ea048467
The gratuity-nomination rule nomination flowchart: family?{{c1::YES→shall-nominate-family / NO→may-nominate-outsider}}→ shares?{{c2::specified}}→ alternate?{{c3::prefer-family}}→ family-acquired?{{c4::whole-invalid the gratuity-nomination rule}}→ single-member?{{c5::alternate-only-invalid the gratuity-nomination rule}}→ HoO{{c6::5-step custody}}→ effective{{c7::on receipt}}.,<b>Rule:</b> 7-node nomination journey.<br><br><b>Hinglish:</b> Parivaar→hissa→alternate→invalid→HoO→lagu.<br><br><b>Ref:</b> Rule 46; Rule 46(5)(a); Rule 46(5)(b),CCS_Pension Flowchart Nomination Synthesis Priority::High,CCS_Pension_Rules_2021::04_Pension_Gratuity_Rules_44_to_49,Cloze,HIGH,Rule 46,CCS21-7fbc64f5
The gratuity-distribution rule distribution flowchart: nominee?{{c1::YES→pay nominee / predeceased→re-pool (the gratuity-distribution rule's sub-rule (2))}}→ NO→Group 1?{{c2::any survivor→ALL to Group 1}}→ empty?→Group 2{{c3::EQUAL shares (no intra-group order)}}→ murder-tainted?{{c4::murder-taint freeze}}→ none?{{c5::lapse (+ succession-cert rescue)}}.,"<b>Rule:</b> 5-node distribution journey.<br><br><b>Hinglish:</b> Nominee→Group1→Group2→khoon→lapse.<br><br><b>Ref:</b> Rules 47, 48, 49; Rule 47; Rule 47(2); Rule 48; Rule 49",CCS_Pension Flowchart Synthesis Priority::High,CCS_Pension_Rules_2021::01_Preliminary_Rules_01_to_10,Cloze,HIGH,Rules 47; 48; 49,CCS21-5e06b4d3
The family-pension rule eligibility-order flowchart: gateway?{{c1::1y/fit/post-ret}}→ tier?{{c2::spouse→children→parents→siblings}}→ widow-type?{{c3::immune/childless-income/co-widow-equal}}→ child-type?{{c4::son-25/daughter-status/disabled-life}}→ income-docs?{{c5::ITR&gt;employer&gt;self}}→ rate?{{c6::30% ordinary / 50% enhanced (10y or 7y/67)}}.,<b>Rule:</b> 6-node family-pension journey.<br><br><b>Hinglish:</b> Darwaza→kataar→vidva→baccha→saboot→dar.<br><br><b>Ref:</b> Rule 50,CCS_Pension Flowchart Family_Pension Synthesis Priority::High,CCS_Pension_Rules_2021::05_Family_Pension_DR_Rules_50_to_52,Cloze,HIGH,Rule 50,CCS21-5c9c7944
"WORKED EXAMPLE 1 — Ram Kumar retires 30.06.2026: QS 32y4m, emoluments Rs 85,000, average Rs 82,000. Basic Pension?","<b>Steps:</b> Base = 85,000 (higher). Rounding the pension rule's sub-rule: 4m ≥ 3m → 65 six-monthly (32.5y). Near-miss: 32.5y ≥ 10y ✓ pension case. 50% × 85,000 = Rs 42,500 (in 9K–125K band). the pension rule's sub-rule: whole already.<br><br><b>:</b> <b>Answer: Rs 42,500/month + DR.</b><br><br><b>Hinglish:</b> Jo-bada-85, gol-32.5, aadhi-42,500.<br><br><b>Ref:</b> Rule 44; Example 1; Rule 44(7); Rule 44(9)",CCS_Pension Rule_44 Worked_Example Calculation CCS_Pension::Rule_44 Priority::Critical,CCS_Pension_Rules_2021::04_Pension_Gratuity_Rules_44_to_49,Basic,CRITICAL,Worked Example 1; Rule 44,CCS21-9789fec9
"WORKED EXAMPLE 2 — QS 9y10m, emoluments Rs 60,000. Pension or gratuity?","<b>Steps:</b> 9y10m &gt; 9y9m → pension deems 10y → PENSION: 50% × 60,000 = Rs 30,000/month + separate gratuity retirement gratuity (¼ × 60,000 × 20 = Rs 3,00,000).<br><br><b>Trap:</b> 9y8m would be service-gratuity-only.<br><br><b>Ref:</b> Rule 44(1), 44(8); Example 2; Rule 44(8); Rule 45(1)(a)",CCS_Pension Rule_44 Near_Miss Worked_Example CCS_Pension::Rule_44 Priority::Critical,CCS_Pension_Rules_2021::04_Pension_Gratuity_Rules_44_to_49,Basic,CRITICAL,Worked Example 2; Rule 44,CCS21-fa4bd82e
"WORKED EXAMPLE 3 — Pensioner basic Rs 30,000 turns 82: additional pension?","<b>Steps:</b> Age 82 → 80–85 slab 20% (the pension rule's sub-rule ) on BASIC: 20% × 30,000 = Rs 6,000/month from 1st of birth-month; total basic-ish 36,000 + DR 60%.<br><br><b>Trap:</b> Slab on basic pension, not basic+DR; no 60% slab.<br><br><b>Ref:</b> Rule 44(6); Example 3",CCS_Pension Rule_44 Additional_Pension Worked_Example CCS_Pension::Rule_44 Priority::High,CCS_Pension_Rules_2021::04_Pension_Gratuity_Rules_44_to_49,Basic,HIGH,Worked Example 3; Rule 44(6),CCS21-0bce7ef2
"WORKED EXAMPLE 4 — Death gratuity: emoluments+DA Rs 70,000; QS cases 6m / 3y / 7y / 15y / 25y.",<b>Steps:</b> 6m → 2× = 1.4L; 3y → 6× = 4.2L; 7y → 12× = 8.4L; 15y → 20× = 14L; 25y (50 half-years) → ½ × 50 = 25× = 17.5L (≤33×; ≤25L).<br><br><b>Hinglish:</b> 2-6-12-20-25guna — sab 25L ke andar.<br><br><b>Ref:</b> Rule 45(1)(b); Example 4,CCS_Pension Rule_45 Death_Gratuity Worked_Example CCS_Pension::Rule_45 Priority::Critical,CCS_Pension_Rules_2021::04_Pension_Gratuity_Rules_44_to_49,Basic,CRITICAL,Worked Example 4; Rule 45(1)(b),CCS21-3c02cad3
"WORKED EXAMPLE 5 — Retirement gratuity: emoluments+DA Rs 90,000, QS 33y (66 half-years).","<b>Steps:</b> ¼ × 90,000 × 66 = Rs 59,40,000 → 16.5× cap = 14,85,000 → 25L overall cap not hit → payable Rs 14,85,000.<br><br><b>Hinglish:</b> Guna-pehle, 16.5-kat, 25L-jaanch — 14.85L milega.<br><br><b>Ref:</b> Rule 45(1)(a); Example 5",CCS_Pension Rule_45 Gratuity Ceiling Worked_Example CCS_Pension::Rule_45 Priority::Critical,CCS_Pension_Rules_2021::04_Pension_Gratuity_Rules_44_to_49,Basic,CRITICAL,Worked Example 5; Rule 45(1)(a),CCS21-fba9c627
"WORKED EXAMPLE 6 — Residuary: retired with emoluments Rs 50,000, drew pension+gratuity totalling Rs 4,00,000, dies in year 3.","<b>Steps:</b> Death within 5y ✓ → 12× benchmark = 6,00,000 → deficiency = 6,00,000 − 4,00,000 = Rs 2,00,000 residuary gratuity (the gratuity rule's sub-rule ).<br><br><b>Hinglish:</b> 12-guna se kami = top-up 2L.<br><br><b>Ref:</b> Rule 45(3); Example 6",CCS_Pension Rule_45 Residuary_Gratuity Worked_Example CCS_Pension::Rule_45 Priority::High,CCS_Pension_Rules_2021::04_Pension_Gratuity_Rules_44_to_49,Basic,HIGH,Worked Example 6; Rule 45(3),CCS21-bebfcc36
"WORKED EXAMPLE 7 — In-service death, pay Rs 80,000: enhanced then ordinary family pension.","<b>Steps:</b> 50% × 80,000 = Rs 40,000/month × 10 years (the family-pension rule's sub-rule, ≤1.25L ✓) → then auto-ordinary 30% × 80,000 = Rs 24,000 (≤75K ✓).<br><br><b>Hinglish:</b> 40-hazar-10-saal, phir 24-hazar.<br><br><b>Ref:</b> Rule 50(2); Example 7; Rule 50(2)(a)(ii); Rule 50(a); Rule 50(ii)",CCS_Pension Rule_50 Worked_Example CCS_Pension::Rule_50 Priority::High,CCS_Pension_Rules_2021::05_Family_Pension_DR_Rules_50_to_52,Basic,HIGH,Worked Example 7; Rule 50(2),CCS21-beb2b267
"WORKED EXAMPLE 8 — Two widows, pay Rs 60,000, in-service death: split?","<b>Steps:</b> Enhanced 50% × 60,000 = 30,000 ÷ 2 = Rs 15,000 each (the family-pension rule's sub-rule ); on one's exit her 15,000 → HER children, else co-widow.<br><br><b>Hinglish:</b> 15-15 barabar + cascade.<br><br><b>Ref:</b> Rule 50(8)(c); Example 8; Rule 50(8); Rule 50(c)",CCS_Pension Rule_50 Worked_Example CCS_Pension::Rule_50 Priority::High,CCS_Pension_Rules_2021::05_Family_Pension_DR_Rules_50_to_52,Basic,HIGH,Worked Example 8; Rule 50(8)(c),CCS21-784cd122
WORKED EXAMPLE 9 — Average emoluments: last-10-month pay with one EOL month and one increment due-but-delayed.,"<b>Steps:</b> Drop EOL month (the average-emoluments rule's sub-rule ); add notional increment (the average-emoluments rule's sub-rule ); average the 10-month window; ignore reductions (the average-emoluments rule's sub-rule ); compare vs last emoluments — higher wins.<br><br><b>Hinglish:</b> EOL-bahar, increment-andar, ghata-muaaf, jo-bada-wahi.<br><br><b>Ref:</b> Rule 32; Example 9; Rule 44; Rule 32(4); Rule 32(5)(6)-(6); Rule 32(2); Rule 32(5); Rule 32(6)",CCS_Pension Rule_32 Average_Emoluments Worked_Example CCS_Pension::Rule_32 Priority::High,CCS_Pension_Rules_2021::03_Emoluments_Classes_Rules_31_to_43,Basic,HIGH,Worked Example 9; Rule 32,CCS21-c89ed8a0
WORKED EXAMPLE 9A — Promotion in last 10 months: which pay feeds the average?,"<b>Steps:</b> Actual pay drawn month-by-month incl. promoted pay from due date (the average-emoluments rule's sub-rule ); no notional backdating of promotion itself; EOL/suspension months excluded.<br><br><b>Hinglish:</b> Promotion jis-mahine-se usi-se-gino.<br><br><b>Ref:</b> Rule 32(3), (4); Example 9A; Rule 32(3)",CCS_Pension Rule_32 Worked_Example CCS_Pension::Rule_32 Priority::Medium,CCS_Pension_Rules_2021::03_Emoluments_Classes_Rules_31_to_43,Basic,MEDIUM,Worked Example 9A; Rule 32,CCS21-2d0faca0
WORKED EXAMPLE 10 — No nomination: widow + son 22 + father survive. Gratuity split?,<b>Steps:</b> Group 1 = widow + son-22 (both eligible) → share equally; father (Group 2) excluded entirely (the gratuity-distribution rule's sub-rule ).<br><br><b>Hinglish:</b> Vidva-beta aadha-aadha; pita-bahar.<br><br><b>Ref:</b> Rule 47(1)(b); Example 10; Rule 47(1); Rule 47(b),CCS_Pension Rule_47 Worked_Example CCS_Pension::Rule_47 Priority::High,CCS_Pension_Rules_2021::04_Pension_Gratuity_Rules_44_to_49,Basic,HIGH,Worked Example 10; Rule 47,CCS21-268d347d
WORKED EXAMPLE 11 — No nomination: only father + married daughter survive. Who gets?,<b>Steps:</b> Group 1 EMPTY → Group 2 shares EQUALLY (the gratuity-distribution rule's sub-rule: 'to all such members in equal shares') — father + married daughter take HALF each. CORRECTION: bare text has NO intra-group order; the old 'father first' reading was wrong.<br><br><b>Hinglish:</b> Group1-khaali to Group2-kram-se.<br><br><b>Ref:</b> Rule 47(1)(b); Example 11; Rule 47(1)(b)(ii); Rule 47(1); Rule 47(b); Rule 47(ii),CCS_Pension Rule_47 Worked_Example CCS_Pension::Rule_47 Priority::High,CCS_Pension_Rules_2021::04_Pension_Gratuity_Rules_44_to_49,Basic,HIGH,Worked Example 11; Rule 47,CCS21-699e0f61
"WORKED EXAMPLE 12 — Withholding authority: first, President-appointee, (b) HoO-appointee clerk, (c) IA&amp;AD auditor.","<b>Steps:</b> President + UPSC Secretary, no UPSC C&amp;AG, no UPSC (the proceedings rule's sub-rule post-2022).<br><br><b>Hinglish:</b> Bada-Rashtrapati, chhota-Secretary, audit-C&amp;AG.<br><br><b>Ref:</b> Rule 8(1); Example 12; Rule 8(a); Rule 8(b); Rule 8(c)",CCS_Pension Rule_08_1 Worked_Example Scenario CCS_Pension::Rule_08 Priority::High CCS_Pension::Rule_08_1,CCS_Pension_Rules_2021::01_Preliminary_Rules_01_to_10,Basic,HIGH,Worked Example 12; Rule 8(1),CCS21-8d5dd509
WORKED EXAMPLE 13 — Appeal routes: President's order vs Secretary's order vs C&amp;AG's order.,<b>Steps:</b> President's → NO appeal; Secretary's/C&amp;AG's → appeal TO President + UPSC (the proceedings rulethe appellate clause).<br><br><b>Hinglish:</b> Rashtrapati-final; baaki-Rashtrapati-appeal+UPSC.<br><br><b>Ref:</b> Rule 8(6A); Example 13; Rule 8,CCS_Pension Rule_08_6A Worked_Example CCS_Pension::Rule_08 Priority::High CCS_Pension::Rule_08_6A,CCS_Pension_Rules_2021::01_Preliminary_Rules_01_to_10,Basic,HIGH,Worked Example 13; Rule 8(6A),CCS21-fefb0c9e
"WORKED EXAMPLE 14 — Compulsory retirement, superannuation pension would be Rs 36,000: band?","<b>Steps:</b> 2/3 × 36,000 = Rs 24,000 floor → Rs 36,000 full (the compulsory-retirement rule's sub-rule ); below-full needs President+UPSC (the compulsory-retirement rule's sub-rule ); never below Rs 9,000 (the compulsory-retirement rule's sub-rule ).<br><br><b>Hinglish:</b> 24-hazar se 36-hazar; katne par Rashtrapati+UPSC.<br><br><b>Ref:</b> Rule 40; Example 14; Rule 40(1); Rule 40(2); Rule 40(5)",CCS_Pension Rule_40 Worked_Example CCS_Pension::Rule_40 Priority::High,CCS_Pension_Rules_2021::03_Emoluments_Classes_Rules_31_to_43,Basic,HIGH,Worked Example 14; Rule 40,CCS21-8107b3fb
WORKED EXAMPLE 15 — The compulsory-retirement rule's sub-rule (3)(4): provisional + 3-month window mechanics.,"<b>Steps:</b> Immediate 2/3 provisional on compulsory retirement; final quantum order within 3 months (President+UPSC if &lt; full); arrears/shortfall adjusted; floor guards.<br><br><b>Hinglish:</b> Turant-2/3, 3-mahine-pakka.<br><br><b>Ref:</b> Rule 40(3), (4); Example 15; Rule 40(3); Rule 4; Rule 44",CCS_Pension Rule_40 Timeline Worked_Example CCS_Pension::Rule_40 Priority::High,CCS_Pension_Rules_2021::03_Emoluments_Classes_Rules_31_to_43,Basic,HIGH,Worked Example 15; Rule 40,CCS21-c5b5e5e5
"WORKED EXAMPLE 16 — Bachelor dies in service, no family, no nomination, no succession certificate: gratuity?",<b>Steps:</b> lapse → Government keeps; IF court succession certificate produced → proviso pays the holder. Pension never arises (the lapse rule = gratuity only).<br><br><b>Hinglish:</b> Koi-nahi to Sarkar; court-patra lao to pao.<br><br><b>Ref:</b> Rule 49; Example 16,CCS_Pension Rule_49 Worked_Example CCS_Pension::Rule_49 Priority::High,CCS_Pension_Rules_2021::04_Pension_Gratuity_Rules_44_to_49,Basic,HIGH,Worked Example 16; Rule 49,CCS21-870b7103
"WORKED EXAMPLE 17 — Missing servant: pay till 31.03.2025, FIR 10.04.2025. Pension start + gratuity?","<b>Steps:</b> Start = LATEST (FIR 10.04.2025) → day-after; payable after 6-month bar (≈Oct 2025); gratuity only after 7 YEARS or conclusive proof (the missing-persons rule's sub-rule ); interest on admin delay.<br><br><b>Hinglish:</b> FIR-LATEST, 6-mahine-pension, 7-saal-gratuity.<br><br><b>Ref:</b> Rule 51; Example 17; Rule 65; Rule 51(8)",CCS_Pension Rule_51 Worked_Example Timeline CCS_Pension::Rule_51 Priority::High,CCS_Pension_Rules_2021::05_Family_Pension_DR_Rules_50_to_52,Basic,HIGH,Worked Example 17; Rule 51,CCS21-8b366d6f
"WORKED EXAMPLE 18 — Rs 5L gratuity, 8-month admin delay, GPF 7.1%: interest?","<b>Steps:</b> 5,00,000 × 7.1% × 8/12 ≈ Rs 23,667; Secy/JS sanctions (the interest rule's sub-rule ); paid in 2 months (the interest rule's sub-rule ); officers proceeded against (the interest rule's sub-rule ); servant-fault would kill it (interest proviso).<br><br><b>Ref:</b> Rule 65; Example 18; Rule 65(1); Rule 65(2); Rule 65(3); Rule 65(4)",CCS_Pension Rule_65 Interest_On_Delay Worked_Example CCS_Pension::Rule_65 Priority::High,CCS_Pension_Rules_2021::07_Retirement_Processing_Rules_58_to_70,Basic,HIGH,Worked Example 18; Rule 65,CCS21-db08f489
"WORKED EXAMPLE 19 — Death 05.05.2026, family claims 20.05.2026: provisional family-pension timeline?","<b>Steps:</b> Provisional within 15 days of claim (≈04.06.2026, ≤family-pension rate, the death-payment rule's sub-rule ); immediate disbursement (the death-payment rule's sub-rule ); runs 6 months from 06.05.2026 (the death-payment rule's sub-rule ); PPO via the payment rule; 100% gratuity after death forwarding (the death-payment rule's sub-rule ) on gratuity basis.<br><br><b>Hinglish:</b> 15-din-arzi, 6-mahine-daayra, PPO-baad-pakka.<br><br><b>Ref:</b> Rules 75, 76; Example 19; Rule 50(2); Rule 74; Rule 45(1)(b); Rule 75(1); Rule 75(2); Rule 75(3); Rule 76; Rule 75(5)",CCS_Pension Rule_75 Timeline Worked_Example CCS_Pension::Rule_75 Priority::High,CCS_Pension_Rules_2021::08_Death_Cases_Rules_71_to_79,Basic,HIGH,"Worked Example 19; Rules 75, 76",CCS21-34c64dcd
"VOLATILE 1 — Gratuity ceiling: quote which figure, with what caveat?","<b>Rule:</b> Quote Rs 25 LAKH operative w.e.f. 01.01.2024 (DoPPW OM 30.05.2024) + note rule-text Rs 20L; civil-employees-only (DoPPW OMs 24.10.2025); re-check OM before exams. ⚠️ VOLATILE.<br><br><b>Hinglish:</b> 25L-lagu, 20L-kitaab — OM-phir-dekho.<br><br><b>Last verified:</b> 2026-09-20<br><br><b>Ref:</b> Rule 45(1) proviso; OMs",CCS_Pension Ceiling Gratuity Priority::Critical,CCS_Pension_Rules_2021::04_Pension_Gratuity_Rules_44_to_49,Basic,CRITICAL,Rule 45(1) proviso; DoPPW OM 30.05.2024; OMs 24.10.2025,CCS21-19fa40f9
"VOLATILE 2 — DR rate: current figure, w.e.f., OM, and rounding?","<b>Rule:</b> 60% w.e.f. 01.01.2026 (DoPPW OM 24.04.2026, from 58%); on basic (+additional); fraction → next rupee; progression 50→53→55→58→60. ⚠️ VOLATILE — July-2026 round due.<br><br><b>Hinglish:</b> Abhi-60, chhutta-upar, July-2026 me phir-badlega.<br><br><b>Last verified:</b> 2026-09-20<br><br><b>Ref:</b> Rule 52; OM 24.04.2026",CCS_Pension Dearness_Relief Priority::Critical,CCS_Pension_Rules_2021::05_Family_Pension_DR_Rules_50_to_52,Basic,CRITICAL,Rule 52; DoPPW OM dt. 24.04.2026,CCS21-ccdf3c2d
"VOLATILE 3 — Family-pension income test Rs 14,400/month: derivation + caveat?","<b>Rule:</b> Rs 9,000 × 1.60 (60% DR) = Rs 14,400 — DERIVED, not in rules; RECOMPUTE at live DR (e.g., 62% → 14,580). ⚠️ VOLATILE.<br><br><b>Hinglish:</b> 14,400 = hisaab, niyam-nahi — DR-badle-hisaab-badle.<br><br><b>Last verified:</b> 2026-09-20<br><br><b>Ref:</b> Rule 50 income tests; DR OM",CCS_Pension Threshold Family_Pension Priority::Critical,CCS_Pension_Rules_2021::05_Family_Pension_DR_Rules_50_to_52,Basic,CRITICAL,Rule 50(9); DoPPW DR OM,CCS21-4072967e
VOLATILE 4 — 7th CPC figures in rules (9K/75K/125K/20L): stable or volatile?,"<b>Rule:</b> STATIC in rule text since 7th CPC; move only via Pay-Commission revision or amendment — treat as stable-until-8th-CPC; 8th CPC constituted Jan 2025, report awaited (no rule impact yet).<br><br><b>Hinglish:</b> Kitaabi-aankde sthir — 8th-CPC aaye tab dekhenge.<br><br><b>Last verified:</b> 2026-09-20<br><br><b>Ref:</b> Rules 44, 45, 50",CCS_Pension Threshold Priority::Medium,CCS_Pension_Rules_2021::01_Preliminary_Rules_01_to_10,Basic,MEDIUM,Rules 44; 45; 50,CCS21-263e0be1
VOLATILE 5 — 2024 amendment effective date: why flagged?,"<b>Rule:</b> Clause says 'after 120 days from 16.07.2024' (≈13/14.11.2024); portals cite 13/14/16/19 Nov; spec cites 16.11.2024 — VERIFY Gazette; quote the CLAUSE, not a contested date.<br><br><b>Hinglish:</b> Tareekh-vivaad — '120-din' wali-dhara likho.<br><br><b>Last verified:</b> 2026-09-20<br><br><b>Ref:</b> G.S.R. 410(E) cl.1(2)",CCS_Pension GSR_410_E_2024 Timeline Priority::Critical,CCS_Pension_Rules_2021::01_Preliminary_Rules_01_to_10,Basic,CRITICAL,G.S.R. 410(E) cl.1(2),CCS21-95b060e7
CROSS-CUT 1 — Every 'whichever' in the Rules: list with provision + direction.,"<b>Rule:</b> EARLIER: the preparation rule, the assessment rule's sub-rule. LATER: the missing-persons rule's sub-rule, the missing-persons rule's sub-rule, the provisional-pension rule's sub-rule, the pensioner-death rule's sub-rule. LATEST: the missing-persons rule's sub-rule, the payment rule's sub-rule. LESS: the family-pension rule's sub-rule. MORE BENEFICIAL: the average-emoluments rule, the invalid-pension rule's sub-rule.<br><br><b>Hinglish:</b> Pehle/Later/Latest/Kam/Faayda — paanch disha.<br><br><b>Ref:</b> Rule 56; Rule 69(1); Rule 51(2)(b); Rule 51(3); Rule 62(6)(a); Rule 79(3)(iv); Rule 51(1)(b); Rule 76(3)(e); Rule 50(2)(a)(iii); Rule 32; Rule 44; Rule 39(9)",CCS_Pension Synthesis Priority::Critical,CCS_Pension_Rules_2021::01_Preliminary_Rules_01_to_10,Basic,CRITICAL,Rules 56; 69; 51; 62; 79; 76; 50; 32; 44; 39,CCS21-ccf94993
"CROSS-CUT 2 — Every rounding in the Rules: service, money, DR, broken periods.","<b>Rule:</b> Service: the pension rule's sub-rule 3-mo; the pension rule's sub-rule 9y9m; the gratuity rule's sub-rule 3-mo/4y9m. Money: pension next-higher separate; pension broken; family-pension capped. DR: next rupee (OM). BARS: the voluntary-retirement rule 4th proviso (no rounding for 20y).<br><br><b>Hinglish:</b> Seva-gol, paisa-gol, DR-gol — 20-saal par gol-BAND.<br><br><b>Ref:</b> Rules 44, 45, 50, 43; Rule 44(9); Rule 44(10); Rule 50(4); Rule 44(7); Rule 44(8); Rule 45(4)(5)-(5); Rule 43",CCS_Pension Synthesis Priority::High,CCS_Pension_Rules_2021::01_Preliminary_Rules_01_to_10,Basic,HIGH,Rules 44; 45; 50; 43,CCS21-4eb758b9
"CROSS-CUT 3 — Every interest clock: the interest rule (GPF, 2-mo pay), the missing-persons rule's sub-rule (8) (missing), the authorisation rule's sub-rule (1) (3-mo tripwire): unify the trigger logic.","<b>Rule:</b> All fire on ADMIN delay past a due date; servant-fault kills (the interest rule proviso); missing-persons route through interest machinery; Secy/JS sanctions; probe never blocks payout.<br><br><b>Hinglish:</b> Daftar-deri-byaaj; khud-galti-shunya; jaanch-na-roke-paisa.<br><br><b>Ref:</b> Rules 65, 51, 80; Rule 65; Rule 51(8); Rule 80(1); Rule 51; Rule 80",CCS_Pension Interest_On_Delay Synthesis Priority::High,CCS_Pension_Rules_2021::01_Preliminary_Rules_01_to_10,Basic,HIGH,Rules 65; 51(8); 80(1),CCS21-bf06b6ca
CROSS-CUT 4 — The pension rule +45+46+47 death-gratuity pipeline: compute → nominate → distribute → police.,"<b>Rule:</b> No — gratuity computes slab; gratuity adds DA; gratuity-nomination routes via nominee; gratuity-distribution ladders family; murder-taint freezes tainted; lapse unclaimed; death-intimation process; death-payment advances.<br><br><b>Hinglish:</b> Gino→nominee→parivaar→khoon/laavaaris→kagaz.<br><br><b>Ref:</b> Rules 45, 46, 47, 48, 49, 71-77; Rule 44; Rule 48; Rule 49; Rule 44(1)(b); Rule 45(1)(b); Rule 45(6); Rule 46; Rule 47; Rules 71-77",CCS_Pension Death_Gratuity Synthesis Priority::Critical,CCS_Pension_Rules_2021::01_Preliminary_Rules_01_to_10,Basic,CRITICAL,Rules 45; 46; 47; 48; 49; 71–77,CCS21-0256ff1e
"CROSS-CUT 5 — Withholding/forfeiture universe: the conduct rule, the proceedings rule, the forfeiture rule, the resignation rule, the PSU-absorption rule's sub-rule (29)(c), the compulsory-retirement rule, the compassionate-allowance rule, the pension rule's sub-rule (5), the murder-taint rule: who loses what, who can rescue?",<b>Rule:</b> conduct withhold (President/Secy/C&amp;AG; floors the pension rule-min); forfeiture service (reinstatement rescue); PSU-absorption forfeits Govt benefits (Ministry reviews); compulsory-retirement bands 2/3-full; mercy ≤2/3; murder-taint freezes murder-share.<br><br><b>Hinglish:</b> Rok-zabt-bachao ka poora-naksha.<br><br><b>Ref:</b> Rule 7; Rule 8; Rule 24; Rule 26; Rule 37(29)(c); Rule 40; Rule 41; Rule 44(5); Rule 48; Rule 44; Rule 25; Rule 26(2),CCS_Pension Synthesis Priority::High,CCS_Pension_Rules_2021::01_Preliminary_Rules_01_to_10,Basic,HIGH,Rules 7; 8; 24; 26; 37; 40; 41; 44; 48,CCS21-5b08a1a5
"CROSS-CUT 6 — Deputation/absorption universe: the UN-deputation rule, the State-absorption rule, the corporate-absorption rule, the PSU-absorption rule, the AB-transfer rule, the deputation-cases rule, the death-deputation rule: sort by event.","<b>Rule:</b> International option; State absorption; PSU/body absorption; en-masse→PSU; en-masse→AB; retirement processing; death processing.<br><br><b>Hinglish:</b> Bahar-kaam ke saat-darwaze.<br><br><b>Ref:</b> Rules 29, 35-38, 64, 78; Rule 29; Rule 64; Rule 78",CCS_Pension Deputation Absorption Synthesis Priority::High,CCS_Pension_Rules_2021::01_Preliminary_Rules_01_to_10,Basic,HIGH,Rules 29; 35; 36; 37; 38; 64; 78,CCS21-50af306d
CROSS-CUT 7 — 'No rejection / deemed / presumed' safety-net universe: list all.,<b>Rule:</b> the military-counting rule's sub-rule condonation-deemed; the condonation rule's sub-rule auto-condonation; voluntary-retirement auto-effective; the calendar rule 2-mo deeming + unverifiable-deemed; the withholding rule's sub-rule silence-presumed-nil; deemed-retired; the record-verification rule's sub-rule (i) unverified-accepted; FP-settlement silence-deemed; the death-forwarding rule's sub-rule no-Form-4-veto; family-pension auto-ordinary.<br><br><b>Hinglish:</b> Muaafi-maano-mat-roko ka jaal.<br><br><b>Ref:</b> Rule 43(2); Rule 70(2); Rule 73(2)(b)(iv); Rule 50(2)(b); Rule 20(4); Rule 26(7); Rule 28(1); Rule 57; Rule 68(1)(c); Rule 77(vii); Rule 72(1)(b)(i); Rule 74(2); Rule 79(3),CCS_Pension Synthesis Priority::High,CCS_Pension_Rules_2021::01_Preliminary_Rules_01_to_10,Basic,HIGH,Multiple rules,CCS21-d328c6d3
"CASE LAW 1 — Suraj Pratap Singh vs CMD BSNL (SLP 4817/2020, SC Order 09.01.2023): held what, amended what?","<b>Rule:</b> SC order drove G.S.R. 340(E)/2025 substituting the PSU-absorption rule's sub-rule (29) — PSU dismissal/removal forfeits Govt-service benefits too. Cite: PIB PR 27.05.2025.<br><br><b>Hinglish:</b> SC-ne-kaha, 2025-ne-likha — PSU-nikaasi-Sarkari-zabti.<br><br><b>Ref:</b> SLP 4817/2020; G.S.R. 340(E); Rule 37(29)(c); Rule 34(c)",CCS_Pension Supreme_Court Case_Law Priority::High,CCS_Pension_Rules_2021::01_Preliminary_Rules_01_to_10,Basic,HIGH,SLP No.4817/2020; G.S.R. 340(E),CCS21-c6132e53
CASE LAW 2 — RPwD Act 2016 s.20 as imported by the invalid-pension rule's sub-rule (1): principle?,"<b>Rule:</b> Disability-acquired-in-service gets statute-first protection; invalid retirement only within s.20 + 2017-Rules certification.<br><br><b>Hinglish:</b> Divyangta me kanoon-pehle, niyam-baad.<br><br><b>Ref:</b> Rule 39(1); RPwD Act",CCS_Pension RPwD_Act_2016 Case_Law Priority::Medium,CCS_Pension_Rules_2021::03_Emoluments_Classes_Rules_31_to_43,Basic,MEDIUM,Rule 39(1); RPwD Act 2016 s.20,CCS21-68e9ea81
REPEAL — The repeal rule's sub-rule (1) repeal mantra + repeal savings mantra in one breath.,"<b>Rule:</b> 'Har-takraav-radd (1972-samet), jahaan-tak-takraav' + 'Kagaz-chalte, adhoore-naye, purane-purane, kaam-naye-maane'. DOCUMENT aage badhta hai, PENDING CASE peeche nahi chhootta — savings use thaamte hain.<br><br><b>Hinglish:</b> Radd + bachat — dono-mantra.<br><br><b>Ref:</b> Rule 87; Rule 87(1); Rule 87(2)",CCS_Pension Rule_87 Repeal Mnemonic CCS_Pension::Rule_87 Priority::High,CCS_Pension_Rules_2021::09_Authorization_Forms_Rules_80_to_87,Basic,HIGH,"Rule 87(1), 87(2)(a)-(e)",CCS21-6a586f95
PROVISION WALK Z1 — provision walk: title→applicability→definitions→transfer→routes→one-pension→conduct-hold→proceedings-hold→commercial→foreign.,<b>Rule:</b> Z1 chain proves no omission: provision title/date; the definition rule cut-off/exclusions/expl; the interpretation rule a–z + FR; the transfer-election rule 6-mo; time-computation routes; single-pension one; conduct; proceedings; commercial employment; foreign government.<br><br><b>Hinglish:</b> Z1-daud: naam-dayra-shabd-transfer-raste-ek-rok-permission.<br><br><b>Ref:</b> Rules 1-10,CCS_Pension Visual_Summary Priority::Medium,CCS_Pension_Rules_2021::01_Preliminary_Rules_01_to_10,Basic,MEDIUM,Rules 1–10,CCS21-78b087df
PROVISION WALK Z2 — The qualifying-service rule walk: charge→pay→State→PSU→temporary→probation→apprentice→contract→civil-return→military-return→leave→training→suspension→forfeit→reinstate→resign→interrupt→condone→depute→verify→pay→average.,"<b>Rule:</b> Z2 chain: qualifying-service qs engine + emoluments pay engine, every rule touched.<br><br><b>Hinglish:</b> Z2-daud: seva-khata poora.<br><br><b>Ref:</b> Rules 11-32; Rules 11-30; Rules 31-32",CCS_Pension Visual_Summary Priority::Medium,CCS_Pension_Rules_2021::01_Preliminary_Rules_01_to_10,Basic,MEDIUM,Rules 11–32,CCS21-a31bdd06
PROVISION WALK Z3 — The superannuation rule walk: superannuation→retiring→State-absorb→PSU-absorb→enmasse-PSU→enmasse-AB→invalid→compulsory→compassion→premature-30→voluntary-20→pension-amount→gratuity→nomination→distribute→murder→lapse→family-pension→missing→DR.,<b>Rule:</b> Z3 chain: 7 classes + premature-retirement/voluntary-retirement + amounts + gratuity-family + FP + DR.<br><br><b>Hinglish:</b> Z3-daud: varg-rashi-parivaar.<br><br><b>Ref:</b> Rules 33-52,CCS_Pension Visual_Summary Priority::Medium,CCS_Pension_Rules_2021::01_Preliminary_Rules_01_to_10,Basic,MEDIUM,Rules 33–52,CCS21-ad6ec69f
PROVISION WALK Z4 — The Bhavishya rule walk: online→list→DoE→prep→verify-file→event-file→Form7→forward→prompt→provisional→PPO→depute-ret→interest→revise→dues→house→assess→notify→death-open→death-verify→death-settle→death-forward→death-provisional→death-PPO→death-dues→depute-death→recipient-exit→pay-chain→start→rupees→payday→satellites→interpret→relax→repeal.,"<b>Rule:</b> Z4 chain: Ch X + XI + XII + XIII + XIV end-to-end, no rule skipped.<br><br><b>Hinglish:</b> Z4-daud: kagaz-maut-bhugtaan-samapan.<br><br><b>Ref:</b> Rules 53-87",CCS_Pension Visual_Summary Priority::Medium,CCS_Pension_Rules_2021::01_Preliminary_Rules_01_to_10,Basic,MEDIUM,Rules 53–87,CCS21-400a0394
The family-pension rule's sub-rule (1)(i): family pension gateway ONE ={{c1::ONE-YEAR continuous service}}— the servant must have completed 1 year on the pensionable establishment.,<b>Rule:</b> 1-year continuous QS opens the FP door even if death is otherwise early-career.<br><br><b>Hinglish:</b> 1 saal lagataar naukri = parivaar-pension ka pehla darwaza.<br><br><b>Ref:</b> Rule 50(1)(i); Rule 50(1),CCS_Pension Rule_50 Family_Pension Threshold CCS_Pension::Rule_50 Priority::Critical,CCS_Pension_Rules_2021::05_Family_Pension_DR_Rules_50_to_52,Cloze,CRITICAL,Rule 50(1)(i),CCS21-f01b7a1e
The family-pension rule's sub-rule (1)(ii): gateway TWO = death with{{c1::LESS than 1 year}}service IF the servant held a{{c2::FIT certificate}}at entry — apply to a 7-month servant with valid medical fitness.,"<b>Rule:</b> 7 months + fit certificate = gateway SAVES the family; without the certificate, no FP.<br><br><b>Hinglish:</b> 1 saal se kam par fit-cert ho to bhi parivaar bachega.<br><br><b>Trap:</b> Certificate must pre-date the death (entry fitness).<br><br><b>Ref:</b> Rule 50(1)(ii); Rule 50(1); Rule 50(ii)",CCS_Pension Rule_50 Scenario Application CCS_Pension::Rule_50 Priority::High,CCS_Pension_Rules_2021::05_Family_Pension_DR_Rules_50_to_52,Cloze,HIGH,Rule 50(1)(ii),CCS21-533993aa
The family-pension rule's sub-rule (1)(iii): gateway THREE = death{{c1::AFTER retirement}}while{{c2::receiving pension OR compassionate allowance}}— why does 'compassionate allowance' matter here?,<b>Rule:</b> Even the compassionate-allowance rule mercy-recipients transmit FP to family — dismissal does not orphan the FP right once allowance flows.<br><br><b>Hinglish:</b> Daya-pension lete-lete maut = parivaar ko FP; barkhastagi parivaar ka haq nahi maart.<br><br><b>Ref:</b> Rule 50(1)(iii); Rule 41; Rule 50(1),CCS_Pension Rule_50 Family_Pension Compassionate_Allowance CCS_Pension::Rule_50 Priority::High,CCS_Pension_Rules_2021::05_Family_Pension_DR_Rules_50_to_52,Cloze,HIGH,Rule 50(1)(iii),CCS21-f10040eb
The family-pension rule's Explanation 1: the{{c1::pensionable establishment}}positive condition — a servant on a NON-pensionable post with 5 years service dies: FP?,<b>Rule:</b> NO family pension — Explanation 1 fails at the threshold regardless of service length; gateways presuppose pensionable establishment.<br><br><b>Hinglish:</b> Post hi pensionable nahi to 5 saal bekaar — pehli shart post ki.<br><br><b>Ref:</b> Rule 50 Explanation 1; Rule 50,CCS_Pension Rule_50 Scenario Exam_Trap CCS_Pension::Rule_50 Priority::High,CCS_Pension_Rules_2021::05_Family_Pension_DR_Rules_50_to_52,Cloze,HIGH,Rule 50 Explanation 1,CCS21-d3a6c61b
The 3 gateways are{{c1::OR-joined}}: proving{{c2::ANY ONE}}suffices — the department CANNOT demand 1-year service from a pensioner's widow. True/False with reason.,<b>Rule:</b> TRUE — gateway alone suffices for pensioner-death cases; (i) and are for in-service deaths. Demanding cumulative proof is illegal.<br><br><b>Hinglish:</b> Teen me se koi EK — pensioner ki vidva se 1-saal mat maango.<br><br><b>Ref:</b> Rule 50(1)(i)-(iii); Rule 50(iii); Rule 50(ii),CCS_Pension Rule_50 Exam_Trap Evaluation CCS_Pension::Rule_50 Priority::High,CCS_Pension_Rules_2021::05_Family_Pension_DR_Rules_50_to_52,Cloze,HIGH,Rule 50(1),CCS21-6329071b
"The family-pension rule's sub-rule (2)(a)(i): ordinary rate ={{c1::30%}}of{{c2::pay}}— NOT of pension, NOT of emoluments+DA. Why is the base 'pay'?","<b>Rule:</b> FP is computed on last pay (the emoluments rule pay, no DA load for the rate itself); DA/DR enters only via separate DR grant under the DR rule.<br><br><b>Hinglish:</b> 30% aakhri-VETAN par — pension/DA par nahi.<br><br><b>Trap:</b> Base = pay.<br><br><b>Ref:</b> Rule 50(2)(a)(i); Rule 50(2); Rule 31; Rule 52",CCS_Pension Rule_50 Family_Pension Exam_Trap CCS_Pension::Rule_50 Priority::Critical,CCS_Pension_Rules_2021::05_Family_Pension_DR_Rules_50_to_52,Cloze,CRITICAL,Rule 50(2)(a)(i),CCS21-1f850f9f
"Ordinary FP floor{{c1::Rs 9,000}}/ ceiling{{c2::Rs 75,000}}: pay Rs 20,000 → FP? Pay Rs 3,00,000 → FP?","<b>Rule:</b> 30% × 20,000 = 6,000 → floored to Rs 9,000. 30% × 3,00,000 = 90,000 → capped to Rs 75,000. Band always 9K–75K.<br><br><b>Hinglish:</b> 6-hazar bana-9-hazar; 90-hazar kata-75-hazar.<br><br><b>Ref:</b> Rule 50(2)(a)(i)",CCS_Pension Rule_50 Floor Ceiling Application CCS_Pension::Rule_50 Priority::Critical,CCS_Pension_Rules_2021::05_Family_Pension_DR_Rules_50_to_52,Cloze,CRITICAL,Rule 50(2)(a)(i),CCS21-a264f54f
The family-pension rule's sub-rule (2)(a)(ii): in-service death →{{c1::50%}}of pay for{{c2::10 years}}starting{{c3::day AFTER death}}— death on 05.05.2026: first FP day + last enhanced day?,<b>Rule:</b> First day 06.05.2026; enhanced runs to 05.05.2036; ordinary from 06.05.2036 automatically.<br><br><b>Hinglish:</b> Maut-ke-agle-din se 10-saal; phir khud-30%.<br><br><b>Ref:</b> Rule 50(2)(a)(ii); Rule 81(2); Rule 50(2),CCS_Pension Rule_50 Timeline Application CCS_Pension::Rule_50 Priority::High,CCS_Pension_Rules_2021::05_Family_Pension_DR_Rules_50_to_52,Cloze,HIGH,Rule 50(2)(a)(ii),CCS21-27451265
The family-pension rule's sub-rule (2)(a)(ii) carries{{c1::NO age cap}}— contrast with the third variant's 67-age fence. A 59-year-old servant dies in service: enhanced runs?,<b>Rule:</b> Full 10 years to 69 never truncates at 67; only post-retirement deaths face the 7y/67 LESSER rule.<br><br><b>Hinglish:</b> Naukri-maut me 67-rok NAHI — poore-10-saal.<br><br><b>Trap:</b> No 67 in.<br><br><b>Ref:</b> Rule 50(2)(a)(ii) vs (iii); Rule 50(2); Rule 50(ii),CCS_Pension Rule_50 Exam_Trap CCS_Pension::Rule_50 Priority::Critical,CCS_Pension_Rules_2021::05_Family_Pension_DR_Rules_50_to_52,Cloze,CRITICAL,"Rule 50(2)(a)(ii), (iii)",CCS21-ea67a4d4
"The family-pension rule's sub-rule (2)(a)(iii): post-retirement death → 50% for{{c1::7 years}}OR till age{{c2::67}}, whichever is{{c3::LESS}}— pensioner dies at 64: enhanced years?",<b>Rule:</b> 64+7 = 71 vs 67 → LESSER = till 67 = 3 years only.<br><br><b>Hinglish:</b> 64-par-maut to sirf-67-tak (3-saal).<br><br><b>Ref:</b> Rule 50(2)(a)(iii); Rule 50(2),CCS_Pension Rule_50 Timeline Application CCS_Pension::Rule_50 Priority::Critical,CCS_Pension_Rules_2021::05_Family_Pension_DR_Rules_50_to_52,Cloze,CRITICAL,Rule 50(2)(a)(iii),CCS21-2155da92
Pensioner dies at 58: enhanced period? Dies at 66?,<b>Rule:</b> At 58: 58+7 = 65 &lt; 67 → full 7 years. At 66: 66+7 = 73 vs 67 → till 67 = 1 year. The LESSER always wins.<br><br><b>Hinglish:</b> 58-par-7-saal; 66-par-1-saal — jo-CHHOTA-wahi.<br><br><b>Ref:</b> Rule 50(2)(a)(iii),CCS_Pension Rule_50 Application CCS_Pension::Rule_50 Priority::High,CCS_Pension_Rules_2021::05_Family_Pension_DR_Rules_50_to_52,Basic,HIGH,Rule 50(2)(a)(iii),CCS21-b79e4bbe
"First Proviso to (iii): enhanced ≤{{c1::pension AUTHORISED on retirement}}— pay Rs 1,00,000, authorised pension Rs 45,000: enhanced FP?","<b>Rule:</b> 50% × 1,00,000 = 50,000 → capped at authorised 45,000. Cap bites whenever 50%-of-pay exceeds the pension the servant actually drew.<br><br><b>Hinglish:</b> 50-hazar bana par 45-hazar milega — authorised-chhat.<br><br><b>Ref:</b> Rule 50(2)(a)(iii) First Proviso",CCS_Pension Rule_50 Proviso Application CCS_Pension::Rule_50 Priority::High,CCS_Pension_Rules_2021::05_Family_Pension_DR_Rules_50_to_52,Cloze,HIGH,Rule 50(2)(a)(iii) First Proviso,CCS21-1b181298
"The family-pension rule's Explanation 2: 'pension authorised on retirement' INCLUDES the{{c1::commuted portion}}— authorised Rs 40,000 with Rs 10,000 commuted: cap =?","<b>Rule:</b> Cap = full Rs 40,000 (commuted + residual), NOT Rs 30,000 residual. Commutation never shrinks the FP cap.<br><br><b>Hinglish:</b> Commuted-jod-kar-chhat — 40-hazar-poora.<br><br><b>Trap:</b> Include commuted.<br><br><b>Ref:</b> Rule 50 Explanation 2; Rule 50 Expl.2",CCS_Pension Rule_50 Explanation Exam_Trap CCS_Pension::Rule_50 Priority::High,CCS_Pension_Rules_2021::05_Family_Pension_DR_Rules_50_to_52,Cloze,HIGH,Rule 50 Explanation 2,CCS21-6f06c2b7
"Second Proviso to (iii): if authorised pension &lt; 30%-rate, floor ={{c1::ordinary rate}}— authorised Rs 8,000, pay Rs 60,000: enhanced FP?","<b>Rule:</b> First proviso would cap at 8,000 — but second proviso lifts to ordinary 30% × 60,000 = Rs 18,000. Floor beats cap.<br><br><b>Hinglish:</b> Chhat-8-hazar par farsh-18-hazar — farsh-jeetega.<br><br><b>Ref:</b> Rule 50(2)(a)(iii) Second Proviso",CCS_Pension Rule_50 Proviso Floor Application CCS_Pension::Rule_50 Priority::High,CCS_Pension_Rules_2021::05_Family_Pension_DR_Rules_50_to_52,Cloze,HIGH,Rule 50(2)(a)(iii) Second Proviso,CCS21-57b5bdc2
"The family-pension rule's Explanation 3: third, also covers{{c1::compulsory-retirement pension}}+{{c2::compassionate allowance}}retirees — a the compassionate-allowance rule allowance-holder dies at 62: family gets enhanced?","<b>Rule:</b> YES — 50% for 7y/67-LESSER (till 67 = 5y), capped at the allowance, floored at ordinary. Explanations 2+3 widen beyond normal pensioners.<br><br><b>Hinglish:</b> Daya/compulsory walo ka parivaar bhi enhanced paayega.<br><br><b>Ref:</b> Rule 50 Explanation 3; Rule 50 Expl.3; Rule 41; Rule 50(iii)",CCS_Pension Rule_50 Explanation Compassionate_Allowance CCS_Pension::Rule_50 Priority::High,CCS_Pension_Rules_2021::05_Family_Pension_DR_Rules_50_to_52,Cloze,HIGH,Rule 50 Explanation 3,CCS21-14e94553
"The family-pension rule's sub-rule (2)(a)(iv): ENHANCED band ={{c1::Rs 9,000}}min /{{c2::Rs 1,25,000}}max — pay Rs 3,00,000 in-service death: enhanced FP?","<b>Rule:</b> 50% × 3,00,000 = 1,50,000 → capped Rs 1,25,000 for 10y → then ordinary capped Rs 75,000. Two different ceilings in one life-cycle.<br><br><b>Hinglish:</b> 1.5L bana-1.25L mila; phir-75-hazar.<br><br><b>Ref:</b> Rule 50(2)(a)(iv), 50(2)(b); Rule 50(2)",CCS_Pension Rule_50 Ceiling Application CCS_Pension::Rule_50 Priority::Critical,CCS_Pension_Rules_2021::05_Family_Pension_DR_Rules_50_to_52,Cloze,CRITICAL,"Rule 50(2)(a)(iv), 50(2)(b)",CCS21-38068138
The family-pension rule's sub-rule (2)(b): reversion to ordinary is{{c1::AUTOMATIC}}— can the PDA demand a fresh sanction on expiry of 10 years?,<b>Rule:</b> NO — reversion is by operation of law at the pre-fixed ordinary rate (≤75K); demanding fresh papers is illegal delay (interest risk).<br><br><b>Hinglish:</b> 10-saal-baadh khud-30% — naye-kagaz-maangna-galat.<br><br><b>Ref:</b> Rule 50(2)(b); Rule 50(2); Rule 65,CCS_Pension Rule_50 Evaluation CCS_Pension::Rule_50 Priority::High,CCS_Pension_Rules_2021::05_Family_Pension_DR_Rules_50_to_52,Cloze,HIGH,Rule 50(2)(b),CCS21-f2d0171f
"Enhanced ceiling{{c1::Rs 1,25,000}}vs ordinary ceiling{{c2::Rs 75,000}}: same floor{{c3::Rs 9,000}}— draw the two bands. Which band matches the PENSION band?",<b>Rule:</b> Enhanced 9K–125K MIRRORS pension 9K–125K; ordinary 9K–75K is the narrower band (30%-of-2.5L logic).<br><br><b>Hinglish:</b> Enhanced-pension judvaan; ordinary-chhota.<br><br><b>Ref:</b> Rule 50(2); Rule 44(1); Rule 44,CCS_Pension Rule_50 Rule_44 Comparison Synthesis CCS_Pension::Rule_50 Priority::High,CCS_Pension_Rules_2021::05_Family_Pension_DR_Rules_50_to_52,Cloze,HIGH,Rule 50(2); Rule 44(1),CCS21-19d3fe8d
"The family-pension rule's sub-rule (3): additional FP slabs{{c1::20/30/40/50/100}}keyed to the{{c2::FAMILY pensioner's}}age — servant died 70, widow turns 80: additional?",<b>Rule:</b> YES — 20% of basic FP from 1st of her 80th-birth month; servant's age is IRRELEVANT under the family-pension rule's sub-rule (contrast the pension rule's sub-rule = pensioner's own age).<br><br><b>Hinglish:</b> Vidva-80 to 20% — pati-ki-umar-bekaar.<br><br><b>Trap:</b> Whose age.<br><br><b>Ref:</b> Rule 50(3); Rule 44(6); Rule 50(6),CCS_Pension Rule_50 Additional_Pension Exam_Trap CCS_Pension::Rule_50 Priority::Critical,CCS_Pension_Rules_2021::05_Family_Pension_DR_Rules_50_to_52,Cloze,CRITICAL,Rule 50(3),CCS21-1525c833
"Basic FP Rs 20,000, widow aged 86: monthly additional FP + total before DR?","<b>Rule:</b> 85–90 slab = 30% × 20,000 = Rs 6,000; total Rs 26,000 + DR 60% (15,600) = Rs 41,600. Base for slab = basic FP (DR-free).<br><br><b>Hinglish:</b> 30%-6-hazar; DR-alag-se.<br><br><b>Ref:</b> Rule 50(3); Rule 52",CCS_Pension Rule_50 Additional_Pension Dearness_Relief Application CCS_Pension::Rule_50 Priority::High,CCS_Pension_Rules_2021::05_Family_Pension_DR_Rules_50_to_52,Basic,HIGH,Rule 50(3),CCS21-57eb6d7a
"The family-pension rule's sub-rule (4): rounding follows the pension pattern BUT proviso bars{{c1::breaching the maximum}}— Rs 74,999.20 ordinary FP rounds to?","<b>Rule:</b> Next-higher = Rs 75,000 — allowed (touches max, not breaches). Rs 74,999.80 → 75,000 likewise; proviso bites only if rounding would EXCEED 75K/125K (impossible from below-max, guards computation errors).<br><br><b>Hinglish:</b> Gol-karo par chhat-na-todo.<br><br><b>Ref:</b> Rule 50(4)",CCS_Pension Rule_50 Proviso Ceiling CCS_Pension::Rule_50 Priority::Medium,CCS_Pension_Rules_2021::05_Family_Pension_DR_Rules_50_to_52,Cloze,MEDIUM,Rule 50(4),CCS21-601b23af
The family-pension rule's sub-rule (6) queue{{c1::widow/widower → children → dependent parents → dependent disabled siblings}}: widow alive but REMARRIED (with child): who draws?,<b>Rule:</b> Widow on remarriage: with-child widows EXIT in favour of children (childless-widow income-gate is family-pension only) — children step in per family-pension order. exit grounded in the family-pension rule 'till death or re-marriage'.<br><br><b>Hinglish:</b> Bacche-wali-vidva-shaadi-kare to bacche-aage.<br><br><b>Ref:</b> Rule 50(6); Rule 50(8); Rule 50(8)(a); Rule 50(8)(b); Rule 50(9),CCS_Pension Rule_50 Scenario Application CCS_Pension::Rule_50 Priority::High,CCS_Pension_Rules_2021::05_Family_Pension_DR_Rules_50_to_52,Cloze,HIGH,Rule 50(6); Rule 50(8),CCS21-c7150c9d
Widow + eligible son 20 + dependent mother: mother claims concurrent FP. Decide.,"<b>Rule:</b> REJECT — the family-pension rule's sub-rule is a STRICT queue, not concurrent shares; mother waits till widow AND children tiers exhaust. Only twins (the family-pension rule's sub-rule ) and co-widows (the family-pension rule's sub-rule ) share concurrently.<br><br><b>Hinglish:</b> Kataar-me-ruko — maa-baadh-me.<br><br><b>Ref:</b> Rule 50(6); Rule 50(9)(g); Rule 50(8)(c); Rule 50(9); Rule 50(g); Rule 50(8); Rule 50(c)",CCS_Pension Rule_50 Evaluation CCS_Pension::Rule_50 Priority::High,CCS_Pension_Rules_2021::05_Family_Pension_DR_Rules_50_to_52,Basic,HIGH,Rule 50(6),CCS21-bd4b2edb
The family-pension rule's sub-rule (7)(a){{c1::closed exception list}}: an HoO invents a new exception for a needy nephew. Valid?,"<b>Rule:</b> VOID — exceptions are numerus clausus; only listed exceptions bend the queue; nephew is not in the family-pension rule's sub-rule at all. Route: relaxation (hardship + DoPPW concurrence), not invention.<br><br><b>Hinglish:</b> Nayi-chhoot-manmaani — relaxation-se-maango.<br><br><b>Ref:</b> Rule 50(7)(a); Rule 86; Rule 50(7); Rule 50(6)",CCS_Pension Rule_50 Exception Evaluation CCS_Pension::Rule_50 Priority::High,CCS_Pension_Rules_2021::05_Family_Pension_DR_Rules_50_to_52,Cloze,HIGH,Rule 50(7)(a),CCS21-01b0bdac
"The family-pension rule's sub-rule (7)(b):{{c1::fractions ignored}}— twin share Rs 12,345.67 each: payable?","<b>Rule:</b> Rs 12,345 each (paise dropped per the family-pension rule) — contrast pension next-higher rounding for PENSION amounts; FP shares truncate.<br><br><b>Hinglish:</b> Hissa-gol-neeche — paise-chhodo.<br><br><b>Trap:</b> Ignore vs next-higher.<br><br><b>Ref:</b> Rule 50(7)(b); Rule 44(9); Rule 50(7)",CCS_Pension Rule_50 Exam_Trap CCS_Pension::Rule_50 Priority::Medium,CCS_Pension_Rules_2021::05_Family_Pension_DR_Rules_50_to_52,Cloze,MEDIUM,Rule 50(7)(b),CCS21-b4ebf70f
The family-pension rule's sub-rule (8)(a): widow is{{c1::INCOME-IMMUNE}}— a widow earning Rs 2 lakh/month claims full FP. Decide.,<b>Rule:</b> ALLOW in full — family-pension imposes NO income test on widows/widowers; income gates apply only to the family-pension rule childless-remarried and the family-pension rule's sub-rule children/parents/siblings.<br><br><b>Hinglish:</b> Vidva-kamao-chahe-jitna — FP-poora.<br><br><b>Ref:</b> Rule 50(8)(a); Rule 50(8); Rule 50(8)(b); Rule 50(9),CCS_Pension Rule_50 Evaluation CCS_Pension::Rule_50 Priority::Critical,CCS_Pension_Rules_2021::05_Family_Pension_DR_Rules_50_to_52,Cloze,CRITICAL,Rule 50(8)(a),CCS21-826e14f2
"The family-pension rule's sub-rule (8)(b): CHILDLESS widow remarries, income Rs 10,000/month at 60% DR: keeps FP?","<b>Rule:</b> YES — 10,000 &lt; 14,400 (9,000 × 1.60). At Rs 15,000 she LOSES it. Test = income &lt; minimum-FP + DR thereon; recompute at live DR. ⚠️ VOLATILE threshold.<br><br><b>Hinglish:</b> 10-hazar-rakho; 15-hazar-kho — 14,400-lakshman-rekha.<br><br><b>Last verified:</b> 2026-09-20<br><br><b>Ref:</b> Rule 50(8)(b); Rule 50(8)",CCS_Pension Rule_50 Threshold Application CCS_Pension::Rule_50 Priority::Critical,CCS_Pension_Rules_2021::05_Family_Pension_DR_Rules_50_to_52,Basic,CRITICAL,Rule 50(8)(b),CCS21-34a70a20
"The family-pension rule's sub-rule (8)(c):{{c1::EQUAL shares}}to multiple widows — 3 widows, FP Rs 30,000: each? One dies leaving 2 children: her Rs 10,000 goes?","<b>Rule:</b> Rs 10,000 each; on death her share → HER 2 children (Rs 5,000 each), NOT co-widows; only if she is childless does it flow to other widows.<br><br><b>Hinglish:</b> 10-10-10 barabar; hissa-uske-bacchon-ko.<br><br><b>Ref:</b> Rule 50(8)(c); Rule 50(8)",CCS_Pension Rule_50 Application CCS_Pension::Rule_50 Priority::High,CCS_Pension_Rules_2021::05_Family_Pension_DR_Rules_50_to_52,Cloze,HIGH,Rule 50(8)(c),CCS21-ea3c27cc
The family-pension rule's sub-rule (8)all 4 clauses: child of a VOID marriage claims FP; legitimate son objects. Decide + route the money.,<b>Rule:</b> ALLOW — void/voidable-marriage children take the MOTHER's share (surviving-widow-first per pension-payment second proviso); legitimacy of parents never defeats the child's FP.<br><br><b>Hinglish:</b> Maa-ka-hissa-bacche-ka — jaat-nahi-poochho.<br><br><b>Ref:</b> Rule 50(8)(d)-(g); Rule 63(1)(d); Rule 50(8); Rule 50(d)-(g),CCS_Pension Rule_50 Evaluation CCS_Pension::Rule_50 Priority::High,CCS_Pension_Rules_2021::05_Family_Pension_DR_Rules_50_to_52,Basic,HIGH,"Rule 50(8)(d), (e), (f), (g)",CCS21-e42d1619
"The family-pension rule's sub-rule (9)(a)(i): son needs ALL THREE —{{c1::&lt;25}}+{{c2::unmarried}}+{{c3::not earning}}— son 23, married, unemployed: eligible?",<b>Rule:</b> NO — marriage alone exits him (all three are cumulative). Son 24-unmarried-employed-above-threshold: also NO (earning exits).<br><br><b>Hinglish:</b> Teen-shart-ikathi — shaadi-ya-kamaai-bahar.<br><br><b>Ref:</b> Rule 50(9)(a)(i); Rule 50(9),CCS_Pension Rule_50 Threshold Evaluation CCS_Pension::Rule_50 Priority::High,CCS_Pension_Rules_2021::05_Family_Pension_DR_Rules_50_to_52,Cloze,HIGH,Rule 50(9)(a)(i),CCS21-6c3fff75
"The family-pension rule's sub-rule (9)(a)(ii): daughter eligible while{{c1::unmarried OR widowed OR divorced}}+{{c2::not earning}}— divorced daughter earning Rs 8,000 at 60% DR: eligible?","<b>Rule:</b> YES if 8,000 &lt; livelihood threshold (9,000+DR = 14,400) — divorce RE-OPENS the gate; earning below threshold keeps it open. Marriage closes it (till widowhood/divorce re-opens).<br><br><b>Hinglish:</b> Talaq-darwaza-kholo; shaadi-band-karo.<br><br><b>Ref:</b> Rule 50(9)(a)(ii); Rule 50(9)",CCS_Pension Rule_50 Application CCS_Pension::Rule_50 Priority::High,CCS_Pension_Rules_2021::05_Family_Pension_DR_Rules_50_to_52,Cloze,HIGH,Rule 50(9)(a)(ii),CCS21-f83aa85d
"The family-pension rule's sub-rule (9)(a)(iii): DISABLED child —{{c1::NO age limit}}, lifelong subject to its limiting clause / the family-pension rule).",<b>Rule:</b> Disability (certified) removes the 25-year bar; dependency + income tests continue for life.<br><br><b>Hinglish:</b> Divyang-baccha-umarheen-aajivan.<br><br><b>Ref:</b> Rule 50(9)(a)(iii); Rule 50(9); Rule 50(15)(c); Rule 50(9)(h)(v),CCS_Pension Rule_50 Threshold CCS_Pension::Rule_50 Priority::High,CCS_Pension_Rules_2021::05_Family_Pension_DR_Rules_50_to_52,Cloze,HIGH,Rule 50(9)(a)(iii),CCS21-06e7c5e3
The family-pension rule's sub-rule (9)(b) ENTRY test vs EXIT test: state the opposite-direction logic (benchmarks verified).,"<b>Rule:</b> asks 'is the child NOT earning livelihood?' to LET IN asks 'has income RISEN past the bar?' to THROW OUT — same benchmark, opposite directions; figures verified ( min-FP+DR entitled-FP+DR).<br><br><b>Hinglish:</b> Andar-ek-jaanch, bahar-doosri — disha-ulti.<br><br><b>Trap:</b> Opposite directions.<br><br><b>Ref:</b> Rule 50(9)(b), (c); Rule 50(9); Rule 50(9)(c); Rule 50(b); Rule 50(c)",CCS_Pension Rule_50 Exam_Trap CCS_Pension::Rule_50 Priority::High,CCS_Pension_Rules_2021::05_Family_Pension_DR_Rules_50_to_52,Basic,HIGH,"Rule 50(9)(b), 50(9)(c)",CCS21-0184f13a
The family-pension rule's sub-rule (9)(d){{c1::birth order}}: elder son 24 employed (ineligible) + younger son 20 unemployed: who draws?,"<b>Rule:</b> YOUNGER draws — birth order sets the QUEUE, but ineligibility of the elder passes the turn (queue ≠ forfeiture for others); elder's later unemployment does NOT displace the younger mid-stream (one-way queue per; re-entry unaddressed in bare text).<br><br><b>Hinglish:</b> Bada-naalayak to chhota-aage.<br><br><b>Ref:</b> Rule 50(9)(d), (e); Rule 50(9); Rule 50(e)",CCS_Pension Rule_50 Scenario Application CCS_Pension::Rule_50 Priority::High,CCS_Pension_Rules_2021::05_Family_Pension_DR_Rules_50_to_52,Cloze,HIGH,"Rule 50(9)(d), 50(9)(e)",CCS21-a642fc4a
The family-pension rule's sub-rule (9)(e): elder CEASES (marriage/job/25) →{{c1::younger steps in}}— elder later divorced/unemployed: does FP revert to elder?,<b>Rule:</b> NO reversion mid-queue (one-way queue per wording; re-entry unaddressed in bare text) — queue moves ONE way.<br><br><b>Hinglish:</b> Kataar-aage-hi-badhti — peeche-nahi.<br><br><b>Ref:</b> Rule 50(9)(e); Rule 50(9); Rule 50(e),CCS_Pension Rule_50 Evaluation CCS_Pension::Rule_50 Priority::Medium,CCS_Pension_Rules_2021::05_Family_Pension_DR_Rules_50_to_52,Cloze,MEDIUM,Rule 50(9)(e),CCS21-32a306e5
The family-pension rule's sub-rule (9)(f): MINOR's FP is drawn through a{{c1::guardian}}— minor turns 18 mid-stream: what changes?,<b>Rule:</b> Guardianship ENDS at majority; the (still-eligible) child draws directly; bare only routes via guardian — no accounting clause in.<br><br><b>Hinglish:</b> 18-par-guardian-chhutti — khud-lo.<br><br><b>Ref:</b> Rule 50(9)(f); Rule 50(9); Rule 50(f),CCS_Pension Rule_50 CCS_Pension::Rule_50 Priority::High,CCS_Pension_Rules_2021::05_Family_Pension_DR_Rules_50_to_52,Cloze,HIGH,Rule 50(9)(f),CCS21-2844901f
"The family-pension rule's sub-rule (9)(g): TWINS share{{c1::EQUALLY}}— FP Rs 25,000, twins + elder eligible brother 22: split?","<b>Rule:</b> Elder (birth order ) draws FIRST alone; twins share only when THEIR turn comes (Rs 12,500 each, fractions ignored per the family-pension rule). Twins ≠ queue-jumpers.<br><br><b>Hinglish:</b> Judvaan-baari-par-aadha-aadha — kataar-tod-nahi.<br><br><b>Ref:</b> Rule 50(9)(d), (g); Rule 50(7)(b); Rule 50(9); Rule 50(d)",CCS_Pension Rule_50 Application CCS_Pension::Rule_50 Priority::High,CCS_Pension_Rules_2021::05_Family_Pension_DR_Rules_50_to_52,Cloze,HIGH,"Rule 50(9)(d), 50(9)(g)",CCS21-4e681fb1
The family-pension rule's sub-rule (9)(i)(iv): divorce{{c1::FILED during the servant's lifetime}}suffices — decree comes AFTER death: daughter eligible?,<b>Rule:</b> YES — filing (not decree) during lifetime preserves the claim; the proviso defeats the 'still-married-at-death' objection.<br><br><b>Hinglish:</b> Arzi-kaafi — faisla-baad-me-bhi-chalega.<br><br><b>Trap:</b> Filed vs decreed.<br><br><b>Ref:</b> Rule 50(9)(i)(iv); Rule 50(9),CCS_Pension Rule_50 Exam_Trap CCS_Pension::Rule_50 Priority::High,CCS_Pension_Rules_2021::05_Family_Pension_DR_Rules_50_to_52,Cloze,HIGH,Rule 50(9)(i)(iv),CCS21-60488b94
The family-pension rule's sub-rule (9)(j):{{c1::QUEUE ≠ DISQUALIFICATION}}— younger child waits 5 years for elder's turn to end: right alive?,<b>Rule:</b> YES — mere waiting never kills the vested remainder; only INELIGIBILITY (age/marriage/earning) kills.<br><br><b>Hinglish:</b> Intezaar-haq-nahi-maarta.<br><br><b>Ref:</b> Rule 50(9)(j); Rule 50(9),CCS_Pension Rule_50 CCS_Pension::Rule_50 Priority::High,CCS_Pension_Rules_2021::05_Family_Pension_DR_Rules_50_to_52,Cloze,HIGH,Rule 50(9)(j),CCS21-0db38f72
The family-pension rule's sub-rule (11): siblings need{{c1::WHOLE dependence}}+{{c2::disability}}(same criteria as disabled children) — earning brother claims: decide.,<b>Rule:</b> REJECT — partial dependence fails 'wholly dependent'; siblings are the LAST tier with the HARDEST test.<br><br><b>Hinglish:</b> Bhai-poori-tarha-aashrit-tabhi — aakhri-kataar-sakht-shart.<br><br><b>Ref:</b> Rule 50(11),CCS_Pension Rule_50 Evaluation CCS_Pension::Rule_50 Priority::High,CCS_Pension_Rules_2021::05_Family_Pension_DR_Rules_50_to_52,Cloze,HIGH,Rule 50(11),CCS21-d2dc5762
The family-pension rule's sub-rule (12) proof ladder{{c1::ITR &gt; employer certificate &gt; self-declaration}}: claimant offers ONLY self-declaration though employed. Decide.,"<b>Rule:</b> REJECT as insufficient — employed claimants must produce the HIGHER proof (employer certificate/ITR); self-declaration is the last resort for the unprovable, not a shortcut.<br><br><b>Hinglish:</b> Naukri-ho-to-malik-patra-lao — khud-ghoshna-aakhri.<br><br><b>Ref:</b> Rule 50(12)(a)-(d); Rule 50(12)",CCS_Pension Rule_50 Evaluation CCS_Pension::Rule_50 Priority::High,CCS_Pension_Rules_2021::05_Family_Pension_DR_Rules_50_to_52,Cloze,HIGH,"Rule 50(12)(a), (b), (c), (d)",CCS21-31f267db
The family-pension rule's sub-rule (15)(e) (2024 verified): servant files family details '{{c1::AGAIN in Form 6-A}}' at retirement — why 'again'?,"<b>Rule:</b> Because Form 4 already holds standing family details; 6-A RE-CONFIRMS them at exit (guards stale nominations/claims). Verified G.S.R. 410(E) cl.2.<br><br><b>Hinglish:</b> Form4-pehle, 6-A-phir — taaza-tasdeek.<br><br><b>Ref:</b> Rule 50(15)(e); G.S.R. 410(E); Rule 50(15)",CCS_Pension Rule_50 Form_6A GSR_410_E_2024 CCS_Pension::Rule_50 Priority::High,CCS_Pension_Rules_2021::05_Family_Pension_DR_Rules_50_to_52,Cloze,HIGH,Rule 50(15)(e),CCS21-18e81b28
The family-pension rule's sub-rule (15)(g) –(i): Form 4 is{{c1::EVIDENTIARY}}— Form 4 names X as spouse; rival Y claims widowhood with marriage proof. Decide.,"<b>Rule:</b> Form 4 is evidence, NOT conclusive — Y's marriage proof can rebut it; HoO/AO weigh all evidence (Form 4 never blocks inquiry).<br><br><b>Hinglish:</b> Form4-saboot-pakka-nahi — doosra-saboot-jeet-sakta.<br><br><b>Ref:</b> Rule 50(15)(g), (h), (i); Rule 50(15)",CCS_Pension Rule_50 Form Evaluation CCS_Pension::Rule_50 Priority::High,CCS_Pension_Rules_2021::05_Family_Pension_DR_Rules_50_to_52,Cloze,HIGH,"Rule 50(15)(g), (h), (i)",CCS21-c688301b
Gratuity Distribution vs Family Pension,"<b>Rule:</b> Gratuity Distribution rule: nominee→Group1 (spouse, sons&lt;25, daughters)→Group2 (parents, married daughter, grandline, siblings). the family-pension rule: spouse→children→parents→siblings(disabled). Conflict: married daughter takes gratuity-distribution-Group2 gratuity but gets NO FP (married + earning exits).<br><br><b>Hinglish:</b> Gratuity-seedhi vs pension-kataar — shabd-ek-seedhi-do.<br><br><b>Ref:</b> Rule 47; Rule 50; Rule 47(gratuity groups)",CCS_Pension Rule_47 Rule_50 Comparison Synthesis CCS_Pension::Rule_47 Priority::Critical,CCS_Pension_Rules_2021::04_Pension_Gratuity_Rules_44_to_49,Basic,CRITICAL,Rule 47; Rule 50,CCS21-eebc558b
Military Counting vs Provision,"<b>Rule:</b> VERIFIED: listing names family-pension among amended rules. PENDING: exact clause (spec silent) — VERIFY Gazette G.S.R. 770(E) full text; never cite an unlocated clause in exams.<br><br><b>Hinglish:</b> Chhua-to-hai, kahan-VERIFY-karo.<br><br><b>Ref:</b> G.S.R. 770(E) — VERIFY R50 clause; Rule 20(doptcirculars listing); Rule 50",CCS_Pension Rule_50 GSR_770_E_2022 Amendment CCS_Pension::Rule_50 Priority::Medium,CCS_Pension_Rules_2021::05_Family_Pension_DR_Rules_50_to_52,Basic,MEDIUM,G.S.R. 770(E) — Rule 50 clause VERIFY,CCS21-d3d1e2e9
"The missing-persons rule's sub-rule (1)(a): missing servant's family gets{{c1::the family-pension rule's sub-rule (2) RATES}}with{{c2::SERVICE-DEATH eligibility}}— i.e., the (ii) 50%-for-10y track, not the (iii) track.","<b>Rule:</b> Disappearance = deemed service-death for rate purposes (10y enhanced, no 67-fence).<br><br><b>Hinglish:</b> Laapata-naukri-maut-maano — 10-saal-50%.<br><br><b>Ref:</b> Rule 51(1)(a); Rule 51(1); Rule 50(2)",CCS_Pension Rule_51 Missing_Person CCS_Pension::Rule_51 Priority::High,CCS_Pension_Rules_2021::05_Family_Pension_DR_Rules_50_to_52,Cloze,HIGH,Rule 51(1)(a),CCS21-5d3fc10e
"Leave till 15.03, pay till 31.03, GDE 10.04 (no FIR): start-date? Family insists FIR is mandatory. Decide.",<b>Rule:</b> Start = 10.04 (GDE suffices — FIR/DDE/GDE are ALTERNATIVES); insisting on FIR is illegal.<br><br><b>Hinglish:</b> GDE-kaafi — FIR-zid-galat.<br><br><b>Ref:</b> Rule 51(1)(b),CCS_Pension Rule_51 Evaluation CCS_Pension::Rule_51 Priority::High,CCS_Pension_Rules_2021::05_Family_Pension_DR_Rules_50_to_52,Basic,HIGH,Rule 51(1)(b),CCS21-bb3abb45
"The missing-persons rule's sub-rule (3): missing FAMILY pensioner —{{c1::TWO dates, whichever LATER}}(mirror of the missing-persons rule). Servant=LATEST(3) vs pensioner=LATER(2): why the difference?","<b>Rule:</b> Servants have a LEAVE-date third input (duty nexus); pensioners draw no leave/pay — only paid-till + report exist. Structure follows the money-trail.<br><br><b>Hinglish:</b> Naukriwale-3 (chhutti-samet); pensionwale-2.<br><br><b>Ref:</b> Rule 51(1)(b), (2)(b), (3); Rule 51(3); Rule 51(2)(b)",CCS_Pension Rule_51 Synthesis CCS_Pension::Rule_51 Priority::High,CCS_Pension_Rules_2021::05_Family_Pension_DR_Rules_50_to_52,Cloze,HIGH,Rule 51(1)(b); 51(2)(b); 51(3),CCS21-388bb23f
The missing-persons rule's sub-rule (5): TWO police papers —{{c1::FIR}}+{{c2::UNTRACED report}}— why is FIR alone insufficient?,"<b>Rule:</b> FIR proves REPORTING; untraced report proves POLICE GAVE UP finding — the second converts 'missing' into 'presumptively dead' for benefits. Both mandatory.<br><br><b>Hinglish:</b> FIR-khabar, untraced-haar — dono-laazmi.<br><br><b>Ref:</b> Rule 51(5)",CCS_Pension Rule_51 Procedure CCS_Pension::Rule_51 Priority::High,CCS_Pension_Rules_2021::05_Family_Pension_DR_Rules_50_to_52,Cloze,HIGH,Rule 51(5),CCS21-2f1b8ba9
"The missing-persons rule's sub-rule (6): pay base ={{c1::last date ON DUTY or expiry of SANCTIONED leave}}— servant on sanctioned leave till 15.03, vanishes 10.03 (mid-leave): base date?",<b>Rule:</b> 15.03 (leave-expiry) — sanctioned leave protects the base; unauthorised absence would peg to last duty date.<br><br><b>Hinglish:</b> Manzoor-chhutti-aakhri-tak-raksha.<br><br><b>Ref:</b> Rule 51(6),CCS_Pension Rule_51 Scenario Application CCS_Pension::Rule_51 Priority::High,CCS_Pension_Rules_2021::05_Family_Pension_DR_Rules_50_to_52,Cloze,HIGH,Rule 51(6),CCS21-c5aafc57
The missing-persons rule's sub-rule (8)(b): death gratuity ONLY after{{c1::7 YEARS}}or{{c2::CONCLUSIVE PROOF}}— body found + identified in year 2: gratuity?,<b>Rule:</b> YES immediately — conclusive proof collapses the 7-year wait; without proof the family waits till 7 years even with FIR + untraced.<br><br><b>Hinglish:</b> Saboot-pakka to 7-saal-khatm.<br><br><b>Ref:</b> Rule 51(8)(b); Rule 51(8),CCS_Pension Rule_51 Timeline Evaluation CCS_Pension::Rule_51 Priority::High,CCS_Pension_Rules_2021::05_Family_Pension_DR_Rules_50_to_52,Cloze,HIGH,Rule 51(8)(b),CCS21-4297af97
"The missing-persons rule's sub-rule (8) delay interest routes through{{c1::the interest rule}}(GPF rate, Secy/JS sanction) — 6-month bar expiry + 2-month admin delay: interest from?",<b>Rule:</b> From bar-end due date (not from FIR) — bar is a lawful wait; only POST-bar admin delay earns interest.<br><br><b>Hinglish:</b> Rok-khatm-ke-baad-ki-deri-par-byaaj.<br><br><b>Ref:</b> Rule 51(8); Rule 65,CCS_Pension Rule_51 Interest_On_Delay Synthesis CCS_Pension::Rule_51 Priority::High,CCS_Pension_Rules_2021::05_Family_Pension_DR_Rules_50_to_52,Cloze,HIGH,Rule 51(8); Rule 65,CCS21-79d897b5
The missing-persons rule's sub-rule (11) bars payment to{{c1::NON-FAMILY nominees}}during disappearance — outsider nominated under the gratuity-nomination rule's sub-rule (2)(ii): gratuity in year 3?,<b>Rule:</b> NO — (11) freezes outsider-nominee payouts till death is established (7y/proof); family-track FP may still flow to FAMILY under –.<br><br><b>Hinglish:</b> Bahari-nominee-7-saal-ruko — parivaar-pension-chalti-rahe.<br><br><b>Ref:</b> Rule 51(11); Rule 46(2)(ii); Rule 51(1); Rule 51(9),CCS_Pension Rule_51 Nomination CCS_Pension::Rule_51 Priority::High,CCS_Pension_Rules_2021::05_Family_Pension_DR_Rules_50_to_52,Cloze,HIGH,Rule 51(11),CCS21-0bbf25fe
Missing pipeline synthesis:{{c1::report (FIR/DDE/GDE)}}→{{c2::LATEST start-date}}→{{c3::6-month bar}}→{{c4::FP + arrears + encashment + GPF}}→{{c5::7 years / conclusive proof}}→{{c6::death gratuity}}— with{{c7::taint-freeze}}+{{c8::outsider-freeze}}+{{c9::interest}}on post-bar delay.,"<b>Rule:</b> 9-node disappearance journey end-to-end.<br><br><b>Hinglish:</b> Report-se-gratuity nau-mod.<br><br><b>Ref:</b> Rule 51; Rules 48, 65; Rule 48; Rule 51(10); Rule 51(11); Rule 65",CCS_Pension Rule_51 Flowchart Synthesis CCS_Pension::Rule_51 Priority::Critical,CCS_Pension_Rules_2021::05_Family_Pension_DR_Rules_50_to_52,Cloze,CRITICAL,Rule 51; Rule 48; Rule 65,CCS21-90f1e0f7
TABLE ROW — The definition rule exclusions: which exclusion sits between (d) CPF and (f) foreign-local recruit?{{c1::(e) AIS}}— and which is the ONLY row with an in-built exception?{{c2::(g) contract — 'unless contract provides otherwise'}}.,<b>Table:</b> 8-row exclusion table all 8 clauses; order probe + exception probe.<br><br><b>Hinglish:</b> CPF-AIS-foreign kram; chhoot-wali-pankti sirf-.<br><br><b>Ref:</b> Rule 2(a)-(h); Rule 2; Rule 2(g),CCS_Pension Rule_02 Visual_Summary CCS_Pension::Rule_02 Priority::High,CCS_Pension_Rules_2021::01_Preliminary_Rules_01_to_10,Cloze,HIGH,Rule 2(a)-(h),CCS21-fda6cdd6
TABLE ROW — The definition rule's Explanations: Expl.{{c1::1}}= induction training; Expl.{{c2::4}}= temporary-status 50%; Expl.{{c3::5}}= NPS death/invalidation (39+50); Expl.{{c4::6}}= 1965 temporary-capacity rules.,"<b>Table:</b> 6-row Explanations table (2 = other-scheme, 3 = catch-all order).<br><br><b>Hinglish:</b> 1-training, 4-aadha, 5-NPS, 6-1965.<br><br><b>Ref:</b> Rule 2 Expl.1-6",CCS_Pension Rule_02 Visual_Summary CCS_Pension::Rule_02 Priority::Medium,CCS_Pension_Rules_2021::01_Preliminary_Rules_01_to_10,Cloze,MEDIUM,Rule 2 Explanations 1-6,CCS21-ce4dadaf
TABLE ROW — Conduct vs Proceedings: the conduct rule ={{c1::post-retirement conduct finding (serious crime/grave misconduct)}}; the proceedings rule ={{c2::departmental/judicial PROCEEDINGS (pending or concluded)}}.,"<b>Table:</b> Trigger row of the 7-vs-8 table.<br><br><b>Hinglish:</b> 7-acharan, 8-karyavahi.<br><br><b>Ref:</b> Rule 7; Rule 8",CCS_Pension Rule_07 Rule_08 Visual_Summary Comparison CCS_Pension::Rule_07 Priority::High,CCS_Pension_Rules_2021::01_Preliminary_Rules_01_to_10,Cloze,HIGH,Rule 7; Rule 8,CCS21-924e7197
TABLE ROW — Conduct vs Proceedings: the conduct rule ={{c1::President only}}; the proceedings rule ={{c2::President / Secretary / C&amp;AG by appointing authority}}(2022).,"<b>Table:</b> Authority row; pre-2022 the proceedings rule was also President-only (HISTORICAL).<br><br><b>Hinglish:</b> 7-ek, 8-teen.<br><br><b>Ref:</b> Rule 7; Rule 8(1); Rule 8",CCS_Pension Rule_07 Rule_08 Visual_Summary Comparison CCS_Pension::Rule_07 Priority::High,CCS_Pension_Rules_2021::01_Preliminary_Rules_01_to_10,Cloze,HIGH,Rule 7; Rule 8(1),CCS21-0c39efd5
TABLE ROW — Conduct vs Proceedings: the conduct rule ={{c1::UPSC always + 15+15-day notice}}; the proceedings rule ={{c2::UPSC only for President-route; notice per proceedings rules}}.,<b>Table:</b> Safeguards row.<br><br><b>Hinglish:</b> 7-UPSC-pakka-15+15; 8-UPSC-chuninda.<br><br><b>Ref:</b> Rule 7; Rule 8,CCS_Pension Rule_07 Rule_08 Visual_Summary Comparison CCS_Pension::Rule_07 Priority::High,CCS_Pension_Rules_2021::01_Preliminary_Rules_01_to_10,Cloze,HIGH,Rule 7; Rule 8,CCS21-f675ea33
"TABLE ROW — Conduct vs Proceedings: proceedings floor ={{c1::minimum (2nd proviso)}}; proceedings appeal ={{c2::none vs President, else TO President + UPSC (the proceedings rule's sub-rule the appellate clause)}}.",<b>Table:</b> Floor/appeal row (the conduct rule's sub-rule: appeal lies to President + UPSC consult — verified).<br><br><b>Hinglish:</b> Farsh-9-hazar; appeal-Rashtrapati.<br><br><b>Ref:</b> Rule 8(1) 2nd proviso; Rule 8(6A); Rule 7; Rule 8; Rule 44; Rule 44(6A); Rule 7(7); Rule 8(7),CCS_Pension Rule_08_1 Rule_08_6A Visual_Summary CCS_Pension::Rule_08 Priority::High CCS_Pension::Rule_08_1,CCS_Pension_Rules_2021::01_Preliminary_Rules_01_to_10,Cloze,HIGH,Rule 8(1); Rule 8(6A),CCS21-5142c66b
"TABLE ROW — Commercial Employment vs Foreign Government: the commercial-employment rule ={{c1::COMMERCIAL, Group A, 1-YEAR cooling}}; the foreign-government rule ={{c2::FOREIGN GOVT, NO time limit}}.",<b>Table:</b> Scope row of 9-vs-10.<br><br><b>Hinglish:</b> Company-1-saal vs videsh-hamesha.<br><br><b>Ref:</b> Rule 9; Rule 10,CCS_Pension Rule_09 Rule_10 Visual_Summary Comparison CCS_Pension::Rule_09 Priority::High,CCS_Pension_Rules_2021::01_Preliminary_Rules_01_to_10,Cloze,HIGH,Rule 9; Rule 10,CCS21-16f5118c
TABLE ROW — Commercial Employment vs Foreign Government: the commercial-employment rule ={{c1::Form 1 + 30-day representation + that-spell's pension cut}}; the foreign-government rule ={{c2::NO Form + no pension for the spell (+ longer if directed)}}.,<b>Table:</b> Procedure row; the foreign-government rule's sub-rule: no pension for the spell (+ longer if directed) — verified.<br><br><b>Hinglish:</b> Form1-30din-katoti vs binaForm-dand.<br><br><b>Ref:</b> Rule 9; Rule 10; Rule 10(1); Rule 9(1),CCS_Pension Rule_09 Rule_10 Visual_Summary Comparison CCS_Pension::Rule_09 Priority::Medium,CCS_Pension_Rules_2021::01_Preliminary_Rules_01_to_10,Cloze,MEDIUM,Rule 9; Rule 10,CCS21-65037871
TABLE ROW — Civil Return vs Military Counting: the civil-return rule ={{c1::CIVIL compensation/invalid pensioners only (NOT superannuation/retiring)}}; the military-counting rule ={{c2::MILITARY pensioners}}.,<b>Table:</b> Entrant row.<br><br><b>Hinglish:</b> Civil-chuninda vs fauji-sab.<br><br><b>Ref:</b> Rule 19(1); Rule 20(1); Rule 19; Rule 20,CCS_Pension Rule_19 Rule_20 Visual_Summary Comparison CCS_Pension::Rule_19 Priority::High,CCS_Pension_Rules_2021::02_Qualifying_Service_Rules_11_to_30,Cloze,HIGH,Rule 19(1); Rule 20(1),CCS21-504f49df
TABLE ROW — Civil Return vs Military Counting: both{{c1::36-month}}instalments; civil-return refunds{{c2::pension drawn + commutation + gratuities}}; military-counting refunds{{c3::military pension + its commutation + gratuities}}(Exp.1(ii) 2022: WAS TO BE REFUNDED).,"<b>Table:</b> Refund row; revival only on FULL refund (the civil-return rule's sub-rule ).<br><br><b>Hinglish:</b> 36-kisht-dono; fauji-ulta-2022.<br><br><b>Ref:</b> Rule 19(3); Rule 20(1), (2); Rule 19; Rule 20",CCS_Pension Rule_19 Rule_20 Visual_Summary Comparison CCS_Pension::Rule_19 Priority::High,CCS_Pension_Rules_2021::02_Qualifying_Service_Rules_11_to_30,Cloze,HIGH,Rule 19(3); Rule 20,CCS21-83174e8b
TABLE ROW — Civil Return vs Military Counting: the civil-return rule's sub-rule (5){{c1::LIMITS later civil pension}}; the military-counting rule's sub-rule (5){{c2::NO limitation}}+ the military-counting rule's sub-rule (4){{c3::deemed condonation}}.,"<b>Table:</b> Outcome row — the exam's favourite contrast.<br><br><b>Hinglish:</b> Civil-seema vs fauji-khula+muaafi.<br><br><b>Ref:</b> Rule 19(5); Rule 20(4), (5); Rule 19; Rule 20; Rule 20(5); Rule 20(4)",CCS_Pension Rule_19 Rule_20 Visual_Summary Comparison CCS_Pension::Rule_19 Priority::Critical,CCS_Pension_Rules_2021::02_Qualifying_Service_Rules_11_to_30,Cloze,CRITICAL,"Rule 19(5); Rule 20(4), (5)",CCS21-6c80676d
"TABLE ROW — The leave-counting rule leave categories: (i){{c1::leave-salary — ALWAYS}}; second,{{c2::medical EOL — ALWAYS}}; third,{{c3::other EOL — ONLY civil-commotion / higher-scientific-technical-studies}}+{{c4::service-book entry (late till superannuation-minus-6mo, doubt favours servant)}}.","<b>Table:</b> 3-row leave table + entry footnote.<br><br><b>Hinglish:</b> Tankhvah-pakka, bimaari-pakka, baaki-do wajah.<br><br><b>Ref:</b> Rule 21",CCS_Pension Rule_21 Visual_Summary CCS_Pension::Rule_21 Priority::High,CCS_Pension_Rules_2021::02_Qualifying_Service_Rules_11_to_30,Cloze,HIGH,Rule 21,CCS21-120440d6
"TABLE ROW — The absence rule: suspension followed by{{c1::RETURN TO DUTY covers reinstatement/death/retirement}}— i.e., row (c) saves the spell even if the servant{{c2::DIES under suspension}}( (subject to its limiting clause suspension rule counting declaration for the gap).",<b>Table:</b> Row- probe: link-break saved; gap-count needs the suspension rule.<br><br><b>Hinglish:</b> Suspension-maut link-bacha; gap-suspension-se.<br><br><b>Ref:</b> Rule 27(1)(c); Rule 23; Rule 27; Rule 27(c),CCS_Pension Rule_27 Visual_Summary CCS_Pension::Rule_27 Priority::High,CCS_Pension_Rules_2021::02_Qualifying_Service_Rules_11_to_30,Cloze,HIGH,Rule 27(1)(c),CCS21-569321ee
"TABLE ROW — The absence rule's sub-rule (1)(b): unauthorised absence AFTER authorised leave is excused only{{c1::TILL the post is SUBSTANTIVELY FILLED}}— after filling, the servant is?",<b>Table:</b> Row- terminator: post filled = lien/excuse ends (past service FORFEITED per absence chapeau — no separate liability clause in the absence rule).<br><br><b>Hinglish:</b> Post-bhari to chhoot-khatm.<br><br><b>Ref:</b> Rule 27(1)(b); Rule 27(1); Rule 27; Rule 27(b),CCS_Pension Rule_27 Visual_Summary CCS_Pension::Rule_27 Priority::Medium,CCS_Pension_Rules_2021::02_Qualifying_Service_Rules_11_to_30,Cloze,MEDIUM,Rule 27(1)(b),CCS21-7f1a012e
"TABLE ROW — The condonation rule condonation: resignation + strike-mix — servant resigns, rejoins, later strikes: which interruptions condone?",<b>Rule:</b> NEITHER resigns (the condonation rule's sub-rule ) nor strikes condone — both are listed bars; only non-barred gaps auto-condone (the condonation rule's sub-rule ) with the gap itself unpaid (the condonation rule's sub-rule ).<br><br><b>Hinglish:</b> Isteefa-hadtaal-dono-na-muaaf.<br><br><b>Ref:</b> Rule 28(1)-(3); Rule 28; Rule 28(2); Rule 28(1); Rule 28(3),CCS_Pension Rule_28 Visual_Summary Scenario CCS_Pension::Rule_28 Priority::High,CCS_Pension_Rules_2021::02_Qualifying_Service_Rules_11_to_30,Basic,HIGH,"Rule 28(1), (2), (3)",CCS21-02e1134d
TABLE ROW — Chapter V classes: the superannuation rule{{c1::superannuation (age/extension)}}; the retiring rule{{c2::retiring (self/surplus-VRS/Govt) + ex-gratia top-up}}.,<b>Table:</b> Class rows 33–34.<br><br><b>Hinglish:</b> Umar + teen-retiring.<br><br><b>Ref:</b> Rule 33; Rule 34,CCS_Pension Rule_33 Rule_34 Classes_Of_Pension Visual_Summary CCS_Pension::Rule_33 Priority::High,CCS_Pension_Rules_2021::03_Emoluments_Classes_Rules_31_to_43,Cloze,HIGH,Rule 33; Rule 34,CCS21-e84d8642
TABLE ROW — Chapter V classes: the State-absorption rule{{c1::State/AB absorption (deemed retirement; 'deputation' keyword)}}; the corporate-absorption rule{{c2::PSU/body absorption ('foreign service terms'; no lien; lump-sum option)}}.,<b>Table:</b> Absorption rows 35–36.<br><br><b>Hinglish:</b> Rajya-deputation vs PSU-foreign-terms.<br><br><b>Ref:</b> Rule 35; Rule 36,CCS_Pension Rule_35 Rule_36 Absorption Visual_Summary CCS_Pension::Rule_35 Priority::High,CCS_Pension_Rules_2021::03_Emoluments_Classes_Rules_31_to_43,Cloze,HIGH,Rule 35; Rule 36,CCS21-71c8efc8
TABLE ROW — Chapter V classes: the PSU-absorption rule{{c1::en-masse→PSU (3-mo option; 2-yr return; 2025 forfeiture)}}; the AB-transfer rule{{c2::en-masse→AB (same engine; (3)-numbering; trust; Central-DR)}}.,<b>Table:</b> En-masse rows 37–38.<br><br><b>Hinglish:</b> PSU-judvaan-AB — numbering-alag.<br><br><b>Ref:</b> Rule 37; Rule 38,CCS_Pension Rule_37 Rule_38 Absorption Visual_Summary CCS_Pension::Rule_37 Priority::High,CCS_Pension_Rules_2021::03_Emoluments_Classes_Rules_31_to_43,Cloze,HIGH,Rule 37; Rule 38,CCS21-cd326f3f
TABLE ROW — Chapter V classes: the invalid-pension rule{{c1::invalid (RPwD-first; 15/30-day medics; Board&gt;Rs54K; Format 6; 45-day grant; &lt;10y-50% waiver)}}.,<b>Table:</b> Invalid row — densest single row.<br><br><b>Hinglish:</b> Apangta-kaanun-medics-45din-chhoot.<br><br><b>Ref:</b> Rule 39,CCS_Pension Rule_39 Invalid_Pension Visual_Summary CCS_Pension::Rule_39 Priority::High,CCS_Pension_Rules_2021::03_Emoluments_Classes_Rules_31_to_43,Cloze,HIGH,Rule 39,CCS21-14a8d8e1
TABLE ROW — Chapter V classes: the compulsory-retirement rule{{c1::compulsory (2/3–full band; &lt;full needs President+UPSC; 2/3-now + 3-mo-final; the pension rule floor)}}.,<b>Table:</b> Compulsory row.<br><br><b>Hinglish:</b> 2/3-poori-3-mahine.<br><br><b>Ref:</b> Rule 40; Rule 44,CCS_Pension Rule_40 Compulsory_Retirement Visual_Summary CCS_Pension::Rule_40 Priority::High,CCS_Pension_Rules_2021::03_Emoluments_Classes_Rules_31_to_43,Cloze,HIGH,Rule 40,CCS21-4df0fb90
TABLE ROW — Chapter V classes: the compassionate-allowance rule{{c1::compassion (forfeit + ≤2/3 mercy; suo-motu/plea; 3-mo; 3-factor merits; 6-mo old-window; the pension rule floor)}}.,<b>Table:</b> Compassion row.<br><br><b>Hinglish:</b> Zabt-daya-3-mahine.<br><br><b>Ref:</b> Rule 41; Rule 44,CCS_Pension Rule_41 Compassionate_Allowance Visual_Summary CCS_Pension::Rule_41 Priority::High,CCS_Pension_Rules_2021::03_Emoluments_Classes_Rules_31_to_43,Cloze,HIGH,Rule 41,CCS21-5d58f3a4
"TABLE ROW — Chapter V count check: classes the superannuation rule ={{c1::7 pension classes}}(33, 34, 35, 36, 37, 38, 39) +{{c2::2 penalty/mercy satellites (40, 41)}}— total Chapter-V rules ={{c3::9 (33–41)}}.",<b>Table:</b> Footnote count row.<br><br><b>Hinglish:</b> Saat-varg do-upgrah.<br><br><b>Ref:</b> Rules 33-41,CCS_Pension Classes_Of_Pension Visual_Summary Priority::Medium,CCS_Pension_Rules_2021::01_Preliminary_Rules_01_to_10,Cloze,MEDIUM,Rules 33–41,CCS21-7129bc63
TABLE ROW — Premature Retirement vs Voluntary Retirement: INITIATOR + QS + GROUND: the premature-retirement rule{{c1::AUTHORITY / 30y / PUBLIC INTEREST}}; the voluntary-retirement rule{{c2::SERVANT / 20y / NO ground (right)}}.,<b>Table:</b> Core-contrast row.<br><br><b>Hinglish:</b> Sarkar-30-janhit vs khud-20-haq.<br><br><b>Ref:</b> Rule 42(1); Rule 43(1); Rule 42; Rule 43,CCS_Pension Rule_42 Rule_43 Visual_Summary Comparison CCS_Pension::Rule_42 Priority::Critical,CCS_Pension_Rules_2021::03_Emoluments_Classes_Rules_31_to_43,Cloze,CRITICAL,Rule 42(1); Rule 43(1),CCS21-f4a7de26
"TABLE ROW — Premature Retirement vs Voluntary Retirement: NOTICE row: the premature-retirement rule{{c1::3mo/pay, DISCRETIONARY ('may')}}; the voluntary-retirement rule{{c2::3-mo WRITTEN, MANDATORY}}(+ 15-day certificate-before-notice + 15-day withdrawal-seek).","<b>Table:</b> Notice row with 15-day riders.<br><br><b>Hinglish:</b> Marzi-notice vs laazmi-notice.<br><br><b>Ref:</b> Rule 42(2); Rule 43(1), (6); Rule 42; Rule 43",CCS_Pension Rule_42 Rule_43 Visual_Summary Comparison CCS_Pension::Rule_42 Priority::High,CCS_Pension_Rules_2021::03_Emoluments_Classes_Rules_31_to_43,Cloze,HIGH,Rule 42(2); Rule 43,CCS21-bdd7a6d3
TABLE ROW — Premature Retirement vs Voluntary Retirement: ROUNDING + OUTCOME row: the voluntary-retirement rule ={{c1::NO pension clause rounding for 20y (4th proviso)}}; both →{{c2::pension retiring pension}}(+ President-nod withholding; voluntary-retirement exclusions).,<b>Table:</b> Fence + outcome row.<br><br><b>Hinglish:</b> Rounding-band; pension-ek.<br><br><b>Ref:</b> Rule 42; Rule 43; Rule 44; Rule 43(3); Rule 43(7),CCS_Pension Rule_42 Rule_43 Visual_Summary Comparison CCS_Pension::Rule_42 Priority::High,CCS_Pension_Rules_2021::03_Emoluments_Classes_Rules_31_to_43,Cloze,HIGH,Rule 42; Rule 43,CCS21-e5538c36
"TABLE ROW — The pension rule's sub-rule (6) slabs: 80–85 →{{c1::20%}}; 85–90 →{{c2::30%}}; 90–95 →{{c3::40%}}; 95–100 →{{c4::50%}}; 100+ →{{c5::100%}}— base{{c6::BASIC pension}}, trigger{{c7::pensioner's OWN age}}, from{{c8::1st of month}}.",<b>Table:</b> 5-slab table + 3 footnotes.<br><br><b>Hinglish:</b> 20-30-40-50-100 basic-apni-umar.<br><br><b>Ref:</b> Rule 44(6),CCS_Pension Rule_44 Additional_Pension Visual_Summary Threshold CCS_Pension::Rule_44 Priority::Critical,CCS_Pension_Rules_2021::04_Pension_Gratuity_Rules_44_to_49,Cloze,CRITICAL,Rule 44(6),CCS21-adb5acc8
"TABLE ROW — Gratuity trio, GATE row: service gratuity{{c1::&lt;10y QS}}; retirement gratuity{{c2::≥5y QS + pension-eligible}}; pension{{c3::≥10y QS}}.",<b>Table:</b> Gate row of trio table.<br><br><b>Hinglish:</b> 10-se-kam / 5-plus / 10-plus.<br><br><b>Ref:</b> Rule 44; Rule 45,CCS_Pension Rule_44 Rule_45 Visual_Summary Gratuity CCS_Pension::Rule_44 Priority::High,CCS_Pension_Rules_2021::04_Pension_Gratuity_Rules_44_to_49,Cloze,HIGH,Rule 44; Rule 45,CCS21-e1d969d8
"TABLE ROW — Gratuity trio, RATE + CAP row: service{{c1::½-month, UNCAPPED, once}}; retirement{{c2::¼, 16.5×, 25L cap}}; pension{{c3::50%, 9K–125K, monthly}}.",<b>Table:</b> Money row.<br><br><b>Hinglish:</b> Aadha-beseema / chauthai-dohri / aadhi-mahina.<br><br><b>Ref:</b> Rule 44; Rule 45,CCS_Pension Rule_44 Rule_45 Visual_Summary Gratuity CCS_Pension::Rule_44 Priority::Critical,CCS_Pension_Rules_2021::04_Pension_Gratuity_Rules_44_to_49,Cloze,CRITICAL,Rule 44; Rule 45(1)(a),CCS21-d5b57b71
"TABLE ROW — Gratuity trio, RELATION row: pension + retirement gratuity ={{c1::ADDITION}}; service gratuity ={{c2::SUBSTITUTE for pension (&lt;10y)}}.",<b>Table:</b> Relation row.<br><br><b>Hinglish:</b> Saath vs badal.<br><br><b>Ref:</b> Rule 44; Rule 45,CCS_Pension Rule_44 Rule_45 Visual_Summary Comparison CCS_Pension::Rule_44 Priority::High,CCS_Pension_Rules_2021::04_Pension_Gratuity_Rules_44_to_49,Cloze,HIGH,Rule 44; Rule 45,CCS21-0d418557
"TABLE ROW — Death slabs: &lt;1y →{{c1::2×}}; 1–5y →{{c2::6×}}; 5–11y →{{c3::12×}}; 11–20y →{{c4::20×}}; 20y+ →{{c5::½-month × six-monthly, max 33×}}— all on{{c6::emoluments + DA-at-death}}, then{{c7::25L cap}}.","<b>Table:</b> 5-slab table + base/cap footnotes.<br><br><b>Hinglish:</b> 2-6-12-20-33 DA-samet-25L.<br><br><b>Ref:</b> Rule 45(1)(b), (6)",CCS_Pension Rule_45 Death_Gratuity Visual_Summary Threshold CCS_Pension::Rule_45 Priority::Critical,CCS_Pension_Rules_2021::04_Pension_Gratuity_Rules_44_to_49,Cloze,CRITICAL,"Rule 45(1)(b), 45(6)",CCS21-d316f19c
"TABLE ROW — Death-slab BOUNDARY trap: QS exactly 11 years →{{c1::20×}}(11–military-counting band), NOT 12×; QS exactly 5 years →{{c2::12×}}(5–gratuity band).",<b>Table:</b> Boundary footnote row.<br><br><b>Hinglish:</b> 11-20guna; 5-12guna — seema-pakdo.<br><br><b>Ref:</b> Rule 45(1)(b); Rule 20; Rule 45,CCS_Pension Rule_45 Visual_Summary Exam_Trap CCS_Pension::Rule_45 Priority::High,CCS_Pension_Rules_2021::04_Pension_Gratuity_Rules_44_to_49,Cloze,HIGH,Rule 45(1)(b),CCS21-7880d71b
"TABLE ROW — Four gratuity types: service{{c1::the pension rule}}; retirement{{c2::the gratuity rule}}; death{{c3::the gratuity rule}}; residuary{{c4::the gratuity rule}}— interpretation folds (ii)+(iii) as 'the gratuity rule's sub-rule (1) + the gratuity rule's sub-rule (3)' ={{c5::3 definition limbs, 4 live types}}.","<b>Table:</b> 4-type table + definition-reconciliation footnote.<br><br><b>Hinglish:</b> Paribhasha-3, prakaar-4.<br><br><b>Ref:</b> Rule 3(1)(o); Rule 45; Rule 44(2)(3)-(3); Rule 45(1)(a); Rule 45(1)(b); Rule 45(3); Rule 45(1)",CCS_Pension Rule_45 Gratuity Visual_Summary CCS_Pension::Rule_45 Priority::High,CCS_Pension_Rules_2021::01_Preliminary_Rules_01_to_10,Cloze,HIGH,Rule 3(1)(o); Rule 45,CCS21-1afd6854
"TABLE ROW — Nomination validity (5 scenarios): first, family + family-nominee →{{c1::VALID (shall)}}; second, no-family + outsider →{{c2::VALID (may)}}; third, family ACQUIRED later →{{c3::WHOLE invalid (the gratuity-nomination rule's sub-rule (5)(a))}}.","<b>Table:</b> Validity rows 1–3.<br><br><b>Hinglish:</b> Parivaar-pakka, bahari-chhoot, aaya-parivaar-gaya-sab.<br><br><b>Ref:</b> Rule 46(2), (5)(a); Rule 46(5)(a)",CCS_Pension Rule_46 Nomination Visual_Summary CCS_Pension::Rule_46 Priority::High,CCS_Pension_Rules_2021::04_Pension_Gratuity_Rules_44_to_49,Cloze,HIGH,"Rule 46(2), 46(5)(a)",CCS21-5e69b262
"TABLE ROW — Nomination validity: fourth, single-member + outsider-alternate →{{c1::ALTERNATE ONLY invalid (the gratuity-nomination rule's sub-rule (5)(b))}}; fifth, MARRIAGE after family-nomination →{{c2::STILL VALID (the gratuity-nomination rule's sub-rule (6))}}.","<b>Table:</b> Validity rows 4–5.<br><br><b>Hinglish:</b> Akela-alternate-gaya; shaadi-asar-nahi.<br><br><b>Ref:</b> Rule 46(5)(b), (6); Rule 46(5)(b); Rule 46(6)",CCS_Pension Rule_46 Nomination Visual_Summary CCS_Pension::Rule_46 Priority::High,CCS_Pension_Rules_2021::04_Pension_Gratuity_Rules_44_to_49,Cloze,HIGH,"Rule 46(5)(b), 46(6)",CCS21-a3563a6a
TABLE ROW — Nomination lifecycle footnote: cancel needs{{c1::WRITING + FRESH nomination (the gratuity-nomination rule's sub-rule (7))}}; nominee-dies-no-alternate →{{c2::FRESH nomination (the gratuity-nomination rule's sub-rule (8))}}; effective{{c3::ON HoO RECEIPT (the gratuity-nomination rule's sub-rule (10))}}; HoO{{c4::5-step custody (the gratuity-nomination rule's sub-rule (9))}}.,<b>Table:</b> Lifecycle footnote row.<br><br><b>Hinglish:</b> Likh-naya; mara-naya; mili-lagu.<br><br><b>Ref:</b> Rule 46(7)-(10); Rule 46(7); Rule 46(8); Rule 46(10); Rule 46(9),CCS_Pension Rule_46 Nomination Visual_Summary CCS_Pension::Rule_46 Priority::Medium,CCS_Pension_Rules_2021::04_Pension_Gratuity_Rules_44_to_49,Cloze,MEDIUM,"Rule 46(7), (8), (9), (10)",CCS21-f1529a6f
"TABLE ROW — FP rates summary: ordinary{{c1::30%, 9K–75K}}; enhanced-service{{c2::50% × 10y, no age cap}}; enhanced-postret{{c3::50% × 7y/67-LESSER + authorised-cap + ordinary-floor}}; enhanced band{{c4::9K–125K}}; reversion{{c5::AUTO-ordinary}}.",<b>Table:</b> 5-row rates table.<br><br><b>Hinglish:</b> 30 / 50-10 / 50-7-67 / 9K-125K / khud-30.<br><br><b>Ref:</b> Rule 50(2),CCS_Pension Rule_50 Visual_Summary Family_Pension CCS_Pension::Rule_50 Priority::Critical,CCS_Pension_Rules_2021::05_Family_Pension_DR_Rules_50_to_52,Cloze,CRITICAL,Rule 50(2),CCS21-8b97f159
"TABLE ROW — FP additional slabs:{{c1::SAME 20/30/40/50/100 ladder as}}but keyed to{{c2::FAMILY pensioner's age}}+{{c3::family-pension no-breach rounding}}+{{c4::family-pension dual caps: 1.25L if either enhanced, 75K if both normal}}.","<b>Table:</b> Mirror-slabs row + fences.<br><br><b>Hinglish:</b> Seedhi-wahi-umar-vidva.<br><br><b>Ref:</b> Rule 50(3), (4), (13); Rule 44(6); Rule 50(4); Rule 50(13)",CCS_Pension Rule_50 Additional_Pension Visual_Summary CCS_Pension::Rule_50 Priority::High,CCS_Pension_Rules_2021::05_Family_Pension_DR_Rules_50_to_52,Cloze,HIGH,"Rule 50(3), (4), (13)",CCS21-fed5fa6f
TABLE ROW — FP income tests: widow{{c1::IMMUNE the family-pension rule}}; childless-remarried{{c2::&lt; min+DR the family-pension rule}}; children{{c3::(b)-entry vs (c)-exit opposite (9)}}; proofs{{c4::ITR &gt; employer &gt; self (12)}}; siblings{{c5::WHOLLY-dependent (11)}}.,"<b>Table:</b> 5-row income-tests table.<br><br><b>Hinglish:</b> Vidva-azaad, nihsantan-seema, bacche-ulti, saboot-seedhi, bhai-poorna.<br><br><b>Ref:</b> Rule 50(8), (9), (11), (12); Rule 50(8)(a); Rule 50(8)(b)",CCS_Pension Rule_50 Visual_Summary Threshold CCS_Pension::Rule_50 Priority::High,CCS_Pension_Rules_2021::05_Family_Pension_DR_Rules_50_to_52,Cloze,HIGH,"Rule 50(8), (9), (11), (12)",CCS21-6d5f4d60
TABLE ROW — The calendar rule three stages: S1{{c1::VERIFY service (bills/LPC/April-slip; 2-mo reply; unverifiable=deemed; Secretary-onus; truth-bond) — 8 mo}}; S2{{c2::MAKE GOOD omissions (forfeiture-mo pay lookback)}}; S3{{c3::FORMS + certificate (advise 6-A; 2-mo non-acceptance) — 8 mo}}.,<b>Table:</b> 3-stage timeline table.<br><br><b>Hinglish:</b> Jaanch-kami-form — 8-24-8.<br><br><b>Ref:</b> Rule 57(1)(a)-(c); Rule 57; Rule 24,CCS_Pension Rule_57 Visual_Summary Timeline CCS_Pension::Rule_57 Priority::High,CCS_Pension_Rules_2021::06_Bhavishya_Calendar_Rules_53_to_57,Cloze,HIGH,"Rule 57(1)(a), (b), (c)",CCS21-152e00c5
TABLE ROW — Calendar vs Event: clock{{c1::6-mo calendar vs immediate-event}}; ladder-word{{c2::'THE member' vs 'ANY OTHER member'}}; shared proviso{{c3::spouse/family filing → COMMUTATION BARRED till personal 1981 application (2024)}}.,<b>Table:</b> 3-row forms table.<br><br><b>Hinglish:</b> Tareekh-THE vs ghatna-ANY — commutation-ruka.<br><br><b>Ref:</b> Rule 57; Rule 58,CCS_Pension Rule_57 Rule_58 Visual_Summary Form_6A CCS_Pension::Rule_57 Priority::High,CCS_Pension_Rules_2021::06_Bhavishya_Calendar_Rules_53_to_57,Cloze,HIGH,Rule 57; Rule 58,CCS21-85ef8efd
TABLE ROW — Deputation Cases vs Death Deputation: purpose{{c1::RETIREMENT vs DEATH/MISSING}}; Central deput{{c2::BORROWING HoO both}}; State/foreign{{c3::HoO OR CADRE (lending) both}}.,<b>Table:</b> 3-row deputation table.<br><br><b>Hinglish:</b> Retire-maut; lene-wala / dene-wala.<br><br><b>Ref:</b> Rule 64; Rule 78,CCS_Pension Rule_64 Rule_78 Visual_Summary Deputation CCS_Pension::Rule_64 Priority::High,CCS_Pension_Rules_2021::07_Retirement_Processing_Rules_58_to_70,Cloze,HIGH,Rule 64; Rule 78,CCS21-d000947d
TABLE ROW — Amendments master: 2022{{c1::770(E) 7.10.training/joining ON-publication: 8-rewrite + 5 riders}}; 2024{{c2::410(E) 16.7.forfeiture AFTER-120-days: Form-6-A + foreign-government provisions}}; 2025{{c3::340(E) 22.5.reinstatement ON-publication: the PSU-absorption rule's sub-rule (29)(c) forfeit + Explanation}}.,<b>Table:</b> 3-row amendments table.<br><br><b>Hinglish:</b> Adhikari-form-zabti.<br><br><b>Ref:</b> Three G.S.R.s; Rule 22; Rule 24; Rule 10; Rule 37(29)(c); Rule 25,CCS_Pension GSR_770_E_2022 GSR_410_E_2024 GSR_340_E_2025 Visual_Summary Amendment Priority::Critical,CCS_Pension_Rules_2021::01_Preliminary_Rules_01_to_10,Cloze,CRITICAL,G.S.R. 770(E); 410(E); 340(E),CCS21-278b5f9c
TABLE ROW — Forms routing: death-gratuity claim{{c1::Form 9 (via Format 11)}}; family-pension claim{{c2::Form 10 (via Format 12)}}; PDA-level pensioner-death claim{{c3::Form 12 + DC + Format 9}}; no-FP-eligible →{{c4::Form 6 by gratuity-nominee / 6-A-instead (2024)}}.,"<b>Table:</b> Claimant-routing rows.<br><br><b>Hinglish:</b> 9-gratuity, 10-pension, 12-PDA, 6-nominee.<br><br><b>Ref:</b> Rules 71, 79, 80",CCS_Pension Form Format Visual_Summary Priority::High,CCS_Pension_Rules_2021::01_Preliminary_Rules_01_to_10,Cloze,HIGH,Rules 71; 79; 80,CCS21-57a95465
TABLE ROW — Forms duality: Form 7{{c1::Part I HoO-build + Part II AO-audit (retirement)}}; Form 11{{c2::same I/II split (death)}}; Form 8{{c3::spouse-request (extended-family entry)}}; Form 13-vs-Format-13{{c4::sanction issues in FORMAT 13 (trap!)}}.,"<b>Table:</b> Duality rows.<br><br><b>Hinglish:</b> 7-retire, 11-maut, 8-arzi, 13-Format.<br><br><b>Ref:</b> Rules 59-63, 74-76, 79",CCS_Pension Form Format Visual_Summary Exam_Trap Priority::High,CCS_Pension_Rules_2021::01_Preliminary_Rules_01_to_10,Cloze,HIGH,Rules 59; 63; 74; 76; 79,CCS21-9a8f7eb6
TABLE ROW — Formats routing: Format 9{{c1::bank undertaking — folded INTO 6-A (retirement) but STANDALONE (death track)}}; Format 10{{c2::HoO→AO cover (dues-flag + 2024 enclosures 2/3/4)}}.,"<b>Table:</b> Format 9/10 rows.<br><br><b>Hinglish:</b> 9-retire-sama-maut-alag; 10-lifafa.<br><br><b>Ref:</b> Rules 60, 63, 71, 74, 79",CCS_Pension Format Form_6A Visual_Summary Priority::High,CCS_Pension_Rules_2021::01_Preliminary_Rules_01_to_10,Cloze,HIGH,Format 9; Format 10,CCS21-9cc2f92c
TABLE ROW — Formats trio: Format 11{{c1::INVITES gratuity claimants}}; Format 12{{c2::INVITES pension claimants}}; Format 13{{c3::SANCTIONS pension (unlisted names)}}; Format 8{{c4::INDEMNITY bond (missing)}}.,"<b>Table:</b> qualifying-service/paid-service/State-transfer/proceedings rows.<br><br><b>Hinglish:</b> 11-bulaava, 12-bulaava, 13-manzoori, 8-bandh.<br><br><b>Ref:</b> Rules 71, 79; Rule 11; Rule 12; Rule 13; Rule 8",CCS_Pension Format Visual_Summary Priority::High,CCS_Pension_Rules_2021::01_Preliminary_Rules_01_to_10,Cloze,HIGH,"Formats 8, 11, 12, 13",CCS21-6fa651d9
"TABLE ROW — Key deadlines (DAYS): 7d{{c1::the death-intimation rule's sub-rule (4)(c) + death-dues DoE}}; 10d{{c2::the retirement-list rule's sub-rule (3), the DoE-dues rule's sub-rule (3), the provisional-pension rule's sub-rule (4)-superannuation, the authorisation rule's sub-rule (3) CPAO}}; 14d{{c3::withholding NDC}}; 15d{{c4::the invalid-pension rule's sub-rule (3), retirement gates, the death-payment rule's sub-rule (1), the authorisation rule's sub-rule (4) PDA}}; 30d{{c5::the invalid-pension rule's sub-rule (4), the invalid-pension rule's sub-rule (7), the assessment rule's sub-rule (2)-other}}; 45d{{c6::the invalid-pension rule's sub-rule (8), the pension-payment rule's sub-rule (1)(b)}}.",<b>Table:</b> Day-chain rows 7→45.<br><br><b>Hinglish:</b> 7-10-14-15-30-45.<br><br><b>Ref:</b> Rule 71(4)(c); Rule 77; Rule 54(3); Rule 55(3); Rule 62(4); Rule 80(3); Rule 33; Rule 68; Rule 39(3); Rule 75(1); Rule 80(4); Rule 43; Rule 39(4); Rule 39(7); Rule 69(2); Rule 39(8); Rule 63(1)(b),CCS_Pension Timeline Visual_Summary Threshold Priority::Critical,CCS_Pension_Rules_2021::01_Preliminary_Rules_01_to_10,Cloze,CRITICAL,Multiple rules,CCS21-a3099d3e
"TABLE ROW — Key deadlines (MONTHS): 1mo{{c1::death-track constant (record-verification/FP-settlement/death-forwarding/payment/pensioner-death/authorisation) + the provisional-pension rule's sub-rule (4)-other + the withholding rule's sub-rule (1)(b)}}; 2mo{{c2::retirement constant (calendar-reply/case-build/forwarding/pension-payment-PPO-advance? no—the pension-payment rule's sub-rule (a) is 2-mo-ADVANCE) + the interest rule's sub-rule (3) + 66 + the withholding rule's sub-rule (1)(a)}}; 3mo{{c3::the compulsory-retirement rule's sub-rule (4), the compassionate-allowance rule's sub-rule (2), 42/voluntary-retirement notice, the authorisation rule's sub-rule (1)-interest, PSU-absorption-option}}.","<b>Table:</b> Month rows 1/2/3.<br><br><b>Hinglish:</b> Maut-1, retire-2, faisla-3.<br><br><b>Ref:</b> Rule 72; Rule 73; Rule 74; Rule 76; Rule 79; Rule 80; Rule 62(4); Rule 68(1)(b); Rule 63(a); Rule 65(3); Rule 68(1)(a); Rule 57; Rule 59; Rule 60; Rule 63; Rule 40(4); Rule 41(2); Rule 80(1); Rule 43; Rule 37",CCS_Pension Timeline Visual_Summary Priority::High,CCS_Pension_Rules_2021::01_Preliminary_Rules_01_to_10,Cloze,HIGH,Multiple rules,CCS21-476140dd
"TABLE ROW — Key deadlines (LONG): 4mo{{c1::calendar-case forwarding}}; 6mo{{c2::4-election, leave-counting-entry, compassionate-allowance-window, missing-persons-bar, calendar-filing, provisional-pension-cap, death-payment-run, payment-bar}}; 8mo{{c3::DoE-dues/calendar/withholding/assessment retirement engine}}; 1y{{c4::commercial-employment cooling, DoE-dues/preparation/assessment start, record-verification-audit}}; 2y{{c5::PSU-absorption-return, 66-DoPPW}}; 7y{{c6::the family-pension rule's sub-rule (2)(a)(iii), the missing-persons rule's sub-rule (8)(b)}}; 10y{{c7::the family-pension rule}}; 36mo{{c8::19/military-counting refund}}; 120d{{c9::2024 force}}; 31-Jan{{c10::the verification-timeline rule's sub-rule (5) report}}.","<b>Table:</b> Long-clock rows.<br><br><b>Hinglish:</b> 4-6-8-mahine, saal-dosaal-saat-das, 36-120-31Jan.<br><br><b>Ref:</b> Rule 59; Rule 60; Rule 57; Rule 21; Rule 41; Rule 51; Rule 62; Rule 75; Rule 76; Rule 69; Rule 55; Rule 68; Rule 72; Rule 56; Rule 9; Rule 37; Rule 50(2)(a)(iii); Rule 51(8)(b); Rule 50(2)(a)(ii); Rule 20; Rule 30(5)",CCS_Pension Timeline Visual_Summary Threshold Priority::Critical,CCS_Pension_Rules_2021::01_Preliminary_Rules_01_to_10,Cloze,CRITICAL,Multiple rules,CCS21-f363aef9
"FLOW NODE — The proceedings rule, FORK node: appointing authority = President?{{c1::YES → President + UPSC}}/ subordinate + IA&amp;AD?{{c2::→ C&amp;AG, no UPSC}}/ else?{{c3::→ Secretary, no UPSC}}(+ transitional:{{c4::already-with-President stays (OM 10.4.23)}}).",<b>Flow:</b> Determination fork + transitional node.<br><br><b>Hinglish:</b> Niyukti-teen-raah.<br><br><b>Ref:</b> Rule 8(1); OM 10.04.2023; Rule 8,CCS_Pension Rule_08_1 Flowchart CCS_Pension::Rule_08 Priority::High CCS_Pension::Rule_08_1,CCS_Pension_Rules_2021::01_Preliminary_Rules_01_to_10,Cloze,HIGH,Rule 8(1),CCS21-a8f4859d
"FLOW NODE — The proceedings rule, ORDER + APPEAL nodes: part-withholding floor?{{c1::minimum}}→ whose order?{{c2::President → NO appeal}}/{{c3::Secretary/C&amp;AG → appeal TO President + UPSC}}.","<b>Flow:</b> Floor + appeal nodes.<br><br><b>Hinglish:</b> Farsh-appeal mod.<br><br><b>Ref:</b> Rule 8(1), 8(6A); Rule 8; Rule 44",CCS_Pension Rule_08_1 Rule_08_6A Flowchart CCS_Pension::Rule_08 Priority::High CCS_Pension::Rule_08_1,CCS_Pension_Rules_2021::01_Preliminary_Rules_01_to_10,Cloze,HIGH,"Rule 8(1), 8(6A)",CCS21-a8410434
"FLOW NODE — The gratuity-nomination rule, ENTRY + SHARE nodes: family?{{c1::YES→'shall' family / NO→'may' outsider}}→ multiple?{{c2::specified shares (the gratuity-nomination rule's sub-rule (3))}}→ alternate?{{c3::prefer family (the gratuity-nomination rule's sub-rule (4))}}.",<b>Flow:</b> Entry/share/alternate nodes.<br><br><b>Hinglish:</b> Parivaar-hissa-alternate.<br><br><b>Ref:</b> Rule 46(2)-(4); Rule 46; Rule 46(3); Rule 46(4),CCS_Pension Rule_46 Flowchart Nomination CCS_Pension::Rule_46 Priority::High,CCS_Pension_Rules_2021::04_Pension_Gratuity_Rules_44_to_49,Cloze,HIGH,"Rule 46(2), (3), (4)",CCS21-3f618d6a
"FLOW NODE — The gratuity-nomination rule, INVALIDITY + EFFECT nodes: family acquired?{{c1::WHOLE invalid}}/ single-member?{{c2::alternate-only invalid}}/ married?{{c3::still valid}}→ effective{{c4::ON HoO receipt}}.","<b>Flow:</b> Invalidity + effect nodes.<br><br><b>Hinglish:</b> Gaya-aadha-raha-lagu.<br><br><b>Ref:</b> Rule 46(5), (6), (10); Rule 46",CCS_Pension Rule_46 Flowchart Nomination CCS_Pension::Rule_46 Priority::High,CCS_Pension_Rules_2021::04_Pension_Gratuity_Rules_44_to_49,Cloze,HIGH,"Rule 46(5), (6), (10)",CCS21-f3011d98
"FLOW NODE — The gratuity-distribution rule, ROUTE nodes: nominee alive?{{c1::YES→pay}}/ predeceased?{{c2::re-pool to survivors@death-date (double-take possible)}}/ none?{{c3::Group-1?→ALL : Group-2-in-order}}.","<b>Flow:</b> Route nodes.<br><br><b>Hinglish:</b> Nominee-jama-parivaar.<br><br><b>Ref:</b> Rule 47(1), (2); Rule 47",CCS_Pension Rule_47 Flowchart CCS_Pension::Rule_47 Priority::High,CCS_Pension_Rules_2021::04_Pension_Gratuity_Rules_44_to_49,Cloze,HIGH,"Rule 47(1), (2)",CCS21-1fe28bea
"FLOW NODE — The gratuity-distribution rule, POLICE nodes: murder-charge?{{c1::murder-taint freeze → convict=debar / acquit=restore}}/ NOBODY?{{c2::lapse → succession-cert rescue}}/ retired-undisbursed?{{c3::gratuity-distribution family ladder}}.",<b>Flow:</b> Police nodes (murder-taint/lapse/gratuity-distribution).<br><br><b>Hinglish:</b> Khoon-laavaaris-baatna.<br><br><b>Ref:</b> Rule 47(3); Rule 48; Rule 49; Rule 47,CCS_Pension Rule_47 Rule_48 Rule_49 Flowchart CCS_Pension::Rule_47 Priority::High,CCS_Pension_Rules_2021::04_Pension_Gratuity_Rules_44_to_49,Cloze,HIGH,Rule 47(3); Rule 48; Rule 49,CCS21-927521fd
"FLOW NODE — The family-pension rule order, TIER + WIDOW nodes: tier?{{c1::spouse→children→parents→siblings}}→ widow-type?{{c2::immune / childless+remarried+income-gate / co-widow-equal+cascade}}→ void-child?{{c3::mother's-share}}.","<b>Flow:</b> Tier/widow nodes.<br><br><b>Hinglish:</b> Kataar-vidva-baccha.<br><br><b>Ref:</b> Rule 50(6), (8); Rule 50",CCS_Pension Rule_50 Flowchart Family_Pension CCS_Pension::Rule_50 Priority::High,CCS_Pension_Rules_2021::05_Family_Pension_DR_Rules_50_to_52,Cloze,HIGH,"Rule 50(6), (8)",CCS21-234fcf34
"FLOW NODE — The family-pension rule order, CHILD + RATE nodes: child-type?{{c1::son-25 / daughter-status / disabled-life}}→ birth-order?{{c2::eldest-first, cascade, twins-split, guardian-minor}}→ income-docs?{{c3::ITR&gt;employer&gt;self}}→ rate?{{c4::30% / 50%-10y / 50%-7y67}}.","<b>Flow:</b> Child/rate nodes.<br><br><b>Hinglish:</b> Baccha-kram-saboot-dar.<br><br><b>Ref:</b> Rule 50(2), (9), (12); Rule 50",CCS_Pension Rule_50 Flowchart Family_Pension CCS_Pension::Rule_50 Priority::High,CCS_Pension_Rules_2021::05_Family_Pension_DR_Rules_50_to_52,Cloze,HIGH,"Rule 50(2), (9), (12)",CCS21-42cca9f3
"FLOW NODE — Pension tree, QS + BASE forks: QS?{{c1::&lt;5→service-gratuity-only / 5–10→near-miss-check / 10+→pension+gratuity}}→ base?{{c2::emoluments vs average — HIGHER}}→ pension?{{c3::50%, 9K–125K}}.","<b>Flow:</b> QS/base/pension nodes.<br><br><b>Hinglish:</b> Seva-vetan-aadhi.<br><br><b>Ref:</b> Rules 31, 32, 44; Rule 31; Rule 32",CCS_Pension Pension_Calculation Flowchart Priority::Critical,CCS_Pension_Rules_2021::01_Preliminary_Rules_01_to_10,Cloze,CRITICAL,Rules 31; 32; 44,CCS21-65d7c0f9
"FLOW NODE — Pension tree, GRATUITY + AGE nodes: gratuity?{{c1::¼ × six-monthly, 16.5×, 25L}}→ rounding?{{c2::3-mo + 9y9m/4y9m (NOT for voluntary-retirement/military-counting)}}→ 80+?{{c3::20–100 on basic}}→ DR?{{c4::60% now, on (basic+additional)}}.","<b>Flow:</b> Gratuity/rounding/age/DR nodes.<br><br><b>Hinglish:</b> Gratuity-gol-80-DR.<br><br><b>Ref:</b> Rules 44, 45, 52; Rule 43-20y",CCS_Pension Pension_Calculation Flowchart Priority::Critical,CCS_Pension_Rules_2021::01_Preliminary_Rules_01_to_10,Cloze,CRITICAL,Rules 44; 45; 52,CCS21-cc601d9d
"TABLE ROW — Chapter X vs XI, AUDIT + FORWARD rows: pay-audit{{c1::forfeiture-mo vs 1-YEAR}}; forwarding{{c2::4-mo/2-mo Form-7 vs 1-mo Form-11}}.","<b>Table:</b> Audit/forward contrast rows.<br><br><b>Hinglish:</b> 24-1-saal; transfer-election/definition-1-mahina.<br><br><b>Ref:</b> Rules 57, 63, 72, 74, 76; Rule 57; Rule 63; Rule 72; Rule 76; Rule 24; Rule 59; Rule 60; Rule 74; Rule 4; Rule 2",CCS_Pension Comparison Timeline Visual_Summary Priority::High,CCS_Pension_Rules_2021::01_Preliminary_Rules_01_to_10,Cloze,HIGH,Rules 57; 63; 72; 74; 76,CCS21-66329a59
"TABLE ROW — Chapter X vs XI, PROVISIONAL + PPO rows: provisional{{c1::10d/1mo 100%/90% 6-mo-cap vs 15d ≤the family-pension rule's sub-rule (2) 6-mo-run + 100%-gratuity}}; PPO{{c2::2-mo-ADVANCE/45d vs 1-mo}}.","<b>Table:</b> Provisional/PPO contrast rows.<br><br><b>Hinglish:</b> Kaamchalau-6-mahine-dono; PPO-pehle-vs-baad.<br><br><b>Ref:</b> Rules 62, 63, 75, 76; Rule 62; Rule 75; Rule 50(2); Rule 63; Rule 76",CCS_Pension Comparison Timeline Visual_Summary Priority::High,CCS_Pension_Rules_2021::01_Preliminary_Rules_01_to_10,Cloze,HIGH,Rules 62; 63; 75; 76,CCS21-14cbc143
"TABLE ROW — Chapter X vs XI, DUES rows: retirement{{c1::(2-mo/1-mo DoE, 8-mo drip, 10% hold, PSU-counting-d NDC)}}; death{{c2::(7-d alert, fee-waiver + 4-mo holiday, 1-mo reply, 10% hold, silence-nil)}}.","<b>Table:</b> Dues contrast rows.<br><br><b>Hinglish:</b> Retire-sakht vs maut-naram.<br><br><b>Ref:</b> Rules 67, 68, 69, 77; Rule 14; Rule 67; Rule 68; Rule 69; Rule 77",CCS_Pension Comparison Government_Dues Visual_Summary Priority::High,CCS_Pension_Rules_2021::01_Preliminary_Rules_01_to_10,Cloze,HIGH,Rules 67; 68; 69; 77,CCS21-2f5b52b1
SCENARIO — A remote field office is exempted from Bhavishya by special order. The HoO processes HALF the case online (possible steps) and half on paper. Valid under the Bhavishya rule's sub-rule (2)?,"<b>Rule:</b> NO — the Bhavishya rule's sub-rule: exempted office/person = ENTIRE case manual. Hybrid is allowed ONLY under the Bhavishya rule (single action unavailable). Exemption is all-or-nothing.<br><br><b>Hinglish:</b> Chhoot-poori to kagaz-poora — aadha-online-galat.<br><br><b>Ref:</b> Rule 53(2)(a), (b); Rule 53(2); Rule 53(2)(b); Rule 53(2)(a); Rule 53(a)",CCS_Pension Rule_53 Evaluation Scenario CCS_Pension::Rule_53 Priority::High,CCS_Pension_Rules_2021::06_Bhavishya_Calendar_Rules_53_to_57,Basic,HIGH,"Rule 53(2)(a), (b)",CCS21-2c1d6980
SCENARIO — Bhavishya's upload module fails for one annexure; HoO files the whole case physically. Valid?,<b>Rule:</b> NO — the Bhavishya rule's sub-rule: only THAT step goes manual; the rest stays online. Whole-file manual needs a the Bhavishya rule exemption.<br><br><b>Hinglish:</b> Ek-step-atka to ek-kagaz — poori-file-nahi.<br><br><b>Ref:</b> Rule 53(2)(b); Rule 53(2)(a); Rule 53(2); Rule 53(b),CCS_Pension Rule_53 Evaluation CCS_Pension::Rule_53 Priority::Medium,CCS_Pension_Rules_2021::06_Bhavishya_Calendar_Rules_53_to_57,Basic,MEDIUM,Rule 53(2)(b),CCS21-3e85d18d
EVALUATE — An e-HRMS official taking VOLUNTARY retirement files Form 6-A through e-HRMS. The system rejects it. Who is right?,<b>Rule:</b> SYSTEM is right — the Bhavishya rule's sub-rule (2024): e-HRMS = SUPERANNUATION only; VR goes via BHAVISHYA. Re-file on Bhavishya.<br><br><b>Hinglish:</b> VR-eHRMS-galat — Bhavishya-par-jao.<br><br><b>Ref:</b> Rule 53(1),CCS_Pension Rule_53 Form_6A Evaluation CCS_Pension::Rule_53 Priority::High,CCS_Pension_Rules_2021::06_Bhavishya_Calendar_Rules_53_to_57,Basic,HIGH,Rule 53(1),CCS21-f401fd63
SCENARIO — HoD issues the retirement list on the 20th (5 days late) covering 12 months. Two defects?,"<b>Rule:</b> YES deadline is BY THE 15TH coverage must be NEXT 15 MONTHS, not 12. Late/short lists cascade into DoE-dues delays (the interest rule risk).<br><br><b>Hinglish:</b> 15-tarikh-15-mahine — dono-tute.<br><br><b>Ref:</b> Rule 54(1); Rule 54; Rule 65; Rule 55; Rule 57; Rule 54(2)",CCS_Pension Rule_54 Timeline Evaluation CCS_Pension::Rule_54 Priority::High,CCS_Pension_Rules_2021::06_Bhavishya_Calendar_Rules_53_to_57,Basic,HIGH,Rule 54(1),CCS21-2972fa50
SCENARIO — Compulsory retirement order dated 01.03; HoO intimates AO on 15.03. Consequence?,<b>Rule:</b> 4 DAYS LATE — retirement-list allows 10 days (till 11.03); delay compresses downstream event clocks and evidences admin lapse for interest if pension delays.<br><br><b>Hinglish:</b> 10-din-11-tak — 15-deri.<br><br><b>Ref:</b> Rule 54(3); Rule 58; Rule 59; Rule 60; Rule 65,CCS_Pension Rule_54 Timeline Scenario CCS_Pension::Rule_54 Priority::High,CCS_Pension_Rules_2021::06_Bhavishya_Calendar_Rules_53_to_57,Basic,HIGH,Rule 54(3),CCS21-4fba3016
SCENARIO — Superannuation due 31.03.2027; HoO writes to DoE on 01.06.2026 (10 months prior). Compliant with the DoE-dues rule's sub-rule (1)?,"<b>Rule:</b> NO — DoE-dues needs AT LEAST 1 YEAR before (by 31.03.2026) with 8-month coverage; 10 months is short. the DoE-dues rule's sub-rule: HoO must then act within 10 days of DoE's reply to recover time.<br><br><b>Hinglish:</b> 1-saal-pehle-chahiye — 10-mahine-kam.<br><br><b>Ref:</b> Rule 55(1), (3); Rule 55(1); Rule 55(3)",CCS_Pension Rule_55 Timeline Evaluation CCS_Pension::Rule_55 Priority::High,CCS_Pension_Rules_2021::06_Bhavishya_Calendar_Rules_53_to_57,Basic,HIGH,"Rule 55(1), 55(3)",CCS21-13d5d0ad
"EVALUATE — DoE reply received 05.01; HoO sits till 25.01, then starts calendar verification. Valid?",<b>Rule:</b> NO — the DoE-dues rule's sub-rule: act WITHIN 10 DAYS of obtaining details (till 15.01). 10-day breach feeds provisional pension trigger + interest trail.<br><br><b>Hinglish:</b> 10-din-me-hilna-tha — 20-din-soya-galat.<br><br><b>Ref:</b> Rule 55(3); Rule 57; Rule 62; Rule 65,CCS_Pension Rule_55 Timeline Evaluation CCS_Pension::Rule_55 Priority::Medium,CCS_Pension_Rules_2021::06_Bhavishya_Calendar_Rules_53_to_57,Basic,MEDIUM,Rule 55(3),CCS21-6e80e1f5
SCENARIO — Superannuation 30.09.2027; servant proceeds on LPR from 01.10.2026. When must HoO START preparatory work (the preparation rule)?,"<b>Rule:</b> 1.10.2026 (LPR date) — it is EARLIER than 1-year-prior (30.09.2026)? NO: 30.09.2026 &lt; 01.10.2026, so start = 30.09.2026. EARLIER of the two always wins — compute both dates.<br><br><b>Hinglish:</b> Dono-tareekh-nikaal-jo-pehle.<br><br><b>Trap:</b> Compute, don't assume LPR.<br><br><b>Ref:</b> Rule 56",CCS_Pension Rule_56 Timeline Application CCS_Pension::Rule_56 Priority::Critical,CCS_Pension_Rules_2021::06_Bhavishya_Calendar_Rules_53_to_57,Basic,CRITICAL,Rule 56,CCS21-ed2de27b
"SCENARIO — A 1985 — 87 spell has NO service-book entry; pay bills destroyed, LPC unavailable, April slips gone. Other office silent for 3 months. Result under the calendar rule's sub-rule (1)(a)?",<b>Rule:</b> Spell is QUALIFYING-DEEMED: 2-month reply window expired → deeming fires; Secretary answers for non-communication; servant's truth-declaration supports. Verification must still CLOSE in 8 months.<br><br><b>Hinglish:</b> Saboot-nahi-jawab-nahi to qualifying-maano.<br><br><b>Ref:</b> Rule 57(1)(a); Rule 57(1),CCS_Pension Rule_57 Scenario Application CCS_Pension::Rule_57 Priority::High,CCS_Pension_Rules_2021::06_Bhavishya_Calendar_Rules_53_to_57,Basic,HIGH,Rule 57(1)(a),CCS21-03ef651a
SCENARIO — Servant declares 'no breaks 1990–2020' but records show a 1998 resignation. Liability?,<b>Rule:</b> WILFUL FALSE declaration = GRAVE MISCONDUCT under the calendar rule's sub-rule — proceedings + conduct withholding exposure; the resignation gap is separately governed by the resignation rule (forfeiture unless permission-route).<br><br><b>Hinglish:</b> Jhoothi-ghoshna-ghor-durachar.<br><br><b>Ref:</b> Rule 57(1)(a); Rule 26; Rule 7; Rule 8; Rule 57(1); Rule 57(a),CCS_Pension Rule_57 Evaluation CCS_Pension::Rule_57 Priority::High,CCS_Pension_Rules_2021::06_Bhavishya_Calendar_Rules_53_to_57,Basic,HIGH,Rule 57(1)(a),CCS21-df4097b6
SCENARIO — Stage-2 audit finds a 30-month-old increment arrears error. Fixable under the calendar rule's sub-rule (1)(b)?,"<b>Rule:</b> NO — emoluments lookback is 24 MONTHS only; the 30-month error is time-barred for Stage 2 (remedy, if any, via revision rails).<br><br><b>Hinglish:</b> 24-mahine-se-purana-bahar.<br><br><b>Ref:</b> Rule 57(1)(b); Rule 57(1); Rule 66",CCS_Pension Rule_57 Timeline Evaluation CCS_Pension::Rule_57 Priority::High,CCS_Pension_Rules_2021::06_Bhavishya_Calendar_Rules_53_to_57,Basic,HIGH,Rule 57(1)(b),CCS21-cfba646e
SCENARIO — HoO communicates Stage-3 forms position; servant does not respond for 3 months. Effect?,<b>Rule:</b> 2-MONTH NON-ACCEPTANCE rule fires — communicated position stands accepted (the calendar rule's sub-rule ); HoO proceeds to the case-build rule. Silence = consent here (contrast the condonation rule silence = condonation).<br><br><b>Hinglish:</b> 2-mahine-chup to maan-liya.<br><br><b>Ref:</b> Rule 57(1)(c); Rule 28; Rule 59; Rule 60; Rule 57(1); Rule 57(c),CCS_Pension Rule_57 Timeline CCS_Pension::Rule_57 Priority::High,CCS_Pension_Rules_2021::06_Bhavishya_Calendar_Rules_53_to_57,Basic,HIGH,Rule 57(1)(c),CCS21-8571aedb
SCENARIO — Superannuation 31.12.2026; servant files Form 6-A on 01.10.2026 (3 months prior). Valid?,<b>Rule:</b> LATE — calendar needs NOT LATER THAN 6 MONTHS prior (by 30.06.2026). Late filing compresses the case-build rule/AO clocks; servant-caused delay also weakens interest claim (interest proviso).<br><br><b>Hinglish:</b> 6-mahine-pehle-chahiye — 3-deri.<br><br><b>Ref:</b> Rule 57(2)(a); Rule 65(1) proviso; Rule 65; Rule 65(1); Rule 59; Rule 60,CCS_Pension Rule_57 Timeline Form_6A Evaluation CCS_Pension::Rule_57 Priority::High,CCS_Pension_Rules_2021::06_Bhavishya_Calendar_Rules_53_to_57,Basic,HIGH,Rule 57(2)(a),CCS21-baf0aefa
SCENARIO — Bedridden servant cannot file; SPOUSE files Form 6-A. Later servant seeks commutation. Allowed?,<b>Rule:</b> Commutation BARRED till servant PERSONALLY applies under 1981 Rules (the calendar rule's sub-rule 2024 proviso) — spouse filing saves the pension case but freezes commutation.<br><br><b>Hinglish:</b> Patni-bhare to commutation-ruke — khud-aao.<br><br><b>Ref:</b> Rule 57(3) proviso; Rule 57(3),CCS_Pension Rule_57 Form_6A Proviso CCS_Pension::Rule_57 Priority::High,CCS_Pension_Rules_2021::06_Bhavishya_Calendar_Rules_53_to_57,Basic,HIGH,Rule 57(3),CCS21-be61bfc7
ANALYSIS — The calendar rule's sub-rule (3) says 'THE member' but event says 'ANY OTHER member': does the word change the ladder?,<b>Rule:</b> calendar ladder: servant → spouse → THE (specific/eldest-eligible?) member; the event rule: servant → spouse → ANY OTHER member (wider). VERIFIED verbatim: the calendar rule's sub-rule 'THE member' vs the event rule's sub-rule 'ANY OTHER member' — the event rule's net is textually wider; shared no-commutation-till-self-applies proviso. Exam tests the KEYWORD.<br><br><b>Hinglish:</b> THE-vs-ANY-OTHER shabd-jaal.<br><br><b>Ref:</b> Rule 57(3); Rule 58(2); Rule 57; Rule 58; Rule 57(3)(a); Rule 58(2)(a); Rule 57(a); Rule 57(2),CCS_Pension Rule_57 Rule_58 Exam_Trap CCS_Pension::Rule_57 Priority::High,CCS_Pension_Rules_2021::06_Bhavishya_Calendar_Rules_53_to_57,Basic,HIGH,Rule 57(3); Rule 58(2),CCS21-e95a52c1
"SCENARIO — VR approved 10.02, effective 01.05; servant files Form 6-A on 05.05. Valid under the event rule's sub-rule (1)?","<b>Rule:</b> LATE-ish — event demands IMMEDIATELY AFTER approval (10.02-track) OR effectiveness; filing 3 months post-approval breaches 'immediately'. File at approval, not at effectiveness.<br><br><b>Hinglish:</b> Manzoori-par-turant — prabhaav-par-nahi.<br><br><b>Ref:</b> Rule 58(1)",CCS_Pension Rule_58 Timeline Evaluation CCS_Pension::Rule_58 Priority::High,CCS_Pension_Rules_2021::07_Retirement_Processing_Rules_58_to_70,Basic,HIGH,Rule 58(1),CCS21-a0c15236
SCENARIO — No spouse; servant's BROTHER files Form 6-A in a event case. Acceptable?,<b>Rule:</b> YES if brother is 'ANY OTHER member of the family' (the event rule's sub-rule ) — wider than the calendar rule's 'THE member'; commutation-bar proviso applies equally (2024).<br><br><b>Hinglish:</b> 58-me-bhai-chalega — commutation-rukega.<br><br><b>Ref:</b> Rule 58(2); Rule 58; Rule 57,CCS_Pension Rule_58 Form_6A CCS_Pension::Rule_58 Priority::Medium,CCS_Pension_Rules_2021::07_Retirement_Processing_Rules_58_to_70,Basic,MEDIUM,Rule 58(2),CCS21-e7fe0ce9
SCENARIO — The calendar rule case: HoO completes Form 7 Part I in 5 months (1 month late). Downstream effect?,<b>Rule:</b> case-build allows 4 MONTHS — 5 months breaches; the forwarding rule's sub-rule 4-month dispatch + the pension-payment rule 2-month-advance-PPO clocks all compress; breach evidences provisional-pension trigger + interest lapse.<br><br><b>Hinglish:</b> 4-mahine-se-1-deri — aage-sab-daba.<br><br><b>Ref:</b> Rule 59(1); Rule 57; Rule 62; Rule 65; Rule 60(4); Rule 63; Rule 59(4),CCS_Pension Rule_59 Timeline Evaluation CCS_Pension::Rule_59 Priority::High,CCS_Pension_Rules_2021::07_Retirement_Processing_Rules_58_to_70,Basic,HIGH,Rule 59(1),CCS21-949cc41b
SCENARIO — Retiree dies AFTER retirement but BEFORE filing Form 6-A. Which rule rescues the family?,<b>Rule:</b> the case-build rule's sub-rule → the authorisation rule's sub-rule: spouse → eligible family member files Form 10 + Form 4 + Format 9 (or 6-A-track per 2024 ); gratuity-nominee files Form 6 if NOBODY is FP-eligible.<br><br><b>Hinglish:</b> Kagaz-bina-maut to the authorisation rule-bachao.<br><br><b>Ref:</b> Rule 59(2); Rule 80(5); Rule 59(5); Rule 59(c),CCS_Pension Rule_59 Rule_80 Synthesis CCS_Pension::Rule_59 Priority::High,CCS_Pension_Rules_2021::07_Retirement_Processing_Rules_58_to_70,Basic,HIGH,Rule 59(2),CCS21-cacd9060
SCENARIO — HoO forwards Form 7 WITHOUT the calculation sheet. AO returns the case. Who bears the delay?,"<b>Rule:</b> HoO — forwarding makes the calculation sheet MANDATORY bundle content; AO's return is a provisional trigger (not proceedings), so HoO must sanction provisional within 10d/1mo.<br><br><b>Hinglish:</b> Ganana-patra-bhool to provisional-do.<br><br><b>Ref:</b> Rule 60(1)(ii); Rule 62; Rule 62(1)(2)-(2)",CCS_Pension Rule_60 Rule_62 Evaluation CCS_Pension::Rule_60 Priority::High,CCS_Pension_Rules_2021::07_Retirement_Processing_Rules_58_to_70,Basic,HIGH,"Rule 60(1)(ii); Rule 62(1), (2)",CCS21-693a1f29
SCENARIO — Format 10 omits the DoE-intimation flag; full gratuity authorised; dues surface later. Fix?,"<b>Rule:</b> forwarding breach — HoO failed the flag duty; recovery via the withholding rule's sub-rule (DR without consent) / the assessment rule's sub-rule later-discovery + revision short-pay mechanics; HoO answerable (provisional-pension-style onus).<br><br><b>Hinglish:</b> Jhanda-bhool to DR-se-kaato.<br><br><b>Ref:</b> Rule 60(2); Rules 68, 69; Rule 68(5); Rule 62(10); Rule 66; Rule 68(8); Rule 69(3); Rule 60(8); Rule 60(3)",CCS_Pension Rule_60 Evaluation CCS_Pension::Rule_60 Priority::High,CCS_Pension_Rules_2021::07_Retirement_Processing_Rules_58_to_70,Basic,HIGH,Rule 60(2),CCS21-f700672f
SCENARIO — Superannuation 30.06; HoO dispatches the bundle on 15.03 (3.5 months prior). Compliant with the forwarding rule's sub-rule (4)?,"<b>Rule:</b> NO — the forwarding rule's sub-rule (verified): forward NOT LATER than 4 months before superannuation; for 30.06 the line falls end-Feb, so 15.03 is ~2 weeks late. File early, never skate the edge.<br><br><b>Hinglish:</b> 4-mahine-kinare-par-mat-khelo.<br><br><b>Ref:</b> Rule 60(4)",CCS_Pension Rule_60 Timeline Evaluation CCS_Pension::Rule_60 Priority::Medium,CCS_Pension_Rules_2021::07_Retirement_Processing_Rules_58_to_70,Basic,MEDIUM,Rule 60(4),CCS21-8a79997b
"EVALUATE — AO sits on a complete bundle for 3 months, citing the prompt-action rule ('promptly' has no day limit). Valid defence?","<b>Rule:</b> NO — the prompt-action rule's 'promptly' is bounded by REASON + the pension-payment rule's 2-mo/45-d PPO clocks + interest for admin delay. 'No day limit' ≠ licence to sleep.<br><br><b>Hinglish:</b> Turant-ka-matlab-so-na-nahi.<br><br><b>Ref:</b> Rule 61; Rules 63, 65; Rule 65; Rule 63",CCS_Pension Rule_61 Evaluation CCS_Pension::Rule_61 Priority::High,CCS_Pension_Rules_2021::07_Retirement_Processing_Rules_58_to_70,Basic,HIGH,Rule 61,CCS21-659ac275
SCENARIO — Pension delayed because proceedings are pending. HoO sanctions provisional pension. Valid?,"<b>Rule:</b> NO — provisional-pension covers NON-proceedings delay only (forwarding failure / AO return). Proceedings-cases run under the conduct rule (withheld/regulated), not provisional-pension lifeline.<br><br><b>Hinglish:</b> Karyavahi-me-62-nahi — provisional-pension/provisional-pension-me-jin.<br><br><b>Trap:</b> Trigger gate.<br><br><b>Ref:</b> Rule 62(1), (2); Rule 8; Rule 62; Rule 62(1)(2)-(2); Rule 60(4); Rule 7",CCS_Pension Rule_62 Provisional_Pension Evaluation CCS_Pension::Rule_62 Priority::Critical,CCS_Pension_Rules_2021::07_Retirement_Processing_Rules_58_to_70,Basic,CRITICAL,"Rule 62(1), (2)",CCS21-5be51812
"COMPUTE — Pension Rs 30,000, gratuity Rs 8,00,000, dues Rs 50,000: provisional sanction?","<b>Rule:</b> Pension: 100% = Rs 30,000. Gratuity: 100% − 10% hold = Rs 7,20,000 − dues Rs 50,000 = Rs 6,70,000 payable now (the provisional-pension rule's sub-rule + + the dues rule).<br><br><b>Hinglish:</b> Pension-poori, gratuity-90-minus-baqaya.<br><br><b>Ref:</b> Rule 62(3)(a), (b); Rule 62(3); Rule 62(3)(a); Rule 67; Rule 68; Rule 62(a); Rule 62(b)",CCS_Pension Rule_62 Application CCS_Pension::Rule_62 Priority::Critical,CCS_Pension_Rules_2021::07_Retirement_Processing_Rules_58_to_70,Basic,CRITICAL,"Rule 62(3)(a), (b)",CCS21-642f58b9
SCENARIO — Superannuation 31.03; provisional sanctioned 15.04. Valid under the provisional-pension rule's sub-rule (4)?,"<b>Rule:</b> NO — 10 DAYS for superannuation (till 10.04); 15.04 is 5 days late. Non-superannuation track alone gets 1 MONTH.<br><br><b>Hinglish:</b> 10-din-superannuation, 1-mahina-other.<br><br><b>Ref:</b> Rule 62(4); Rule 33",CCS_Pension Rule_62 Timeline Evaluation CCS_Pension::Rule_62 Priority::High,CCS_Pension_Rules_2021::07_Retirement_Processing_Rules_58_to_70,Basic,HIGH,Rule 62(4),CCS21-2daf9399
"SCENARIO — Provisional pension Rs 32,000 paid 6 months; final PPO fixes Rs 30,000. Provisional gratuity Rs 7L paid; final Rs 6.5L. Recoveries?","<b>Rule:</b> Pension excess 2,000 × 6 = Rs 12,000 RECOVERABLE (the provisional-pension rule's sub-rule ); gratuity excess Rs 50,000 NOT REFUNDABLE (the provisional-pension rule's sub-rule (i)) — HoO must cut such cases + fix officers the provisional-pension rule.<br><br><b>Hinglish:</b> Pension-wapas, gratuity-nahi.<br><br><b>Trap:</b> Asymmetry.<br><br><b>Ref:</b> Rule 62(6)(b), (c); Rule 62(c)(ii); Rule 62(6)(b); Rule 62(6)(c)(i); Rule 62(6); Rule 62(b); Rule 62(c)",CCS_Pension Rule_62 Evaluation CCS_Pension::Rule_62 Priority::Critical,CCS_Pension_Rules_2021::07_Retirement_Processing_Rules_58_to_70,Basic,CRITICAL,"Rule 62(6)(b), (c)",CCS21-7f41a884
"SCENARIO — Allottee's PPO issued; 10% gratuity (Rs 80,000) claimed WITHOUT vacating. HoO releases it. Valid?","<b>Rule:</b> NO — the provisional-pension rule's sub-rule: withheld 10% releases AFTER PPO, but ALLOTTEES need NDC (actual vacation + 14-day DoE clock per the withholding rule's sub-rule ). Release without NDC breaches.<br><br><b>Hinglish:</b> Makaan-wala-NDC-lao-tab-10%.<br><br><b>Ref:</b> Rule 62(8), (9); Rule 68; Rule 62(8)(9)-(9); Rule 68(6)(7)-(7); Rule 62(8); Rule 62(9); Rule 62(6); Rule 62(7)",CCS_Pension Rule_62 Evaluation CCS_Pension::Rule_62 Priority::High,CCS_Pension_Rules_2021::07_Retirement_Processing_Rules_58_to_70,Basic,HIGH,"Rule 62(8), (9)",CCS21-264b7b3f
SCENARIO — AO agrees provisional figures were correct. Fastest finalisation path?,<b>Rule:</b> Provisional Pension rule: adopt provisional AS FINAL → IMMEDIATE PPO (no re-audit loop); then release 10% tail per -.<br><br><b>Hinglish:</b> Sahi-tha to turant-PPO.<br><br><b>Ref:</b> Rule 62(7); Rule 62(8); Rule 62(9),CCS_Pension Rule_62 Procedure CCS_Pension::Rule_62 Priority::Medium,CCS_Pension_Rules_2021::07_Retirement_Processing_Rules_58_to_70,Basic,MEDIUM,Rule 62(7),CCS21-4472daa4
SCENARIO — Superannuation 30.06; AO issues PPO on 15.06 (15 days prior). Compliant with the pension-payment rule's sub-rule (1)(a)?,<b>Rule:</b> NO — PPO must issue 2 MONTHS BEFORE (by ~30.04). 15.06 is 6 weeks late; interest risk attaches for downstream delay.<br><br><b>Hinglish:</b> 2-mahine-pehle-PPO — 15-din-galat.<br><br><b>Ref:</b> Rule 63(1)(a); Rule 63(1); Rule 65,CCS_Pension Rule_63 Timeline Evaluation CCS_Pension::Rule_63 Priority::High,CCS_Pension_Rules_2021::07_Retirement_Processing_Rules_58_to_70,Basic,HIGH,Rule 63(1)(a),CCS21-076a1fbc
SCENARIO — VR effective 01.04; papers reach AO 10.04; PPO issued 20.06. Valid?,<b>Rule:</b> NO — the pension-payment rule's sub-rule: 45 DAYS for non-superannuation (till ~25.05 from receipt/effectiveness — VERIFY start-point); 20.06 breaches.<br><br><b>Hinglish:</b> 45-din-other — 20.06-deri.<br><br><b>Ref:</b> Rule 63(1)(b); Rule 63(1); Rule 63(b),CCS_Pension Rule_63 Timeline Evaluation CCS_Pension::Rule_63 Priority::High,CCS_Pension_Rules_2021::07_Retirement_Processing_Rules_58_to_70,Basic,HIGH,Rule 63(1)(b),CCS21-2a410129
"SCENARIO — 24-month audit finds pay was OVER-fixed 20 months ago (Rs 5,000/mo excess). AO refixes emoluments + average. Valid?",<b>Rule:</b> YES — the pension-payment rule's sub-rule: 24-month verification window COVERS 20-month error; refix + recompute pension/gratuity/FP assessment; recovery via revision rails (notice/short-pay).<br><br><b>Hinglish:</b> 24-me-pakda to sudhaaro.<br><br><b>Ref:</b> Rule 63(1)(c); Rule 66; Rule 63(1); Rule 63(c),CCS_Pension Rule_63 Scenario CCS_Pension::Rule_63 Priority::High,CCS_Pension_Rules_2021::07_Retirement_Processing_Rules_58_to_70,Basic,HIGH,Rule 63(1)(c),CCS21-1395228b
SCENARIO — Servant has TWO wives (both marriages valid under personal law) + children from void second union. PPO structure?,<b>Rule:</b> Pension Payment rule: spouse co-authorisation; 1st proviso: multiple-wives mechanics (equal FP shares per the family-pension rule's sub-rule ); 2nd proviso: void-union children take MOTHER's share with SURVIVING-WIDOW-FIRST ordering.<br><br><b>Hinglish:</b> Do-patni-barabar; void-bacche-maa-hissa-vidva-pehle.<br><br><b>Ref:</b> Rule 63(1)(d) provisos; Rule 63(1)(d); Rule 50(8)(c); Rule 63(8); Rule 63(c),CCS_Pension Rule_63 Proviso Scenario CCS_Pension::Rule_63 Priority::High,CCS_Pension_Rules_2021::07_Retirement_Processing_Rules_58_to_70,Basic,HIGH,Rule 63(1)(d),CCS21-64b9434d
EVALUATE — A 2025 commentary says pension-payment needs 'Format 9 only'. Correct?,<b>Rule:</b> OUTDATED — verified G.S.R. 410(E) cl.9 SUBSTITUTED 'Format 9' with 'Form 6-A' in the pension-payment rule's sub-rule all 2 clauses. Post-2024 answer: Form 6-A carries the undertaking.<br><br><b>Hinglish:</b> the pension-payment rule-ab-6-A — Format9-purana.<br><br><b>Ref:</b> Rule 63(4); G.S.R. 410(E); Rule 63(4)(a); Rule 63(a)-(b),CCS_Pension Rule_63 GSR_410_E_2024 Evaluation CCS_Pension::Rule_63 Priority::High,CCS_Pension_Rules_2021::07_Retirement_Processing_Rules_58_to_70,Basic,HIGH,Rule 63(4),CCS21-41bf4866
SCENARIO — Officer on CENTRAL deputation retires; PARENT HoO starts the case; BORROWING HoO also starts one. Who owns it?,"<b>Rule:</b> BORROWING HoO (the deputation-cases rule's sub-rule ) — parent must transfer papers; parallel processing is void duplication. (State/foreign deput: HoO OR cadre authority per the deputation-cases rule's sub-rule.)<br><br><b>Hinglish:</b> Kendra-pratiniyukti-lene-wala-maalk.<br><br><b>Ref:</b> Rule 64(1), (2); Rule 64(1); Rule 64(2)",CCS_Pension Rule_64 Deputation Evaluation CCS_Pension::Rule_64 Priority::High,CCS_Pension_Rules_2021::07_Retirement_Processing_Rules_58_to_70,Basic,HIGH,"Rule 64(1), (2)",CCS21-c97bec48
"IDENTIFY — (A) PPO never issued for 8 months, no proceedings. (B) PPO issued, PDA pays 2 months late. Which interest trigger each?",<b>Rule:</b> (A) 'NOT SANCTIONED' trigger; (B) 'LATER THAN DUE DATE' trigger. Both need ADMIN fault + GPF rate; both die if servant-caused (proviso).<br><br><b>Hinglish:</b> Bana-nahi vs mila-deri — dono-byaaj.<br><br><b>Ref:</b> Rule 65(1),CCS_Pension Rule_65 Interest_On_Delay Evaluation CCS_Pension::Rule_65 Priority::High,CCS_Pension_Rules_2021::07_Retirement_Processing_Rules_58_to_70,Basic,HIGH,Rule 65(1),CCS21-057389da
SCENARIO — Delay because servant filed Form 6-A 4 months late + HoO delayed 1 month. Interest?,<b>Rule:</b> APPORTION: servant-caused slice = NO interest (interest proviso); HoO-caused slice = interest at GPF. Blanket grant or blanket denial both wrong — VERIFY apportionment practice.<br><br><b>Hinglish:</b> Apni-deri-byaaj-nahi; daftar-deri-byaaj-haan.<br><br><b>Ref:</b> Rule 65(1) proviso; Rule 65(1),CCS_Pension Rule_65 Evaluation CCS_Pension::Rule_65 Priority::High,CCS_Pension_Rules_2021::07_Retirement_Processing_Rules_58_to_70,Basic,HIGH,Rule 65(1),CCS21-e178c045
SCENARIO — Under-Secretary sanctions interest for an attached office. Valid?,"<b>Rule:</b> NO — the interest rule's sub-rule: SECRETARY/JOINT SECRETARY 'SHALL' sanction (covers attached/subordinate offices). US-level sanction is coram-fail; re-sanction at Secy/JS + pay within 2 months (the interest rule's sub-rule ).<br><br><b>Hinglish:</b> Byaz-Secretary/JtSecy-hi.<br><br><b>Ref:</b> Rule 65(2), (3); Rule 65; Rule 65(2); Rule 65(3)",CCS_Pension Rule_65 Evaluation CCS_Pension::Rule_65 Priority::High,CCS_Pension_Rules_2021::07_Retirement_Processing_Rules_58_to_70,Basic,HIGH,"Rule 65(2), (3)",CCS21-22d954d2
SCENARIO — Vigilance probe into delay will take a year; HoO withholds interest till probe ends. Valid?,"<b>Rule:</b> NO — interest proviso: pay interest WITHOUT WAITING; fix responsibility + discipline in PARALLEL, not prior.<br><br><b>Hinglish:</b> Paisa-pehle-jaanch-saath.<br><br><b>Ref:</b> Rule 65(4)",CCS_Pension Rule_65 Evaluation CCS_Pension::Rule_65 Priority::High,CCS_Pension_Rules_2021::07_Retirement_Processing_Rules_58_to_70,Basic,HIGH,Rule 65(4),CCS21-111b7dc1
SCENARIO — 8th CPC (future) revises pay; pensions re-fixed upward generally. Route?,<b>Rule:</b> Revision rule: GENERAL-ORDER revision — basic pension re-treated prospectively per orders; no individual clerical-error proof needed; no DoPPW concurrence for upward/systemic moves.<br><br><b>Hinglish:</b> Aam-hukum-se-upar — aasaan.<br><br><b>Ref:</b> Rule 66(1),CCS_Pension Rule_66 Recovery Scenario CCS_Pension::Rule_66 Priority::Medium,CCS_Pension_Rules_2021::07_Retirement_Processing_Rules_58_to_70,Basic,MEDIUM,Rule 66(1),CCS21-34fadc2e
"SCENARIO — 3-year-old PPO has a data-entry error (pay Rs 80,000 typed 90,000). Downward revision needs?","<b>Rule:</b> the revision rule's sub-rule: clerical-error ground ONLY 3y &gt; 2y → DoPPW CONCURRENCE (proviso) the revision rule's sub-rule: Ministry DECIDES it is clerical the revision rule's sub-rule: 2-month refund notice → short-pay recovery. Skip any = void.<br><br><b>Hinglish:</b> Clerical-DoPPW-Ministry-notice-katoti — chaaro.<br><br><b>Ref:</b> Rule 66(2), (3), (5), (6); Rule 66(2); Rule 66(3); Rule 66(5)(6)-(6); Rule 66(1); Rule 66(4); Rule 66(5); Rule 66(6)",CCS_Pension Rule_66 Evaluation CCS_Pension::Rule_66 Priority::High,CCS_Pension_Rules_2021::07_Retirement_Processing_Rules_58_to_70,Basic,HIGH,"Rule 66(2), (3), (5), (6)",CCS21-25f47417
SCENARIO — Pensioner pleads hardship against Rs 2L excess recovery. Who can waive?,<b>Rule:</b> ONLY via the revision rule's sub-rule: MINISTRY OF FINANCE (Dept of Expenditure) waiver channel — HoO/AO/Ministry cannot forgive on their own.<br><br><b>Hinglish:</b> Maafi-sirf-FinMin.<br><br><b>Ref:</b> Rule 66(4),CCS_Pension Rule_66 Recovery CCS_Pension::Rule_66 Priority::High,CCS_Pension_Rules_2021::07_Retirement_Processing_Rules_58_to_70,Basic,HIGH,Rule 66(4),CCS21-8d5ca9bf
"SCENARIO — Retiree owes: licence-fee Rs 40,000 + subletting damages Rs 1L + HBA advance Rs 2L + excess pay Rs 30,000. Sort into baskets + recovery pot.","<b>Rule:</b> accommodation: 40K + 1L other: 2L + 30K. ALL adjusted from RETIREMENT GRATUITY (the dues rule's sub-rule ); HoO must ASCERTAIN+ASSESS both (the dues rule's sub-rule ).<br><br><b>Hinglish:</b> Makaan-1.4L, paisa-2.3L — gratuity-se-kaato.<br><br><b>Ref:</b> Rules 67(1), 2; Rule 67; Rule 67(2); Rule 67(1); Rule 67(a); Rule 67(b)",CCS_Pension Rule_67 Government_Dues Recovery Application CCS_Pension::Rule_67 Priority::High,CCS_Pension_Rules_2021::07_Retirement_Processing_Rules_58_to_70,Basic,HIGH,Rule 67,CCS21-727e531e
"SCENARIO — Electricity dues Rs 5,000 in spouse's name for allotted quarter. Recoverable under the dues rule?",<b>Rule:</b> YES if for the ALLOTTED accommodation (Explanation covers electricity/water/PNG of the allotment) — billed-name technicality doesn't defeat dues; VERIFY attribution practice.<br><br><b>Hinglish:</b> Allottee-makaan-bijli-baqaya.<br><br><b>Ref:</b> Rule 67 Explanation (a); Rule 67; Rule 67(a),CCS_Pension Rule_67 Evaluation CCS_Pension::Rule_67 Priority::Medium,CCS_Pension_Rules_2021::07_Retirement_Processing_Rules_58_to_70,Basic,MEDIUM,Rule 67 Explanation (a),CCS21-e2e318ec
SCENARIO — Superannuation case: DoE reply arrives in 3 months (1 month late). Effect?,"<b>Rule:</b> withholding allows 2 MONTHS — 3 months breaches; HoO proceeds (cannot hold pension hostage); DoE delay evidences admin lapse for the interest rule; (Contrast: non-superannuation gets only 1 MONTH the interest rule.)<br><br><b>Hinglish:</b> superannuation-2, other-1 — deri-par-aage-badho.<br><br><b>Ref:</b> Rule 68(1)(a), (b); Rule 65(1)(b); Rule 68(1)(a); Rule 65; Rule 33",CCS_Pension Rule_68 Timeline Evaluation CCS_Pension::Rule_68 Priority::High,CCS_Pension_Rules_2021::07_Retirement_Processing_Rules_58_to_70,Basic,HIGH,"Rule 68(1)(a), (b)",CCS21-6899538b
SCENARIO — DoE NEVER replies. HoO withholds 10% gratuity 'pending dues'. Valid?,<b>Rule:</b> NO — the withholding rule's sub-rule: silence = PRESUMED NOTHING RECOVERABLE. Withholding needs an actual the withholding rule/ intimation; release the 10% tail per the provisional-pension rule's sub-rule (NDC-gate for allottees).<br><br><b>Hinglish:</b> Chuppi-saaf-chit — 10%-chhodo.<br><br><b>Ref:</b> Rule 68(1)(c); Rule 68(1)(a); Rule 62(8)(9)-(9); Rule 68(1); Rule 68(c); Rule 68(b); Rule 68(8); Rule 68(9),CCS_Pension Rule_68 Evaluation CCS_Pension::Rule_68 Priority::Critical,CCS_Pension_Rules_2021::07_Retirement_Processing_Rules_58_to_70,Basic,CRITICAL,Rule 68(1)(c),CCS21-c8debf74
"COMPUTE — Dues Rs 80,000; pay Rs 50,000/mo; retirement in 10 months. withholding recovery plan?","<b>Rule:</b> Recover over NEXT 8 MONTHS from monthly pay: Rs 10,000/mo × 8 = Rs 80,000; instalments from CURRENT pay; any balance cleared BEFORE gratuity authorisation (the withholding rule's sub-rule ).<br><br><b>Hinglish:</b> 8-mahine-10-hazar — baaki-gratuity-se-pehle.<br><br><b>Ref:</b> Rule 68(2), (3); Rule 68(2); Rule 3; Rule 68(3)",CCS_Pension Rule_68 Recovery Application CCS_Pension::Rule_68 Priority::High,CCS_Pension_Rules_2021::07_Retirement_Processing_Rules_58_to_70,Basic,HIGH,"Rule 68(2), (3)",CCS21-db21a582
"SCENARIO — Vacated 01.04, NDC applied 02.04, DoE issues NDC 25.04. Pensioner claims interest on held 10%. Decide.","<b>Rule:</b> ALLOW-ABLE: withholding-the withholding rule need NDC within 14 DAYS (by 16.04); 25.04 is 9 days late — admin delay on the tail earns interest at GPF (Secy/JS sanction).<br><br><b>Hinglish:</b> 14-din-NDC — deri-byaaj.<br><br><b>Ref:</b> Rule 68(6), (7)(a); Rule 65; Rule 68(7)(a); Rule 68(6)",CCS_Pension Rule_68 Timeline Interest_On_Delay CCS_Pension::Rule_68 Priority::High,CCS_Pension_Rules_2021::07_Retirement_Processing_Rules_58_to_70,Basic,HIGH,"Rule 68(6), (7)(a)",CCS21-1f87f543
SCENARIO — Non-superannuation retirement 01.05; HoO starts dues-assessment 15.06. Valid under the assessment rule?,"<b>Rule:</b> NO — the assessment rule's sub-rule: IMMEDIATELY on retirement/knowledge for others; finish in 30 DAYS (the assessment rule's sub-rule ). 15.06 start already breaches both.<br><br><b>Hinglish:</b> Other-turant-30-din.<br><br><b>Ref:</b> Rule 69(1), (2); Rule 69; Rule 69(1); Rule 69(2)",CCS_Pension Rule_69 Timeline Evaluation CCS_Pension::Rule_69 Priority::High,CCS_Pension_Rules_2021::07_Retirement_Processing_Rules_58_to_70,Basic,HIGH,"Rule 69(1), (2)",CCS21-f42826e2
"SCENARIO — 6 months AFTER PPO, an old HBA balance surfaces. Time-barred?",<b>Rule:</b> NO — the assessment rule's sub-rule: LATER DISCOVERIES remain adjustable (via revision/withholding rails); assessment-finality never launders unknown dues.<br><br><b>Hinglish:</b> Baad-mila-bhi-katega.<br><br><b>Ref:</b> Rule 69(3); Rule 66; Rule 68,CCS_Pension Rule_69 Recovery CCS_Pension::Rule_69 Priority::High,CCS_Pension_Rules_2021::07_Retirement_Processing_Rules_58_to_70,Basic,HIGH,Rule 69(3),CCS21-beaa83e8
SCENARIO — Gazetted officer retires 31.03; Gazette notification issues 05.04 without AO copy. Defects?,"<b>Rule:</b> TIMING ok (within 1 WEEK per the deemed-retirement rule's sub-rule ) but AO-COPY missing — the deemed-retirement rule's sub-rule -style copy duty (forward IMMEDIATELY to AO) breached; cure by instant dispatch.<br><br><b>Hinglish:</b> Hafte-me-thik, AO-copy-bhool-galat.<br><br><b>Ref:</b> Rule 70(1)(a), (b); Rule 70(1)(a); Rule 70(1)(b); Rule 70(1); Rule 70(a); Rule 70(b)",CCS_Pension Rule_70 Timeline Evaluation CCS_Pension::Rule_70 Priority::Medium,CCS_Pension_Rules_2021::07_Retirement_Processing_Rules_58_to_70,Basic,MEDIUM,"Rule 70(1)(a), (b)",CCS21-1648cc21
SCENARIO — Notification delayed 2 months; officer claims salary till notification. Decide (the deemed-retirement rule's sub-rule (2)).,<b>Rule:</b> REJECT — DEEMED RETIRED on due date; failure to notify does NOT extend service. Pay stops at retirement date; only pension-line remedies flow.<br><br><b>Hinglish:</b> Kagaz-ruka-naukri-nahi-badhi.<br><br><b>Ref:</b> Rule 70(2); Rule 62; Rule 65,CCS_Pension Rule_70 Evaluation CCS_Pension::Rule_70 Priority::High,CCS_Pension_Rules_2021::07_Retirement_Processing_Rules_58_to_70,Basic,HIGH,Rule 70(2),CCS21-9c8496e3
SCENARIO — Servant dies in service; HoO skips nomination check and writes to ALL relatives. Defect?,"<b>Rule:</b> YES — death-intimation mandates NOMINATION CHECK FIRST, then Format 11 to the RIGHT claimants for Form 9. Scattergun letters delay + leak; cure by checking gratuity-nomination records immediately.<br><br><b>Hinglish:</b> Pehle-nomination-phir-chitthi.<br><br><b>Ref:</b> Rule 71(2); Rule 46",CCS_Pension Rule_71 Evaluation CCS_Pension::Rule_71 Priority::High,CCS_Pension_Rules_2021::08_Death_Cases_Rules_71_to_79,Basic,HIGH,Rule 71(2),CCS21-7d1217b2
"SCENARIO — Death 10.06; licence-fee arrears till May Rs 20,000 + June–Sept damages Rs 30,000. Recoverable?","<b>Rule:</b> Pre-death fee WAIVED (the death-intimation rule's sub-rule ) → Rs 20,000 gone; damages for death-month + 3 months (June–Sept) NOT recovered (the death-intimation rule's sub-rule ) → Rs 30,000 gone. Family starts clean on these heads.<br><br><b>Hinglish:</b> Maut-par-kiraya-muaaf-4-mahine-chhoot.<br><br><b>Ref:</b> Rule 71(4)(a), (b); Rule 71(4)(a); Rule 71(4)(b); Rule 71(4); Rule 71(a); Rule 71(b)",CCS_Pension Rule_71 Application CCS_Pension::Rule_71 Priority::High,CCS_Pension_Rules_2021::08_Death_Cases_Rules_71_to_79,Basic,HIGH,"Rule 71(4)(a), (b)",CCS21-87b4a7eb
SCENARIO — Death 01.04; HoO intimates DoE on 12.04. Valid?,<b>Rule:</b> NO — the death-intimation rule's sub-rule: 7 DAYS (till 08.04). 12.04 breaches; downstream death-dues clocks compress.<br><br><b>Hinglish:</b> 7-din-DoE — 12-deri.<br><br><b>Ref:</b> Rule 71(4)(c); Rule 77; Rule 71(4); Rule 71(c),CCS_Pension Rule_71 Timeline Evaluation CCS_Pension::Rule_71 Priority::High,CCS_Pension_Rules_2021::08_Death_Cases_Rules_71_to_79,Basic,HIGH,Rule 71(4)(c),CCS21-39334173
SCENARIO — 1990–95 spell unverified; HoO REJECTS the death case for 'incomplete verification'. Valid?,"<b>Rule:</b> NO — the record-verification rule's sub-rule (i): unverified ACCEPTED AS VERIFIED in death cases (lenient track); ready-access digging is a POWER not duty the record-verification rule. Reject = illegal; decide in 1 MONTH (the record-verification rule's sub-rule ).<br><br><b>Hinglish:</b> Maut-me-unverified-maan-lo — reject-galat.<br><br><b>Ref:</b> Rule 72(1)(b), 72(3); Rule 72(b)(ii); Rule 72(1)(b)(i); Rule 72(3); Rule 72(1); Rule 72(b)",CCS_Pension Rule_72 Evaluation CCS_Pension::Rule_72 Priority::High,CCS_Pension_Rules_2021::08_Death_Cases_Rules_71_to_79,Basic,HIGH,Rule 72(1)(b); 72(3),CCS21-17e71066
SCENARIO — Service shows a 2010 STRIKE break. Death-case verification outcome?,"<b>Rule:</b> FAILS record-verification continuity (no dismissal/removal/resignation/STRIKE) — strike-breaks need condonation mechanics (strike = listed BAR, never condoned); verify segments + apply forfeiture honestly.<br><br><b>Hinglish:</b> Hadtaal-nirantarta-tod.<br><br><b>Ref:</b> Rule 72(1)(b)(iii); Rule 28(2); Rule 28",CCS_Pension Rule_72 Scenario CCS_Pension::Rule_72 Priority::High,CCS_Pension_Rules_2021::08_Death_Cases_Rules_71_to_79,Basic,HIGH,Rule 72(1)(b)(iii),CCS21-1ecc093d
SCENARIO — Death 05.05; HoO determines emoluments on 3-year average. Valid?,"<b>Rule:</b> NO — the record-verification rule's sub-rule: lookback is 1 YEAR (not the calendar rule's 24 months, not 3 years). Recompute on 1-year base (+ EOL-case handling per ) within the 1-MONTH determination (the record-verification rule's sub-rule ).<br><br><b>Hinglish:</b> Maut-1-saal — 3-saal-galat.<br><br><b>Ref:</b> Rule 72(2)(a), (b); Rule 72(3); Rule 57; Rule 72(2)(a); Rule 72(2); Rule 72(a); Rule 72(b)",CCS_Pension Rule_72 Timeline Evaluation CCS_Pension::Rule_72 Priority::High,CCS_Pension_Rules_2021::08_Death_Cases_Rules_71_to_79,Basic,HIGH,Rule 72(2); 72(3),CCS21-4fa8e3d8
SCENARIO — Other office replies on day 45 to a FP-settlement verification request. Effect?,<b>Rule:</b> LATE — FP-settlement allows 1 MONTH (vs the calendar rule's 2 months); silence-at-30-days → qualifying-DEEMED the calendar rule; Secretary owns the failure the calendar rule; HoO IGNORES the late/incomplete reply the calendar rule and closes in 1 MONTH (the FP-settlement rule's sub-rule ).<br><br><b>Hinglish:</b> Maut-1-mahina-deri-maan-lo-aage.<br><br><b>Ref:</b> Rule 73(2)(b); Rule 73; Rule 57(b)(iv); Rule 57(b)(v); Rule 57(b)(vi); Rule 57; Rule 73(2)(b)(iii); Rule 73(2)(a); Rule 73(2); Rule 73(a),CCS_Pension Rule_73 Timeline Evaluation CCS_Pension::Rule_73 Priority::High,CCS_Pension_Rules_2021::08_Death_Cases_Rules_71_to_79,Basic,HIGH,Rule 73(2)(b)(iii)-(vi),CCS21-f94199b2
SCENARIO — Family pension sanctioned 2 months after death. HoO cites 'verification pending'. Valid?,"<b>Rule:</b> NO — the FP-settlement rule's sub-rule 'NO CASE should exist' + the FP-settlement rule's sub-rule: FP within 1 MONTH on family-pension basis; verification runs via lenient record-verification rails, never as an excuse.<br><br><b>Hinglish:</b> 1-mahine-FP — jaanch-bahana-nahi.<br><br><b>Ref:</b> Rule 73(1), (2)(a); Rule 50(2); Rule 72; Rule 73; Rule 73(1); Rule 73(2)(a); Rule 73(2); Rule 73(a)",CCS_Pension Rule_73 Timeline Evaluation CCS_Pension::Rule_73 Priority::High,CCS_Pension_Rules_2021::08_Death_Cases_Rules_71_to_79,Basic,HIGH,"Rule 73(1), 73(2)(a)",CCS21-d425ccb5
SCENARIO — AO returns a death-forwarding bundle for 'Form 4 missing'. Valid return?,"<b>Rule:</b> NO — the death-forwarding rule's sub-rule: NO REJECTION for Form 4 absence (echoed the pensioner-death rule's sub-rule ). AO must process Form 11 + Format 10 + Format 9 + service book; the death-forwarding rule's sub-rule: death dues flagged, gratuity held max 10%.<br><br><b>Hinglish:</b> Form4-na-ho to bhi-chalao.<br><br><b>Ref:</b> Rule 74(1), (2), (4); Rule 74; Rule 77; Rule 74(2); Rule 79(3)(vi); Rule 74(4); Rule 74(3); Rule 74(vi)",CCS_Pension Rule_74 Form Evaluation CCS_Pension::Rule_74 Priority::High,CCS_Pension_Rules_2021::08_Death_Cases_Rules_71_to_79,Basic,HIGH,"Rule 74(1), (2), (4)",CCS21-05d41c7a
"SCENARIO — Death 01.03, claim 10.03, HoO sanctions provisional FP on 30.03 at DOUBLE the family-pension rate. Defects?","<b>Rule:</b> TWO the death-payment rule's sub-rule: within 15 DAYS of claim (till 25.03) — 30.03 late cap = MAX — double-rate ultra vires. Sanction-letter + establishment-pay rails all 2 clauses + IMMEDIATE disbursement (the death-payment rule's sub-rule ) still owed.<br><br><b>Hinglish:</b> 15-din-aur-the family-pension rule-chhat — dono-tute.<br><br><b>Ref:</b> Rule 75(1), (2); Rule 50(2); Rule 75(1); Rule 75(2); Rule 75(a)-(b)",CCS_Pension Rule_75 Timeline Evaluation CCS_Pension::Rule_75 Priority::High,CCS_Pension_Rules_2021::08_Death_Cases_Rules_71_to_79,Basic,HIGH,"Rule 75(1), (2)",CCS21-4d1bab12
SCENARIO — Death 01.03; provisional runs till 01.10 (7 months). Valid?,"<b>Rule:</b> NO — the death-payment rule's sub-rule: 6 MONTHS from DAY-AFTER-DEATH (02.03 → 01.09); HoO must INFORM AO on expiry (the death-payment rule's sub-rule ); continued payment needs PPO rails, not silent extension.<br><br><b>Hinglish:</b> 6-mahine-agle-din-se — 7-galat.<br><br><b>Ref:</b> Rule 75(3), (4); Rule 76; Rule 75(3); Rule 75(4)",CCS_Pension Rule_75 Timeline Evaluation CCS_Pension::Rule_75 Priority::High,CCS_Pension_Rules_2021::08_Death_Cases_Rules_71_to_79,Basic,HIGH,"Rule 75(3), (4)",CCS21-fb691260
"SCENARIO — The death-forwarding rule forwarded; HoO releases 100% death gratuity WITHOUT deducting Rs 40,000 admitted dues. Valid?","<b>Rule:</b> NO — the death-payment rule's sub-rule: 100% gratuity AFTER forwarding, but sanction-letter RECOVERABLE DEDUCTED first; death-payment immediacy doesn't skip the deduction; computation on gratuity basis (the death-payment rule's sub-rule ).<br><br><b>Hinglish:</b> 100%-me-se-baqaya-kaat-ke-turant.<br><br><b>Ref:</b> Rule 75(5), (6), (7)(a); Rule 74; Rule 75(6); Rule 45(1)(b); Rule 75(5); Rule 75(7)(a); Rule 75(7); Rule 75(a)",CCS_Pension Rule_75 Evaluation CCS_Pension::Rule_75 Priority::High,CCS_Pension_Rules_2021::08_Death_Cases_Rules_71_to_79,Basic,HIGH,"Rule 75(5), (6), (7)(a)",CCS21-40f8930f
SCENARIO — AO takes 2 months on Form 11 Part II Section I; provisional LAPSES in between. Who failed?,"<b>Rule:</b> AO — the payment rule's sub-rule: 1 MONTH (with 1-year-emoluments check + CONTINUE-provisional 2nd proviso). Provisional must NEVER gap; HoO should've ridden the 2nd proviso + sought HoD extension (the payment rule's sub-rule ) if needed.<br><br><b>Hinglish:</b> 1-mahine-AO — provisional-rukna-nahi.<br><br><b>Ref:</b> Rule 76(1), (2); Rule 76(1); Rule 76(2)",CCS_Pension Rule_76 Timeline Evaluation CCS_Pension::Rule_76 Priority::High,CCS_Pension_Rules_2021::08_Death_Cases_Rules_71_to_79,Basic,HIGH,"Rule 76(1), (2)",CCS21-41b3feda
SCENARIO — Provisional ends 01.09; PPO effective 15.09; 14-day gap unpaid. Valid?,"<b>Rule:</b> NO — the payment rule's sub-rule: PPO effective DAY PROVISIONAL CEASES (02.09) BOTH dates shown ARREARS BY HoO. Gap = interest territory.<br><br><b>Hinglish:</b> Jod-bina-judna — baqaya-HoO.<br><br><b>Ref:</b> Rule 76(3)(b), (c), (d); Rule 65; Rule 76(3)(b); Rule 76(c); Rule 76(d); Rule 76(3); Rule 76(b)",CCS_Pension Rule_76 Timeline Evaluation CCS_Pension::Rule_76 Priority::High,CCS_Pension_Rules_2021::08_Death_Cases_Rules_71_to_79,Basic,HIGH,"Rule 76(3)(b), (c), (d)",CCS21-afe5fa47
"SCENARIO — Missing servant: leave till 15.03, pay till 31.03, FIR 10.04. AO picks 31.03 as start. Correct?","<b>Rule:</b> NO — the payment rule's sub-rule: THREE dates, LATEST = FIR 10.04 (mirrors its missing-persons counterpart); + 6-MONTH bar (the payment rule's sub-rule ) before payout; disabled/parents/siblings enter PPO only if NO prior claimant (the payment rule's sub-rule ).<br><br><b>Hinglish:</b> 3-me-sabse-baad-FIR — 6-mahine-rok.<br><br><b>Ref:</b> Rule 76(3)(e), (f); Rule 76(4); Rule 51(1)(b); Rule 76(3)(e); Rule 76(3)(f); Rule 76(3); Rule 76(e); Rule 76(f)",CCS_Pension Rule_76 Missing_Person Timeline Evaluation CCS_Pension::Rule_76 Priority::High,CCS_Pension_Rules_2021::08_Death_Cases_Rules_71_to_79,Basic,HIGH,"Rule 76(3)(e), (f); 76(4)",CCS21-57529928
SCENARIO — Death 01.04; DoE claims licence fee April–June + full damages. Admissible?,<b>Rule:</b> PARTLY — the death-dues rule's sub-rule: pre-death fee WAIVED; death-month + 3 months (Apr–Jul) damages HOLIDAY. April–June fee/damages largely IRRECOVERABLE; DoE owns beyond-concessional; 7-day alert + 1-month other-dues reply + 10% hold + silence-nil + acquittance check frame the rest.<br><br><b>Hinglish:</b> Maut-4-mahine-raahat — DoE-seema-me.<br><br><b>Ref:</b> Rule 77(1); Rule 77(1)(ii); Rule 77(ii); Rule 77(iv),CCS_Pension Rule_77 Government_Dues Evaluation CCS_Pension::Rule_77 Priority::High,CCS_Pension_Rules_2021::08_Death_Cases_Rules_71_to_79,Basic,HIGH,Rule 77(1)(i)-(viii),CCS21-4166d108
SCENARIO — Officer dies on STATE deputation; BORROWING State HoO claims the case; PARENT cadre also opens one. Who owns it?,"<b>Rule:</b> EITHER HoO OR CADRE authority (the death-deputation rule's sub-rule ) — but ONE owner: coordinate, don't duplicate. (Central deput: borrowing HoO per the death-deputation rule's sub-rule. deputation-cases twin is for RETIREMENT.)<br><br><b>Hinglish:</b> Rajya-maut-HoO-ya-cadre — ek-maalk.<br><br><b>Ref:</b> Rule 78(1), (2); Rule 64; Rule 78(2); Rule 78(1)",CCS_Pension Rule_78 Deputation Evaluation CCS_Pension::Rule_78 Priority::High,CCS_Pension_Rules_2021::08_Death_Cases_Rules_71_to_79,Basic,HIGH,"Rule 78(1), (2)",CCS21-04d20970
SCENARIO — Pensioner dies 01.05; PPO-named widow files Form 12 + DC + Format 9 on 10.05; PDA pays 15.07. Valid?,"<b>Rule:</b> NO — the pensioner-death rule's sub-rule: PDA disburses WITHIN 1 MONTH (till 10.06); start = DAY-AFTER-DEATH 02.05 (i). 15.07 = 5 weeks late → interest.<br><br><b>Hinglish:</b> PPO-naam-agle-din-1-mahina.<br><br><b>Ref:</b> Rule 79(2)(a)(i), (ii); Rule 65; Rule 79(2)(a)(ii); Rule 79(2); Rule 79(a); Rule 79(ii)",CCS_Pension Rule_79 Timeline Form Evaluation CCS_Pension::Rule_79 Priority::High,CCS_Pension_Rules_2021::08_Death_Cases_Rules_71_to_79,Basic,HIGH,"Rule 79(2)(a)(i), (ii)",CCS21-535024d4
SCENARIO — Disabled son unlisted in PPO claims FP; HoO orally asks AO to add him. Valid?,"<b>Rule:</b> NO — the pensioner-death rule's sub-rule -: AO includes ONLY on HoO's WRITTEN communication (spouse moves on Form 8). Oral = void; unlisted-with-no-PPO-name route is Format-13 sanction in 1 MONTH of Form 10 (the pensioner-death rule's sub-rule ).<br><br><b>Hinglish:</b> Likh-kar-jodo — zabani-nahi.<br><br><b>Ref:</b> Rule 79(2)(a), (b); Rule 79(2)(a)(iii); Rule 79(2)(b); Rule 79(2); Rule 79(a); Rule 79(iii); Rule 79(v); Rule 79(b)",CCS_Pension Rule_79 Form Format Evaluation CCS_Pension::Rule_79 Priority::High,CCS_Pension_Rules_2021::08_Death_Cases_Rules_71_to_79,Basic,HIGH,"Rule 79(2)(a), (b)",CCS21-13499914
"SCENARIO — Pensioner missing: pension paid till 31.01, police report 15.03. Family claims from 01.02. Start-date?","<b>Rule:</b> Pensioner Death rule: TWO dates (paid-till vs report), whichever LATER = 15.03-report → day-after start + 6-MONTH BAR. 6-paper chain needed (Format 12 + Form 10 + Format 8 indemnity + report + untraced + Format 9); Form-4 absence never blocks.<br><br><b>Hinglish:</b> Do-me-baad-wali-6-mahine-rok.<br><br><b>Ref:</b> Rule 79(3)(i), (iv), (vi); Rule 79(3)(iv); Rule 79(vi)",CCS_Pension Rule_79 Missing_Person Timeline Application CCS_Pension::Rule_79 Priority::High,CCS_Pension_Rules_2021::08_Death_Cases_Rules_71_to_79,Basic,HIGH,"Rule 79(3)(i), (iv), (vi)",CCS21-1d2c7487
SCENARIO — Sanction received 01.04; AO authorises 15.07 (3.5 months). Consequence?,<b>Rule:</b> Authorisation rule: 1 MONTH authorisation (till 01.05) breached; FIRST proviso: delay BEYOND 3 MONTHS FROM CLAIM → INTEREST + the interest rule responsibility-fixing. Missing-case variant: PPO-date + 6-month bar (second proviso).<br><br><b>Hinglish:</b> 1-mahina-AO-3-mahina-byaaj.<br><br><b>Ref:</b> Rule 80(1); Rule 65,CCS_Pension Rule_80 Timeline Interest_On_Delay Evaluation CCS_Pension::Rule_80 Priority::High,CCS_Pension_Rules_2021::09_Authorization_Forms_Rules_80_to_87,Basic,HIGH,Rule 80(1),CCS21-5286e962
"SCENARIO — AO→CPAO 20 days, CPAO seal 12 days, PDA pays 20 days. Which links breached?","<b>Rule:</b> CPAO (10 DAYS max — the authorisation rule's sub-rule ) + PDA (15 DAYS — the authorisation rule's sub-rule ) breached; AO→CPAO within 1 MONTH (the authorisation rule's sub-rule ) ok. Relay = 1mo → 10d → 15d.<br><br><b>Hinglish:</b> 1-mahina-10-din-15-din — do-tute.<br><br><b>Ref:</b> Rule 80(2), (3), (4); Rule 80(3); Rule 80(4); Rule 80(2)",CCS_Pension Rule_80 Timeline Evaluation CCS_Pension::Rule_80 Priority::High,CCS_Pension_Rules_2021::09_Authorization_Forms_Rules_80_to_87,Basic,HIGH,"Rule 80(2), (3), (4)",CCS21-38486019
"SCENARIO — Retiree dies sans forms; NO family member is FP-eligible, but gratuity nominee (nephew) exists. Who files what?","<b>Rule:</b> authorisation ladder finds NOBODY → proviso: gratuity-nominee nephew files FORM 6 (or 6-A-instead per 2024); HoO forwards BOTH routes (forms-set OR 6-A) per with Form 7 + Format 10.<br><br><b>Hinglish:</b> Koi-haqdaar-nahi to nominee-Form6.<br><br><b>Ref:</b> Rule 80(5)(a), proviso, (c); Rule 80(5)(a); Rule 80(c)",CCS_Pension Rule_80 Form Form_6A Scenario CCS_Pension::Rule_80 Priority::High,CCS_Pension_Rules_2021::09_Authorization_Forms_Rules_80_to_87,Basic,HIGH,Rule 80(5),CCS21-1d3781e8
"SCENARIO — Appointed 01.01.2020, takes charge 15.01.2020. QS starts?","<b>Rule:</b> 15.01.2020 — the qualifying-service rule: FIRST-POST CHARGE, not appointment date. 14-day gap never counts.<br><br><b>Hinglish:</b> Charge-sambhalo-tab-se-gino.<br><br><b>Ref:</b> Rule 11",CCS_Pension Rule_11 Qualifying_Service Application CCS_Pension::Rule_11 Priority::High,CCS_Pension_Rules_2021::02_Qualifying_Service_Rules_11_to_30,Basic,HIGH,Rule 11,CCS21-223c65fb
"SCENARIO — 2 years officiating + then substantive appointment, continuous. Counts?",<b>Rule:</b> YES — qualifying-service first proviso: officiating/temporary FOLLOWED BY substantive counts. Break before substantive would kill it.<br><br><b>Hinglish:</b> Officiating-pakka-jude.<br><br><b>Ref:</b> Rule 11 First Proviso; Rule 11,CCS_Pension Rule_11 Proviso CCS_Pension::Rule_11 Priority::High,CCS_Pension_Rules_2021::02_Qualifying_Service_Rules_11_to_30,Basic,HIGH,Rule 11,CCS21-adcd7fb7
"SCENARIO — Joined at 17, served 1 year pre-18 + 9 after. QS =?",<b>Rule:</b> 9 YEARS — qualifying-service second proviso wipes pre-18 service. 9y &lt; 10y → service gratuity (pension rescues only 9y9m+ (verified)).<br><br><b>Hinglish:</b> 18-se-pehle-shunya.<br><br><b>Ref:</b> Rule 11 Second Proviso; Rule 11; Rule 44(8),CCS_Pension Rule_11 Application CCS_Pension::Rule_11 Priority::High,CCS_Pension_Rules_2021::02_Qualifying_Service_Rules_11_to_30,Basic,HIGH,Rule 11,CCS21-bbfe0b62
"SCENARIO — Dies after 6 months leave WITHOUT pay (no duties, no pay). Counts?","<b>Rule:</b> NO — paid-service needs DUTIES + PAY both; unpaid-idle fails. (If it were medical-EOL, leave-counting would save it — different gate.)<br><br><b>Hinglish:</b> Kaam-tankhvah-dono-chahiye.<br><br><b>Ref:</b> Rule 12; Rule 21(ii)",CCS_Pension Rule_12 Qualifying_Service Evaluation CCS_Pension::Rule_12 Priority::High,CCS_Pension_Rules_2021::02_Qualifying_Service_Rules_11_to_30,Basic,HIGH,Rule 12,CCS21-bd3de506
SCENARIO — Salary paid from a Govt-administered LOCAL FUND (not CFI). Counts?,<b>Rule:</b> YES — paid-service explanation: CFI OR Govt-administered Local Fund both pass the funding test.<br><br><b>Hinglish:</b> Local-Fund-bhi-chalega.<br><br><b>Ref:</b> Rule 12 Explanation; Rule 12,CCS_Pension Rule_12 Explanation CCS_Pension::Rule_12 Priority::High,CCS_Pension_Rules_2021::02_Qualifying_Service_Rules_11_to_30,Basic,HIGH,Rule 12,CCS21-2ec221a9
SCENARIO — 5 years under a NON-CONTRIBUTORY scheme (no Govt order). Counts?,<b>Rule:</b> NO — paid-service explanation bars non-contributory-scheme service UNLESS Government orders otherwise (override). No order = no count.<br><br><b>Hinglish:</b> Order-nahi to ginti-nahi.<br><br><b>Ref:</b> Rule 12 Explanation; Rule 12,CCS_Pension Rule_12 Exception CCS_Pension::Rule_12 Priority::Medium,CCS_Pension_Rules_2021::02_Qualifying_Service_Rules_11_to_30,Basic,MEDIUM,Rule 12,CCS21-0facac2c
SCENARIO — Centre→State PERMANENT transfer; State retires him. Who pays pension?,"<b>Rule:</b> CENTRAL GOVERNMENT (the State-transfer rule's sub-rule ) — liability stays with Centre; State-transfer preserves counting.<br><br><b>Hinglish:</b> Rajya-bhejo-Kendra-bhugto.<br><br><b>Ref:</b> Rule 13(1), (3); Rule 13(1); Rule 13(3)",CCS_Pension Rule_13 CCS_Pension::Rule_13 Priority::High,CCS_Pension_Rules_2021::02_Qualifying_Service_Rules_11_to_30,Basic,HIGH,"Rule 13(1), (3)",CCS21-7e3be52a
"SCENARIO — Resigns WITHOUT permission, joins State next week. QS preserved?",<b>Rule:</b> NO — State-transfer needs PROPER PERMISSION + Explanation's 2 conditions. Bare resignation = resignation forfeiture.<br><br><b>Hinglish:</b> Bina-permission-isteefa-seva-gayi.<br><br><b>Ref:</b> Rule 13(2); Rule 26(1),CCS_Pension Rule_13 Rule_26 Evaluation CCS_Pension::Rule_13 Priority::High,CCS_Pension_Rules_2021::02_Qualifying_Service_Rules_11_to_30,Basic,HIGH,Rule 13(2),CCS21-01d4ff5f
SCENARIO — PSU spell claimed with permission + link but NO lump-sum refund. Counts under the PSU-counting rule?,<b>Rule:</b> NO — PSU-counting refund (pension/service-gratuity + retirement gratuity drawn) is MANDATORY; all 4 conditions all 4 clauses are cumulative; commutation per 1981 Table.<br><br><b>Hinglish:</b> Paisa-wapas-bina-ginti-nahi.<br><br><b>Ref:</b> Rule 14(1)(a)-(d); Rule 14; Rule 14(1)(c); Rule 14(a)-(d); Rule 14(d),CCS_Pension Rule_14 PSU Evaluation CCS_Pension::Rule_14 Priority::High,CCS_Pension_Rules_2021::02_Qualifying_Service_Rules_11_to_30,Basic,HIGH,Rule 14(1),CCS21-b125abb8
"SCENARIO — Casual labourer with 10y temporary status, NEVER regularised. QS?",<b>Rule:</b> ZERO — the temporary-status rule's 50% unlocks ONLY on REGULARISATION (Casual Labourers Scheme 1993 + DoPT). Unregularised = definition exclusion zone.<br><br><b>Hinglish:</b> Regular-nahi to aadha-nahi.<br><br><b>Ref:</b> Rule 15; Rule 2(b),CCS_Pension Rule_15 Evaluation CCS_Pension::Rule_15 Priority::High,CCS_Pension_Rules_2021::02_Qualifying_Service_Rules_11_to_30,Basic,HIGH,Rule 15,CCS21-f2f2520a
COMPUTE — 8y temporary-status + regularised + 12y regular. QS?,<b>Rule:</b> 4y (50% × 8) + 12y = 16 YEARS → pension + gratuity (≥10y).<br><br><b>Hinglish:</b> Aadha-jod-poora.<br><br><b>Ref:</b> Rule 15,CCS_Pension Rule_15 Application CCS_Pension::Rule_15 Priority::High,CCS_Pension_Rules_2021::02_Qualifying_Service_Rules_11_to_30,Basic,HIGH,Rule 15,CCS21-c28603b1
SCENARIO — Probationer resigns BEFORE confirmation. Probation counts?,<b>Rule:</b> NO — probation needs probation + CONFIRMATION (same/another post). Unconfirmed probation dangles uncounted (+ resignation forfeiture anyway).<br><br><b>Hinglish:</b> Pakki-bina-pariksha-bekaar.<br><br><b>Ref:</b> Rule 16; Rule 26,CCS_Pension Rule_16 Evaluation CCS_Pension::Rule_16 Priority::Medium,CCS_Pension_Rules_2021::02_Qualifying_Service_Rules_11_to_30,Basic,MEDIUM,Rule 16,CCS21-0a92f69d
"SCENARIO — Trade apprentice 2y, then regular appointment. Counts? SAS apprentice (IA&amp;AD) 2y?","<b>Rule:</b> Trade: NO (the apprenticeship rule blanket ban). SAS-IA&amp;AD/DAD: YES (narrow exception). Same 2 years, opposite answers.<br><br><b>Hinglish:</b> Aam-apprentice-bahar, SAS-andar.<br><br><b>Ref:</b> Rule 17",CCS_Pension Rule_17 Exception Evaluation CCS_Pension::Rule_17 Priority::High,CCS_Pension_Rules_2021::02_Qualifying_Service_Rules_11_to_30,Basic,HIGH,Rule 17,CCS21-c1889aaf
"SCENARIO — Contract 2001–2005 (pre-cutoff), then regularised. CPF employer share Rs 1L + interest. Counting price?","<b>Rule:</b> The contract-service covers pre-31.12.2003 contract; the contract-service rule's sub-rule: refund CPF GOVT contribution CUMULATIVE (1L + accrued interest). Prior SANCTION (not knowledge) is the gate-word.<br><br><b>Hinglish:</b> 2003-contract-gina, CPF-byaaj-samet-wapas.<br><br><b>Ref:</b> Rule 18(i), (ii); Rule 18(i); Rule 18(ii)",CCS_Pension Rule_18 Application CCS_Pension::Rule_18 Priority::High,CCS_Pension_Rules_2021::02_Qualifying_Service_Rules_11_to_30,Basic,HIGH,Rule 18,CCS21-135439e1
"SCENARIO — Superannuation pensioner re-employed, seeks civil-return counting. Eligible?",<b>Rule:</b> NO — civil-return covers ONLY compensation/invalid pension/gratuity entrants; SUPERANNUATION + RETIRING pensioners are OUTSIDE the civil-return rule (separate re-employment-pay rules).<br><br><b>Hinglish:</b> Superannuation-19-me-nahi.<br><br><b>Trap:</b> Entry class.<br><br><b>Ref:</b> Rule 19(1); Rule 19,CCS_Pension Rule_19 Re_Employment Evaluation CCS_Pension::Rule_19 Priority::Critical,CCS_Pension_Rules_2021::02_Qualifying_Service_Rules_11_to_30,Basic,CRITICAL,Rule 19(1),CCS21-d832f1ec
"COMPUTE — Invalid pensioner drew pension Rs 3L + commutation Rs 2L + gratuity Rs 1L, re-employed. civil-return refund + instalments?","<b>Rule:</b> Refund Rs 6L total; max 36 MONTHLY instalments (the civil-return rule's sub-rule ); right revives ONLY on FULL refund; pre-re-employment pension slice stays (the civil-return rule's sub-rule (i)) but pay-fixation gratuity element returns.<br><br><b>Hinglish:</b> 6L-36-kisht-poora-tab-haq.<br><br><b>Ref:</b> Rule 19(2), (3); Rule 19; Rule 19(3); Rule 19(2)(i); Rule 19(2); Rule 19(ii)",CCS_Pension Rule_19 Application CCS_Pension::Rule_19 Priority::High,CCS_Pension_Rules_2021::02_Qualifying_Service_Rules_11_to_30,Basic,HIGH,"Rule 19(2), (3)",CCS21-da9247e8
SCENARIO — Re-employed pensioner dies after refunding 20/36 instalments. Balance?,<b>Rule:</b> Civil Return rule: balance adjusted from DEATH GRATUITY payable to family. Family's gratuity shrinks by the unpaid refund.<br><br><b>Hinglish:</b> Baaki-maut-gratuity-se.<br><br><b>Ref:</b> Rule 19(4),CCS_Pension Rule_19 Death_Gratuity CCS_Pension::Rule_19 Priority::High,CCS_Pension_Rules_2021::02_Qualifying_Service_Rules_11_to_30,Basic,HIGH,Rule 19(4),CCS21-c665acc2
SCENARIO — Ex-serviceman keeps drawing military pension AND claims civil counting of military service. Allowed?,"<b>Rule:</b> NO — military-counting expl.2: KEEP pension = service NOT counted. Counting needs refund (pension + commutation + gratuities, the military-counting rule's sub-rule ) in ≤36 instalments (the military-counting rule's sub-rule ).<br><br><b>Hinglish:</b> Fauji-pension-rakhi to ginti-gayi.<br><br><b>Ref:</b> Rule 20 Expl.2; Rule 20(1), (2); Rule 20; Rule 20(1); Rule 20(2)",CCS_Pension Rule_20 Military_Service Evaluation CCS_Pension::Rule_20 Priority::High,CCS_Pension_Rules_2021::02_Qualifying_Service_Rules_11_to_30,Basic,HIGH,Rule 20,CCS21-67d73707
APPLY — Pre-2022 advice said military gratuity 'was NOT required to be refunded'. Post-2022 answer?,<b>Rule:</b> REVERSED — military-counting now reads 'WAS TO BE REFUNDED' (G.S.R. 770(E)). Old advice is HISTORICAL error.<br><br><b>Hinglish:</b> 2022-ulta-wapas-karo.<br><br><b>Ref:</b> Rule 20 Expl.1(ii),CCS_Pension Rule_20_Exp1_ii GSR_770_E_2022 Reversal CCS_Pension::Rule_20 Priority::Critical CCS_Pension::Rule_20_Exp1_ii,CCS_Pension_Rules_2021::02_Qualifying_Service_Rules_11_to_30,Basic,CRITICAL,Rule 20 Expl.1(ii),CCS21-7be3378f
SCENARIO — Soldier joins civil post in 2010 (post-cutoff). military counting?,"<b>Rule:</b> NO — military-counting expl.3: post-31.12.2003 joiners = NPS persons; NPS Rules govern, not the military-counting rule refund-and-count.<br><br><b>Hinglish:</b> 2003-baad-NPS.<br><br><b>Ref:</b> Rule 20 Expl.3; Rule 20",CCS_Pension Rule_20 NPS CCS_Pension::Rule_20 Priority::High,CCS_Pension_Rules_2021::02_Qualifying_Service_Rules_11_to_30,Basic,HIGH,Rule 20 Expl.3,CCS21-4404e300
SCENARIO — Military→civil with a 6-month gap; civil→civil identical gap. Condonation contrast?,<b>Rule:</b> Military: military-counting condonation DEEMED INCLUDED (auto). Civil: condonation rails (auto only if book silent + non-barred). Military smoother.<br><br><b>Hinglish:</b> Fauji-muaafi-khud.<br><br><b>Ref:</b> Rule 20(4); Rule 28,CCS_Pension Rule_20 Rule_28 Comparison CCS_Pension::Rule_20 Priority::High,CCS_Pension_Rules_2021::02_Qualifying_Service_Rules_11_to_30,Basic,HIGH,Rule 20(4),CCS21-3a7880d9
SCENARIO — The civil-return rule civil + military counting pensioners retire identically. Pension-cap contrast?,"<b>Rule:</b> Civil: civil-return caps combined outcome. Military: military-counting no LIMITATION — later civil pension runs free. Same service, different ceilings.<br><br><b>Hinglish:</b> Civil-seema-fauji-khula.<br><br><b>Ref:</b> Rule 19(5); Rule 20(5); Rule 19; Rule 20",CCS_Pension Rule_19 Rule_20 Comparison CCS_Pension::Rule_19 Priority::Critical,CCS_Pension_Rules_2021::02_Qualifying_Service_Rules_11_to_30,Basic,CRITICAL,Rule 19(5); Rule 20(5),CCS21-3d8e0ddc
SCENARIO — 2y half-pay leave (with leave salary). Counts?,<b>Rule:</b> YES fully — the leave-counting rule's sub-rule (i): leave WITH leave salary ALWAYS counts. No conditions.<br><br><b>Hinglish:</b> Tankhvah-chhutti-pakka.<br><br><b>Ref:</b> Rule 21(i),CCS_Pension Rule_21 CCS_Pension::Rule_21 Priority::High,CCS_Pension_Rules_2021::02_Qualifying_Service_Rules_11_to_30,Basic,HIGH,Rule 21(i),CCS21-88d78ac5
SCENARIO — 1y EOL for TB treatment (medical certificate). Counts?,<b>Rule:</b> YES fully — the leave-counting rule's sub-rule: medical EOL ALWAYS counts.<br><br><b>Hinglish:</b> Bimaari-EOL-pakka.<br><br><b>Ref:</b> Rule 21(ii),CCS_Pension Rule_21 CCS_Pension::Rule_21 Priority::High,CCS_Pension_Rules_2021::02_Qualifying_Service_Rules_11_to_30,Basic,HIGH,Rule 21(ii),CCS21-85454ae5
"SCENARIO — 2y EOL for (a) MTech, (b) MBA, (c) riot-curfew stranding. Which count?","<b>Rule:</b> YES (higher scientific/technical). NO (management ≠ scientific/technical). YES (civil commotion). leave-counting two grounds only.<br><br><b>Hinglish:</b> MTech-haan, MBA-na, danga-haan.<br><br><b>Ref:</b> Rule 21(iii); Rule 21(a); Rule 21(b); Rule 21(c)",CCS_Pension Rule_21 Scenario Application CCS_Pension::Rule_21 Priority::High,CCS_Pension_Rules_2021::02_Qualifying_Service_Rules_11_to_30,Basic,HIGH,Rule 21(iii),CCS21-9d1e4fe4
SCENARIO — Leave entry made 2 months BEFORE superannuation (years late). Valid?,<b>Rule:</b> NO — leave-counting explanation: late entry allowed till 6 MONTHS BEFORE superannuation. 2-month entry is time-barred; fallback: doubt favours EMPLOYEE (Govt must disprove).<br><br><b>Hinglish:</b> 6-mahine-katib; shak-karmchari.<br><br><b>Ref:</b> Rule 21 Explanation; Rule 21,CCS_Pension Rule_21 Explanation Timeline CCS_Pension::Rule_21 Priority::High,CCS_Pension_Rules_2021::02_Qualifying_Service_Rules_11_to_30,Basic,HIGH,Rule 21 Explanation,CCS21-d8fd7a06
"SCENARIO — Group C training 1y on stipend, then appointment. Group B identical training, NO Govt order. Counts?","<b>Rule:</b> Group C: YES (training/joining auto). Group B: NO without Government order. Rank changes the answer.<br><br><b>Hinglish:</b> C-khud, B-order.<br><br><b>Ref:</b> Rule 22(1), (2); Rule 22(1); Rule 22(2)",CCS_Pension Rule_22 Evaluation CCS_Pension::Rule_22 Priority::High,CCS_Pension_Rules_2021::02_Qualifying_Service_Rules_11_to_30,Basic,HIGH,"Rule 22(1), (2)",CCS21-99208a99
"SCENARIO — Joining time 12 days; servant joins on day 20 (8 days excess), no leave due. Treatment?","<b>Rule:</b> Training/joining rule: 12-day gap counts. the training/joining rule's sub-rule: 8-day excess → HoD-sanctioned EOL, and THIS EOL COUNTS (exception to the leave-counting rule strictness).<br><br><b>Hinglish:</b> Zyada-joining-EOL-gina.<br><br><b>Trap:</b> the training/joining rule's sub-rule vs the leave-counting rule.<br><br><b>Ref:</b> Rule 22(3), (4); Rule 22(3); Rule 21; Rule 22(4)",CCS_Pension Rule_22 Application CCS_Pension::Rule_22 Priority::High,CCS_Pension_Rules_2021::02_Qualifying_Service_Rules_11_to_30,Basic,HIGH,"Rule 22(3), (4)",CCS21-6c59352c
"SCENARIO — Suspended 1y, FULLY EXONERATED, but inquiry holds suspension was JUSTIFIED. Suspension counts?",<b>Rule:</b> NO — suspension needs BOTH limbs (exonerated/minor-penalty AND wholly-unjustified). Justified suspension fails limb 2 despite exoneration.<br><br><b>Hinglish:</b> Bari-kaafi-nahi-bevajah-bhi.<br><br><b>Trap:</b> AND gate.<br><br><b>Ref:</b> Rule 23(1),CCS_Pension Rule_23 Evaluation CCS_Pension::Rule_23 Priority::Critical,CCS_Pension_Rules_2021::02_Qualifying_Service_Rules_11_to_30,Basic,CRITICAL,Rule 23(1),CCS21-bd7f9079
SCENARIO — Minor penalty (censure) + suspension held wholly unjustified + express declaration. Counts?,"<b>Rule:</b> YES — suspension limb 1 (only minor penalty) + limb 2 (unjustified) + suspension express declaration AT THE TIME + suspension entry in EVERY case.<br><br><b>Hinglish:</b> Halka-dand-bevajah-ghoshna-gina.<br><br><b>Ref:</b> Rule 23(1), (2), (3); Rule 23(1); Rule 23(2); Rule 23(3)",CCS_Pension Rule_23 Application CCS_Pension::Rule_23 Priority::High,CCS_Pension_Rules_2021::02_Qualifying_Service_Rules_11_to_30,Basic,HIGH,Rule 23,CCS21-89b1910c
SCENARIO — Declaration under suspension made 2 years AFTER reinstatement. Valid?,"<b>Rule:</b> NO — declaration must be AT THE TIME (contemporaneous). Belated declarations are void; suspension entry must still record the (negative) outcome.<br><br><b>Hinglish:</b> Ghoshna-usi-waqt.<br><br><b>Ref:</b> Rule 23(2), (3); Rule 23(2); Rule 23(3)",CCS_Pension Rule_23 Evaluation CCS_Pension::Rule_23 Priority::Medium,CCS_Pension_Rules_2021::02_Qualifying_Service_Rules_11_to_30,Basic,MEDIUM,"Rule 23(2), (3)",CCS21-4eeeac1d
SCENARIO — Dismissed after 15y; 5y later offence pardoned (no reinstatement). QS?,<b>Rule:</b> ZERO — forfeiture stands; pardon ≠ the reinstatement rule reinstatement-on-appeal/review. Only compassionate allowance allowance (≤2/3) may rescue.<br><br><b>Hinglish:</b> Maafi-bahali-nahi.<br><br><b>Ref:</b> Rule 24; Rule 25; Rule 41,CCS_Pension Rule_24 Forfeiture Evaluation CCS_Pension::Rule_24 Priority::High,CCS_Pension_Rules_2021::02_Qualifying_Service_Rules_11_to_30,Basic,HIGH,Rule 24,CCS21-3045884f
SCENARIO — Compulsorily retired; HoO invokes forfeiture. Valid?,<b>Rule:</b> NO — compulsory retirement is NOT in the forfeiture rule (dismissal/removal only). compulsory-retirement pension (2/3–full) follows instead.<br><br><b>Hinglish:</b> Compulsory-24-bahar-40-andar.<br><br><b>Trap:</b> Classic.<br><br><b>Ref:</b> Rule 24; Rule 40,CCS_Pension Rule_24 Exam_Trap CCS_Pension::Rule_24 Priority::Critical,CCS_Pension_Rules_2021::02_Qualifying_Service_Rules_11_to_30,Basic,CRITICAL,Rule 24,CCS21-6cff4020
"SCENARIO — Removed 2015, reinstated on APPEAL 2018, retired 2030. QS + gap?","<b>Rule:</b> Past service COUNTS (the reinstatement rule's sub-rule ); 2015–18 gap NOT counted unless REGULARISED by specific order (the reinstatement rule's sub-rule ) — reinstatement revives service, not the gap.<br><br><b>Hinglish:</b> Bahali-seva-wapas-gap-alag.<br><br><b>Ref:</b> Rule 25(1), (2); Rule 25(1); Rule 25(2)",CCS_Pension Rule_25 Application CCS_Pension::Rule_25 Priority::High,CCS_Pension_Rules_2021::02_Qualifying_Service_Rules_11_to_30,Basic,HIGH,Rule 25,CCS21-341446e7
SCENARIO — Resigns to join SBI (no permission). Then claims resignation exception. Decide.,"<b>Rule:</b> REJECT twice no PROPER PERMISSION bank = resignation private/body exclusion (Govt-to-Govt only). resignation forfeiture stands.<br><br><b>Hinglish:</b> Bank-bina-permission-do-galti.<br><br><b>Ref:</b> Rule 26(1), (2), (6); Rule 26(2); Rule 26(6); Rule 26(1)",CCS_Pension Rule_26 Evaluation CCS_Pension::Rule_26 Priority::High,CCS_Pension_Rules_2021::02_Qualifying_Service_Rules_11_to_30,Basic,HIGH,Rule 26,CCS21-abfd7e44
SCENARIO — Permission-route resignation; order SILENT on counting; HoO makes NO entry. Saved?,<b>Rule:</b> NO — resignation needs order to CLEARLY INDICATE + HoO SPECIFIC entry. Silence kills the exception; cure prospectively only (VERIFY).<br><br><b>Hinglish:</b> Chup-order-entry-nahi-bacha-nahi.<br><br><b>Ref:</b> Rule 26(3),CCS_Pension Rule_26 Evaluation CCS_Pension::Rule_26 Priority::High,CCS_Pension_Rules_2021::02_Qualifying_Service_Rules_11_to_30,Basic,HIGH,Rule 26(3),CCS21-3d1340ae
"SCENARIO — Resignation withdrawn AFTER acceptance, appointing authority refuses. Valid refusal?",<b>Rule:</b> YES — the resignation rule's sub-rule 's 4 conditions gate withdrawal (pre-acceptance + continuity + AA acceptance...); post-acceptance refusal is lawful.<br><br><b>Hinglish:</b> Manzoor-ke-baad-wapsi-nahi.<br><br><b>Ref:</b> Rule 26(5),CCS_Pension Rule_26 Evaluation CCS_Pension::Rule_26 Priority::Medium,CCS_Pension_Rules_2021::02_Qualifying_Service_Rules_11_to_30,Basic,MEDIUM,Rule 26(5),CCS21-3793782b
SCENARIO — 10-day unauthorised absence; post NOT filled; AA later commutes it as EOL. Effect?,"<b>Rule:</b> SAVED twice: absence covers absence-till-filled; absence retrospective EOL-commutation regularises. Either suffices.<br><br><b>Hinglish:</b> Gayab-bharti-tak-EOL-baad.<br><br><b>Ref:</b> Rule 27(1)(b), (2); Rule 27(1)(b); Rule 27(2)",CCS_Pension Rule_27 Application CCS_Pension::Rule_27 Priority::High,CCS_Pension_Rules_2021::02_Qualifying_Service_Rules_11_to_30,Basic,HIGH,Rule 27,CCS21-0cdf7066
"SCENARIO — Transfer to NON-qualifying post in PUBLIC INTEREST for 3y, then back. Break?",<b>Rule:</b> NO BREAK — absence excepts public-interest transfers; past service intact (non-qualifying spell itself doesn't accrue).<br><br><b>Hinglish:</b> Jan-hit-transfer-jod-bacha.<br><br><b>Ref:</b> Rule 27(1)(d),CCS_Pension Rule_27 Exception CCS_Pension::Rule_27 Priority::High,CCS_Pension_Rules_2021::02_Qualifying_Service_Rules_11_to_30,Basic,HIGH,Rule 27(1)(d),CCS21-7a8b075b
"SCENARIO — 6-month private-business break (no leave, no suspension, no transfer). Condonable?",<b>Rule:</b> NO exception fits the absence rule's sub-rule all 5 clauses → FORFEITURE of past service. Only condonation discretion (non-barred cause) or the absence rule's sub-rule EOL-commutation could save — business-break unlikely to earn either.<br><br><b>Hinglish:</b> Niji-break-paanc-me-nahi-zabt.<br><br><b>Ref:</b> Rule 27; Rule 28; Rule 27(1)(a); Rule 27(2); Rule 27(a)-(e); Rule 27(1),CCS_Pension Rule_27 Forfeiture Evaluation CCS_Pension::Rule_27 Priority::High,CCS_Pension_Rules_2021::02_Qualifying_Service_Rules_11_to_30,Basic,HIGH,Rule 27; Rule 28,CCS21-d326e5fe
SCENARIO — Old 3-month gap; service book SILENT. Application needed for condonation?,"<b>Rule:</b> NO — condonation auto-condones absent contrary indication. Gap itself unpaid (the condonation rule's sub-rule ); link bridged free.<br><br><b>Hinglish:</b> Chup-kitaab-muaafi-khud.<br><br><b>Ref:</b> Rule 28(1), (3); Rule 28(1); Rule 28(3)",CCS_Pension Rule_28 Condonation CCS_Pension::Rule_28 Priority::High,CCS_Pension_Rules_2021::02_Qualifying_Service_Rules_11_to_30,Basic,HIGH,"Rule 28(1), (3)",CCS21-2ceeca65
SCENARIO — Gap caused by unpunished STRIKE (book silent). Auto-condoned?,<b>Rule:</b> NO — condonation lists strike as a bar; silence cannot override an express bar. Same for resignation/dismissal/removal gaps.<br><br><b>Hinglish:</b> Hadtaal-chaar-rok.<br><br><b>Ref:</b> Rule 28(2),CCS_Pension Rule_28 Evaluation CCS_Pension::Rule_28 Priority::High,CCS_Pension_Rules_2021::02_Qualifying_Service_Rules_11_to_30,Basic,HIGH,Rule 28(2),CCS21-9e34dbce
"SCENARIO — AA refuses condonation citing 'administrative inconvenience', no hearing. Valid?",<b>Rule:</b> NO — the condonation rule's sub-rule: refusal ONLY in exceptional/grave circumstances + REPRESENTATION + PERSONAL HEARING mandatory. Convenience ≠ grave.<br><br><b>Hinglish:</b> Sunwai-bina-mana-galat.<br><br><b>Ref:</b> Rule 28(4)-(6); Rule 28(4)(6)-(6); Rule 28(4); Rule 28(6),CCS_Pension Rule_28 Procedure Evaluation CCS_Pension::Rule_28 Priority::High,CCS_Pension_Rules_2021::02_Qualifying_Service_Rules_11_to_30,Basic,HIGH,"Rule 28(4), (5), (6)",CCS21-2baad47d
"SCENARIO — 4y UN deputation; servant skips contribution, claims counting. Allowed?",<b>Rule:</b> NO — the UN-deputation rule: counting needs CONTRIBUTION; the -refund proviso only returns paid sums. No pay = no count.<br><br><b>Hinglish:</b> UN-chanda-bina-ginti-nahi.<br><br><b>Ref:</b> Rule 29; Rule 29(b),CCS_Pension Rule_29 Deputation Evaluation CCS_Pension::Rule_29 Priority::Medium,CCS_Pension_Rules_2021::02_Qualifying_Service_Rules_11_to_30,Basic,MEDIUM,Rule 29,CCS21-07ad5e70
SCENARIO — Servant completes 18y service; HoO skips verification ('will do at retirement'). Valid?,"<b>Rule:</b> NO — the verification-timeline rule's sub-rule: verification AT 18 YEARS + 5-YEARS-BEFORE-superannuation, conveyed in FORMAT 4 after HoO+AO consultation. Skipping both breaches; the verification-timeline rule's sub-rule: 31-JANUARY report to Secretary tracks compliance.<br><br><b>Hinglish:</b> 18-aur-5-pehle-jaanch-laazmi.<br><br><b>Ref:</b> Rule 30(1), (5); Rule 30(1); Rule 30(5)",CCS_Pension Rule_30 Timeline Format Evaluation CCS_Pension::Rule_30 Priority::High,CCS_Pension_Rules_2021::02_Qualifying_Service_Rules_11_to_30,Basic,HIGH,"Rule 30(1), (5)",CCS21-814ba899
SCENARIO — The verification-timeline rule verification completed 2020; 2022 amendment changes counting. Reopen?,"<b>Rule:</b> YES, narrowly — the verification-timeline rule's sub-rule: verification FINAL EXCEPT for RULE CHANGES. Amendment-driven delta reopens; fishing re-audit stays barred.<br><br><b>Hinglish:</b> Niyam-badla to khula.<br><br><b>Ref:</b> Rule 30(4); Rule 30",CCS_Pension Rule_30 Evaluation CCS_Pension::Rule_30 Priority::Medium,CCS_Pension_Rules_2021::02_Qualifying_Service_Rules_11_to_30,Basic,MEDIUM,Rule 30(4),CCS21-9374c840
SCENARIO — Department abolished; staff rendered surplus. verification timeline trigger?,<b>Rule:</b> YES — the verification-timeline rule's sub-rule: transfer/closure/SURPLUS events trigger verification outside the 18y/5y clocks.<br><br><b>Hinglish:</b> Band-vibhaag-jaanch-turant.<br><br><b>Ref:</b> Rule 30(3); Rule 30,CCS_Pension Rule_30 CCS_Pension::Rule_30 Priority::Medium,CCS_Pension_Rules_2021::02_Qualifying_Service_Rules_11_to_30,Basic,MEDIUM,Rule 30(3),CCS21-cf147348
"MASTER SCENARIO — Join 18 (charge day 1) → 2y probation-confirmed → 1y medical EOL → 6mo unauthorised gap (post unfilled, book silent) → 3y UN (contribution paid) → resign WITH permission to State → State service 8y → retire. Compute QS + flag each gate.","<b>Rule:</b> 2 + the provision rule + 0-gap-link-saved(absence/condonation, gap unpaid) + 3 + 8 = 14y countable (+ permission-route resignation saves pre-resignation). Pension (≥10y) + retirement gratuity.<br><br><b>Hinglish:</b> Jod-muaafi-deputation-rajya-14-saal-pension.<br><br><b>Ref:</b> Rules 11-30 synthesis; Rule 26(2); Rule 13(2); Rule 1(leave-counting)",CCS_Pension Rule_11 Rule_30 Qualifying_Service Synthesis CCS_Pension::Rule_11 Priority::Critical,CCS_Pension_Rules_2021::02_Qualifying_Service_Rules_11_to_30,Basic,CRITICAL,Rules 11–30,CCS21-c2c71dd7
"EX1-STEP1 — Base pick: emoluments Rs 85,000 vs average Rs 82,000. Which and why?","<b>Step:</b> Rs 85,000 — the pension rule's sub-rule: WHICHEVER MORE BENEFICIAL. Always compute BOTH (the emoluments rule vs the average-emoluments rule) first.<br><br><b>Hinglish:</b> Dono-nikaal-jo-bada.<br><br><b>Ref:</b> Rule 44(1); Example 1; Rule 31; Rule 32",CCS_Pension Rule_44 Worked_Example Calculation CCS_Pension::Rule_44 Priority::High,CCS_Pension_Rules_2021::04_Pension_Gratuity_Rules_44_to_49,Basic,HIGH,Worked Example 1,CCS21-ad5abbaa
EX1-STEP2 — QS 32y4m → six-monthly periods?,<b>Step:</b> 4m ≥ 3m → +1 period (the pension rule's sub-rule ): 64 + 1 = 65 periods = 32.5y. Rounding builds gratuity-periods AND pension-gate years alike.<br><br><b>Hinglish:</b> 4-mahina-aadha-saal.<br><br><b>Ref:</b> Rule 44(7); Example 1,CCS_Pension Rule_44 Worked_Example CCS_Pension::Rule_44 Priority::High,CCS_Pension_Rules_2021::04_Pension_Gratuity_Rules_44_to_49,Basic,HIGH,Worked Example 1,CCS21-3eddd198
EX1-STEP3 — Pension-gate check: 32.5y → pension or service gratuity?,"<b>Step:</b> PENSION — ≥10y (the pension rule's sub-rule ); pension near-miss unneeded. &lt;10y would flip to pension service gratuity.<br><br><b>Hinglish:</b> 10-paar-pension.<br><br><b>Ref:</b> Rule 44(1), (8); Example 1; Rule 44(8); Rule 44(2)(3)-(3); Rule 44(1)",CCS_Pension Rule_44 Worked_Example CCS_Pension::Rule_44 Priority::High,CCS_Pension_Rules_2021::04_Pension_Gratuity_Rules_44_to_49,Basic,HIGH,Worked Example 1,CCS21-bbd2ae25
"EX1-STEP4 — 50% × 85,000 = 42,500: floor/ceiling/rupee checks?","<b>Step:</b> 9,000 ≤ 42,500 ≤ 1,25,000 ✓; the pension rule's sub-rule: already whole rupees, no change. Final: Rs 42,500/mo + DR.<br><br><b>Hinglish:</b> Seema-gol-dono-paas.<br><br><b>Ref:</b> Rule 44(1), (9); Example 1; Rule 44(9)",CCS_Pension Rule_44 Worked_Example CCS_Pension::Rule_44 Priority::High,CCS_Pension_Rules_2021::04_Pension_Gratuity_Rules_44_to_49,Basic,HIGH,Worked Example 1,CCS21-53b22dd7
EX2-STEP1 — QS 9y10m: apply the pension rule's sub-rule (8). Result?,<b>Step:</b> 9y10m &gt; 9y9m → DEEMED 10y → pension-gate OPENS. Memorise: 9y9m+ = pension; 9y8m = gratuity-only.<br><br><b>Hinglish:</b> 9y9m-paar-darwaza-khula.<br><br><b>Ref:</b> Rule 44(8); Example 2,CCS_Pension Rule_44 Near_Miss Worked_Example CCS_Pension::Rule_44 Priority::Critical,CCS_Pension_Rules_2021::04_Pension_Gratuity_Rules_44_to_49,Basic,CRITICAL,Worked Example 2,CCS21-d34ce225
"EX2-STEP2 — Pension Rs 30,000: is retirement gratuity ALSO due? Compute (20 periods)?","<b>Step:</b> YES — addition not alternative: ¼ × 60,000 × 20 = Rs 3,00,000 (≤16.5× = 9.9L ✓; ≤25L ✓).<br><br><b>Hinglish:</b> Pension-saath-gratuity.<br><br><b>Ref:</b> Rule 45(1)(a); Example 2",CCS_Pension Rule_45 Worked_Example CCS_Pension::Rule_45 Priority::High,CCS_Pension_Rules_2021::04_Pension_Gratuity_Rules_44_to_49,Basic,HIGH,Worked Example 2,CCS21-5a476498
EX3-STEP1 — Age 82 → which pension slab and base?,"<b>Step:</b> 80–85 → 20% ON BASIC pension (Rs 30,000), NOT on basic+DR. Base error = classic trap.<br><br><b>Hinglish:</b> Basic-par-20.<br><br><b>Ref:</b> Rule 44(6); Example 3",CCS_Pension Rule_44 Additional_Pension Worked_Example CCS_Pension::Rule_44 Priority::High,CCS_Pension_Rules_2021::04_Pension_Gratuity_Rules_44_to_49,Basic,HIGH,Worked Example 3,CCS21-d05a75f7
"EX3-STEP2 — Additional Rs 6,000: effective from + DR treatment?","<b>Step:</b> From 1ST OF BIRTH-MONTH; total Rs 36,000 + DR 60% on (basic + additional) = Rs 21,600 → Rs 57,600/mo.<br><br><b>Hinglish:</b> Mahine-pehli-se-DR-sab-par.<br><br><b>Ref:</b> Rule 44(6); Rule 52; Example 3",CCS_Pension Rule_44 Dearness_Relief Worked_Example CCS_Pension::Rule_44 Priority::High,CCS_Pension_Rules_2021::04_Pension_Gratuity_Rules_44_to_49,Basic,HIGH,Worked Example 3,CCS21-8501332f
EX4-STEP1 — QS 6mo / 3y: slab multiples?,"<b>Step:</b> &lt;1y → 2×; 1–5y → 6×. Early-career deaths use FLAT multiples, not half-month math.<br><br><b>Hinglish:</b> Chhoti-seva-flat-guna.<br><br><b>Ref:</b> Rule 45(1)(b); Example 4",CCS_Pension Rule_45 Death_Gratuity Worked_Example CCS_Pension::Rule_45 Priority::High,CCS_Pension_Rules_2021::04_Pension_Gratuity_Rules_44_to_49,Basic,HIGH,Worked Example 4,CCS21-524c2157
EX4-STEP2 — QS 7y / 15y: slab multiples + 11y-boundary logic?,<b>Step:</b> 5–11y → 12×; 11–20y → 20×. Exactly-11y falls in 20× band (upper band owns the boundary).<br><br><b>Hinglish:</b> 11-20guna-seema-upar.<br><br><b>Ref:</b> Rule 45(1)(b); Example 4,CCS_Pension Rule_45 Death_Gratuity Worked_Example CCS_Pension::Rule_45 Priority::High,CCS_Pension_Rules_2021::04_Pension_Gratuity_Rules_44_to_49,Basic,HIGH,Worked Example 4,CCS21-3f5875fa
EX4-STEP3 — QS 25y (50 periods): arithmetic + 33× check?,"<b>Step:</b> ½ × 70,000 × 50 = 25× = Rs 17.5L ≤ 33× ✓. 20y+ uses HALF-MONTH math (like service gratuity), not flat multiples.<br><br><b>Hinglish:</b> 20-paar-aadha-mahina.<br><br><b>Ref:</b> Rule 45(1)(b); Example 4",CCS_Pension Rule_45 Death_Gratuity Worked_Example CCS_Pension::Rule_45 Priority::High,CCS_Pension_Rules_2021::04_Pension_Gratuity_Rules_44_to_49,Basic,HIGH,Worked Example 4,CCS21-0d38f086
EX4-STEP4 — Base + overall cap order for all five cases?,<b>Step:</b> Base = emoluments + DA-AT-DEATH (the gratuity rule's sub-rule ); THEN 25L overall cap LAST. Cap-first = wrong order.<br><br><b>Hinglish:</b> DA-jod-guna-phir-25L.<br><br><b>Ref:</b> Rule 45(6); Example 4,CCS_Pension Rule_45 Ceiling Worked_Example CCS_Pension::Rule_45 Priority::Critical,CCS_Pension_Rules_2021::04_Pension_Gratuity_Rules_44_to_49,Basic,CRITICAL,Worked Example 4,CCS21-821d77fe
"EX5-STEP1 — Raw: ¼ × 90,000 × 66 =?","<b>Step:</b> Rs 59,40,000 raw. 66 periods = 33y max-counted (16.5× fence coming).<br><br><b>Hinglish:</b> Kaccha-59L.<br><br><b>Ref:</b> Rule 45(1)(a); Example 5",CCS_Pension Rule_45 Worked_Example CCS_Pension::Rule_45 Priority::High,CCS_Pension_Rules_2021::04_Pension_Gratuity_Rules_44_to_49,Basic,HIGH,Worked Example 5,CCS21-4b05d3c5
"EX5-STEP2 — 16.5× cap: Rs 14,85,000. Why does 16.5× = 66 periods × ¼?","<b>Step:</b> ¼ × 66 = 16.5 — the cap EQUALS max-periods arithmetic, so it bites only via... (it caps the MULTIPLE at 16.5× emoluments = Rs 14,85,000). Two-step: raw → 16.5× → 25L.<br><br><b>Hinglish:</b> 16.5-66-ka-chauthai.<br><br><b>Ref:</b> Rule 45(1)(a); Example 5",CCS_Pension Rule_45 Ceiling Worked_Example CCS_Pension::Rule_45 Priority::High,CCS_Pension_Rules_2021::04_Pension_Gratuity_Rules_44_to_49,Basic,HIGH,Worked Example 5,CCS21-0af9c2ba
"EX5-STEP3 — Rs 14,85,000 vs 25L cap: payable?","<b>Step:</b> Rs 14,85,000 (below 25L, no cut). Overall cap is the LAST gate, not the first.<br><br><b>Hinglish:</b> 25L-aakhri-jaanch.<br><br><b>Ref:</b> Rule 45(1) proviso; Example 5",CCS_Pension Rule_45 Ceiling Worked_Example CCS_Pension::Rule_45 Priority::High,CCS_Pension_Rules_2021::04_Pension_Gratuity_Rules_44_to_49,Basic,HIGH,Worked Example 5,CCS21-85e30936
EX6-STEP1 — Gates: death in year 3 of retirement + drawn Rs 4L. gratuity opens?,<b>Step:</b> YES — death WITHIN 5 YEARS of retirement is the gate; drawn-total (pension + gratuity) is the subtrahend.<br><br><b>Hinglish:</b> 5-saal-gate-khula.<br><br><b>Ref:</b> Rule 45(3); Example 6,CCS_Pension Rule_45 Residuary_Gratuity Worked_Example CCS_Pension::Rule_45 Priority::High,CCS_Pension_Rules_2021::04_Pension_Gratuity_Rules_44_to_49,Basic,HIGH,Worked Example 6,CCS21-b5bd7b62
"EX6-STEP2 — 12× Rs 50,000 = 6L − 4L = Rs 2L residuary. If drawn were Rs 7L?",<b>Step:</b> NIL — deficiency-only top-up; drawn ≥ 12× benchmark → no residuary. Never negative.<br><br><b>Hinglish:</b> Kami-topup-zyada-shunya.<br><br><b>Ref:</b> Rule 45(3); Example 6,CCS_Pension Rule_45 Residuary_Gratuity Worked_Example CCS_Pension::Rule_45 Priority::High,CCS_Pension_Rules_2021::04_Pension_Gratuity_Rules_44_to_49,Basic,HIGH,Worked Example 6,CCS21-c3d46c13
"EX7-STEP1 — In-service death, pay 80K: enhanced?","<b>Step:</b> 50% × 80K = Rs 40,000 × 10y (the family-pension rule's sub-rule ); ≤1.25L ✓; no 67-fence.<br><br><b>Hinglish:</b> 40-hazar-10-saal.<br><br><b>Ref:</b> Rule 50(2)(a)(ii); Example 7; Rule 50(2); Rule 50(a); Rule 50(ii)",CCS_Pension Rule_50 Worked_Example CCS_Pension::Rule_50 Priority::High,CCS_Pension_Rules_2021::05_Family_Pension_DR_Rules_50_to_52,Basic,HIGH,Worked Example 7,CCS21-61443be7
EX7-STEP2 — After 10y: ordinary? Any fresh sanction?,"<b>Step:</b> 30% × 80K = Rs 24,000 (≤75K ✓), AUTOMATIC per the family-pension rule's sub-rule — no fresh papers.<br><br><b>Hinglish:</b> 24-hazar-khud.<br><br><b>Ref:</b> Rule 50(2)(b); Example 7; Rule 50(2); Rule 50(b)",CCS_Pension Rule_50 Worked_Example CCS_Pension::Rule_50 Priority::High,CCS_Pension_Rules_2021::05_Family_Pension_DR_Rules_50_to_52,Basic,HIGH,Worked Example 7,CCS21-e0921365
"EX8-STEP1 — Two widows: split of Rs 30,000 FP?","<b>Step:</b> EQUAL: Rs 15,000 each (the family-pension rule's sub-rule ). Seniority/marriage-date irrelevant.<br><br><b>Hinglish:</b> Barabar-15-15.<br><br><b>Ref:</b> Rule 50(8)(c); Example 8; Rule 50(8); Rule 50(c)",CCS_Pension Rule_50 Worked_Example CCS_Pension::Rule_50 Priority::High,CCS_Pension_Rules_2021::05_Family_Pension_DR_Rules_50_to_52,Basic,HIGH,Worked Example 8,CCS21-12244a15
"EX8-STEP2 — One widow exits (death/remarriage) leaving children: her Rs 15,000 routes?",<b>Step:</b> → HER children first; ONLY if childless → co-widow. Cascade order is MOTHER-LINE then co-widow.<br><br><b>Hinglish:</b> Uske-bacche-phir-saath.<br><br><b>Ref:</b> Rule 50(8)(c); Example 8,CCS_Pension Rule_50 Worked_Example CCS_Pension::Rule_50 Priority::High,CCS_Pension_Rules_2021::05_Family_Pension_DR_Rules_50_to_52,Basic,HIGH,Worked Example 8,CCS21-f2a450f7
EX9-STEP1 — 10-month window: drop which months?,<b>Step:</b> Drop EOL/SUSPENSION zero-pay months (the average-emoluments rule's sub-rule ) — they must not drag the average. (Method: average the window per the average-emoluments rule mechanics.)<br><br><b>Hinglish:</b> Bina-vetan-bahar.<br><br><b>Ref:</b> Rule 32(4); Example 9; Rule 32,CCS_Pension Rule_32 Average_Emoluments Worked_Example CCS_Pension::Rule_32 Priority::High,CCS_Pension_Rules_2021::03_Emoluments_Classes_Rules_31_to_43,Basic,HIGH,Worked Example 9,CCS21-a4bdbf98
EX9-STEP2 — Due-but-delayed increment: treatment? Pay reduction?,"<b>Step:</b> Increment ADDED notionally (the average-emoluments rule's sub-rule ); reduction IGNORED (the average-emoluments rule's sub-rule ). Average protects the servant both ways.<br><br><b>Hinglish:</b> Increment-jod-ghata-chhodo.<br><br><b>Ref:</b> Rule 32(2), (5), (6); Example 9; Rule 32(5)(6)-(6); Rule 32(2); Rule 32(5); Rule 32(6)",CCS_Pension Rule_32 Worked_Example CCS_Pension::Rule_32 Priority::High,CCS_Pension_Rules_2021::03_Emoluments_Classes_Rules_31_to_43,Basic,HIGH,Worked Example 9,CCS21-0faa9ee8
EX9-STEP3 — Average vs last emoluments: final base?,<b>Step:</b> HIGHER of the two (the pension rule's sub-rule more-beneficial). Pension = 50% × winner.<br><br><b>Hinglish:</b> Jo-bada-wahi.<br><br><b>Ref:</b> Rule 32; Rule 44(1); Example 9; Rule 32(1),CCS_Pension Rule_32 Rule_44 Worked_Example CCS_Pension::Rule_32 Priority::High,CCS_Pension_Rules_2021::03_Emoluments_Classes_Rules_31_to_43,Basic,HIGH,Worked Example 9,CCS21-d90d55d6
EX9A-STEP — Promotion month 4 of 10: which pay feeds months 4–10?,<b>Step:</b> PROMOTED pay from its DUE date (average-emoluments actuals); no backdating before due date; pre-promotion months use old pay.<br><br><b>Hinglish:</b> Padonnat-jab-se-tab-se.<br><br><b>Ref:</b> Rule 32(3); Example 9A,CCS_Pension Rule_32 Worked_Example CCS_Pension::Rule_32 Priority::Medium,CCS_Pension_Rules_2021::03_Emoluments_Classes_Rules_31_to_43,Basic,MEDIUM,Worked Example 9A,CCS21-87cbc476
EX10-STEP — No nomination; widow + son-22 + father: exclusion chain?,<b>Step:</b> Group-1 (widow + son-22) SPLIT equally; father (Group-2) EXCLUDED by gratuity-distribution strict priority — ONE Group-1 survivor suffices.<br><br><b>Hinglish:</b> Group1-baante-Group2-bahar.<br><br><b>Ref:</b> Rule 47(1)(b); Example 10,CCS_Pension Rule_47 Worked_Example CCS_Pension::Rule_47 Priority::High,CCS_Pension_Rules_2021::04_Pension_Gratuity_Rules_44_to_49,Basic,HIGH,Worked Example 10,CCS21-babe7424
EX11-STEP — Group-1 EMPTY (only father + married daughter): order?,<b>Step:</b> Group-2 in LISTED order: father BEFORE married daughter. Empty-Group-1 is the ONLY key to Group-2.<br><br><b>Hinglish:</b> Group1-khaali-kram-se.<br><br><b>Ref:</b> Rule 47(1)(b); Example 11; Rule 47(vi); Rule 47(viii),CCS_Pension Rule_47 Worked_Example CCS_Pension::Rule_47 Priority::High,CCS_Pension_Rules_2021::04_Pension_Gratuity_Rules_44_to_49,Basic,HIGH,Worked Example 11,CCS21-86ec723d
EX12-STEP — Authority drill: President-appointee / HoO-appointee / IA&amp;AD-auditor?,<b>Step:</b> President+UPSC / Secretary-no-UPSC / C&amp;AG-no-UPSC. Key = APPOINTING authority of the POST.<br><br><b>Hinglish:</b> Niyukti-adhikari-faisla.<br><br><b>Ref:</b> Rule 8(1); Example 12,CCS_Pension Rule_08_1 Worked_Example CCS_Pension::Rule_08 Priority::High CCS_Pension::Rule_08_1,CCS_Pension_Rules_2021::01_Preliminary_Rules_01_to_10,Basic,HIGH,Worked Example 12,CCS21-4e213505
EX13-STEP — Appeal drill: whose order → where?,<b>Step:</b> President → NONE. Secretary/C&amp;AG → TO PRESIDENT + UPSC (the proceedings rulethe appellate clause). President is first + appellate authority.<br><br><b>Hinglish:</b> Rashtrapati-final-ya-appeal.<br><br><b>Ref:</b> Rule 8(6A); Example 13; Rule 8,CCS_Pension Rule_08_6A Worked_Example CCS_Pension::Rule_08 Priority::High CCS_Pension::Rule_08_6A,CCS_Pension_Rules_2021::01_Preliminary_Rules_01_to_10,Basic,HIGH,Worked Example 13,CCS21-0c53cc6a
"EX14-STEP1 — Superannuation-equivalent Rs 36,000: compulsory-retirement band?","<b>Step:</b> 2/3 (Rs 24,000) → FULL (Rs 36,000). Floor of band, not of mercy.<br><br><b>Hinglish:</b> 24-se-36.<br><br><b>Ref:</b> Rule 40(1); Example 14; Rule 40",CCS_Pension Rule_40 Worked_Example CCS_Pension::Rule_40 Priority::High,CCS_Pension_Rules_2021::03_Emoluments_Classes_Rules_31_to_43,Basic,HIGH,Worked Example 14,CCS21-24c2b123
"EX14-STEP2 — Fixing Rs 28,000 (&lt; full): approvals + floor?","<b>Step:</b> Needs PRESIDENT + UPSC (the compulsory-retirement rule's sub-rule ); gratuity INCLUDED in 'pension' (Explanation); never below Rs 9,000 (the compulsory-retirement rule's sub-rule ).<br><br><b>Hinglish:</b> Katne-par-Rashtrapati-UPSC.<br><br><b>Ref:</b> Rule 40(2), (5); Example 14; Rule 40(2); Rule 40(5)",CCS_Pension Rule_40 Worked_Example CCS_Pension::Rule_40 Priority::High,CCS_Pension_Rules_2021::03_Emoluments_Classes_Rules_31_to_43,Basic,HIGH,Worked Example 14,CCS21-83802483
EX15-STEP — Day-1 provisional + 3-month final: amounts?,"<b>Step:</b> Immediate 2/3 provisional (Rs 24,000); FINAL quantum order within 3 MONTHS (the compulsory-retirement rule's sub-rule ); adjust arrears; floor guards.<br><br><b>Hinglish:</b> Turant-2/3-3-mahine-pakka.<br><br><b>Ref:</b> Rule 40(3), (4); Example 15; Rule 44; Rule 40(3)(4)-(4); Rule 40(3); Rule 40(4)",CCS_Pension Rule_40 Timeline Worked_Example CCS_Pension::Rule_40 Priority::High,CCS_Pension_Rules_2021::03_Emoluments_Classes_Rules_31_to_43,Basic,HIGH,Worked Example 15,CCS21-82988ff3
"EX16-STEP — Bachelor, no family/nomination/cert: gratuity path + rescue?",<b>Step:</b> The lapse lapse to Government; rescue ONLY via court SUCCESSION CERTIFICATE (proviso). Pension never arises.<br><br><b>Hinglish:</b> Laavaaris-Sarkar-court-bachao.<br><br><b>Ref:</b> Rule 49; Example 16,CCS_Pension Rule_49 Worked_Example CCS_Pension::Rule_49 Priority::High,CCS_Pension_Rules_2021::04_Pension_Gratuity_Rules_44_to_49,Basic,HIGH,Worked Example 16,CCS21-57b0b56e
"EX17-STEP1 — Pay-till 31.03, FIR 10.04: LATEST + payable-when?","<b>Step:</b> LATEST = 10.04; day-after start; PAYABLE after 6-MONTH bar (≈10.10) with arrears (the missing-persons rule's sub-rule, the missing-persons rule).<br><br><b>Hinglish:</b> FIR-LATEST-6-rok-baqaya.<br><br><b>Ref:</b> Rule 51; Example 17; Rule 51(8)(a); Rule 51(1)(b); Rule 51(1); Rule 51(b)",CCS_Pension Rule_51 Timeline Worked_Example CCS_Pension::Rule_51 Priority::High,CCS_Pension_Rules_2021::05_Family_Pension_DR_Rules_50_to_52,Basic,HIGH,Worked Example 17,CCS21-04150d97
EX17-STEP2 — Death gratuity for the same family: when?,<b>Step:</b> After 7 YEARS or CONCLUSIVE PROOF (the missing-persons rule's sub-rule ) — FIR + untraced alone never unlock gratuity.<br><br><b>Hinglish:</b> 7-saal-ya-pakka-saboot.<br><br><b>Ref:</b> Rule 51(8)(b); Example 17; Rule 51(8); Rule 51(b),CCS_Pension Rule_51 Worked_Example CCS_Pension::Rule_51 Priority::High,CCS_Pension_Rules_2021::05_Family_Pension_DR_Rules_50_to_52,Basic,HIGH,Worked Example 17,CCS21-3f54d633
EX18-STEP1 — Rs 5L × 7.1% × 8/12: interest + sanctioner?,"<b>Step:</b> ≈ Rs 23,667; Secy/JS 'SHALL' sanction (the interest rule's sub-rule ) — US-level void.<br><br><b>Hinglish:</b> 23-hazar-Secretary.<br><br><b>Ref:</b> Rule 65(1), (2); Example 18; Rule 65(2)",CCS_Pension Rule_65 Interest_On_Delay Worked_Example CCS_Pension::Rule_65 Priority::High,CCS_Pension_Rules_2021::07_Retirement_Processing_Rules_58_to_70,Basic,HIGH,Worked Example 18,CCS21-18e07c22
EX18-STEP2 — Payout + probe sequencing?,"<b>Step:</b> Pay within 2 MONTHS of sanction (the interest rule's sub-rule ); probe + discipline PARALLEL, never prior (interest proviso).<br><br><b>Hinglish:</b> 2-mahine-paisa-jaanch-saath.<br><br><b>Ref:</b> Rule 65(3), (4); Example 18; Rule 65(4); Rule 65(3)",CCS_Pension Rule_65 Worked_Example CCS_Pension::Rule_65 Priority::High,CCS_Pension_Rules_2021::07_Retirement_Processing_Rules_58_to_70,Basic,HIGH,Worked Example 18,CCS21-21900e23
"EX19-STEP1 — Death 05.05, claim 20.05: provisional deadline + rate + run?","<b>Step:</b> Within 15 DAYS of claim (≈04.06), ≤family-pension rate, via sanction-letter + establishment-pay, IMMEDIATE disbursal; runs 6 MONTHS from 06.05 (the death-payment rule's sub-rule ).<br><br><b>Hinglish:</b> 15-din-6-mahine-turant.<br><br><b>Ref:</b> Rule 75(1)-(3); Example 19; Rule 50(2); Rule 75(1)(3)-(3); Rule 75(1); Rule 75(3)",CCS_Pension Rule_75 Timeline Worked_Example CCS_Pension::Rule_75 Priority::High,CCS_Pension_Rules_2021::08_Death_Cases_Rules_71_to_79,Basic,HIGH,Worked Example 19,CCS21-b25fb418
EX19-STEP2 — After death forwarding: gratuity? On what basis?,"<b>Step:</b> 100% death gratuity (recoverable deducted), IMMEDIATE (the death-payment rule's sub-rule ), computed on SLABS (the death-payment rule's sub-rule ) — not retirement formula.<br><br><b>Hinglish:</b> 100-maut-seedhi-turant.<br><br><b>Ref:</b> Rule 75(5)-(7); Example 19; Rule 74; Rule 45(1)(b); Rule 75(5)(6)-(6); Rule 75(7)(a); Rule 75(5); Rule 75(6); Rule 75(7); Rule 75(a)",CCS_Pension Rule_75 Worked_Example CCS_Pension::Rule_75 Priority::High,CCS_Pension_Rules_2021::08_Death_Cases_Rules_71_to_79,Basic,HIGH,Worked Example 19,CCS21-243cf95e
DRILL — Provision vs Contract Service: servant says 'department KNEW of my contract'. Counts?,"<b>Rule:</b> NO — contract-service turns on SANCTION (approval), not knowledge. Mere awareness is worth zero.<br><br><b>Hinglish:</b> Manzoori-haan-jaankari-na.<br><br><b>Ref:</b> Rule 18; Rule 18(R18)",CCS_Pension Rule_18 Exam_Trap CCS_Pension::Rule_18 Priority::High,CCS_Pension_Rules_2021::02_Qualifying_Service_Rules_11_to_30,Basic,HIGH,Rule 18,CCS21-ce03ca1d
DRILL — Form vs Format speed-round: servant files retirement papers in 'Format 6-A'. Error?,"<b>Rule:</b> YES — it is FORM 6-A (application). FORMAT = office template (covering letter/undertaking/bond). the interpretation rule's sub-rule (k) vs (l).<br><br><b>Hinglish:</b> 6-A-Form-hai-Format-nahi.<br><br><b>Ref:</b> Rule 3(1)(k), (l); Rule 3(1)(k); Rule 3(1)",CCS_Pension Form Format Exam_Trap Priority::Critical,CCS_Pension_Rules_2021::01_Preliminary_Rules_01_to_10,Basic,CRITICAL,Rule 3(1)(k); Rule 3(1)(l),CCS21-a5158772
DRILL — Senior-most officer present signs as HoO. Valid?,<b>Rule:</b> NO — Head of OFFICE ≠ senior-most officer (the interpretation rule's sub-rule (q)); HoO is the designated office-head. Wrong signatory voids gratuity-nomination acts.<br><br><b>Hinglish:</b> Senior-HoO-nahi.<br><br><b>Ref:</b> Rule 3(1)(q); Rule 46; Rule 57; Rule 60; Rule 3(1),CCS_Pension Definition Exam_Trap Priority::High,CCS_Pension_Rules_2021::01_Preliminary_Rules_01_to_10,Basic,HIGH,Rule 3(1)(q),CCS21-2c4eca2f
DRILL — 'Pension includes DR; family pension excludes DR.' True?,"<b>Rule:</b> FALSE — BOTH exclude DR (the interpretation rule's sub-rule (t) + (i)); DR comes ONLY via the DR rule 'may be granted'. The pair differs in PAYEE, never in DR.<br><br><b>Hinglish:</b> Dono-DR-bahar.<br><br><b>Ref:</b> Rule 3(1)(t), (i); Rule 3(1)(t); Rule 52; Rule 3(1)",CCS_Pension Definition Exam_Trap Priority::Critical,CCS_Pension_Rules_2021::01_Preliminary_Rules_01_to_10,Basic,CRITICAL,Rule 3(1)(t); Rule 3(1)(i),CCS21-fd1160b5
DRILL — QS 9y9m: gratuity-only. QS 4y9m: pension. Correct?,"<b>Rule:</b> INVERTED — 9y9m = PENSION gate (the pension rule's sub-rule ); 4y9m = GRATUITY gate (the gratuity rule's sub-rule ). Swap = zero marks.<br><br><b>Hinglish:</b> 9-pension-4-gratuity.<br><br><b>Ref:</b> Rule 44(8); Rule 45(4), (5); Rule 45(4)(5)-(5); Rule 44(4); Rule 44(5)",CCS_Pension Near_Miss Exam_Trap Priority::Critical,CCS_Pension_Rules_2021::04_Pension_Gratuity_Rules_44_to_49,Basic,CRITICAL,"Rule 44(8); Rule 45(4), (5)",CCS21-90a90c54
DRILL — '11 years is the pension QS; 10 years the gratuity slab.' True?,<b>Rule:</b> FALSE — 10y = PENSION gate (the pension rule's sub-rule ); 11y = death-gratuity SLAB EDGE 12×→20× (the gratuity rule's sub-rule ).<br><br><b>Hinglish:</b> 10-pension-11-seedhi.<br><br><b>Ref:</b> Rule 44(1); Rule 45(1)(b); Rule 44(b),CCS_Pension Near_Miss Exam_Trap Priority::High,CCS_Pension_Rules_2021::04_Pension_Gratuity_Rules_44_to_49,Basic,HIGH,Rule 44(1); Rule 45(1)(b),CCS21-d7335135
DRILL — The preparation rule 'whichever is LATER' vs missing-persons 'whichever is EARLIER'. True?,"<b>Rule:</b> INVERTED — the preparation rule = EARLIER (prep-start); the missing-persons rule's sub-rule = LATEST, the missing-persons rule's sub-rule / = LATER. Direction-words are the exam's favourite swap.<br><br><b>Hinglish:</b> 56-pehle-51-baad.<br><br><b>Ref:</b> Rule 56; Rule 51; Rule 51(1)(b); Rule 51(2)(b); Rule 56(1); Rule 56(b); Rule 56(2); Rule 56(3)",CCS_Pension Timeline Exam_Trap Priority::Critical,CCS_Pension_Rules_2021::06_Bhavishya_Calendar_Rules_53_to_57,Basic,CRITICAL,Rule 56; Rule 51,CCS21-857001c8
DRILL — The family-pension rule's sub-rule (2)(a)(iii) 'whichever is MORE' (7y vs 67). True?,<b>Rule:</b> FALSE — it is LESS (the SHORTER wins). Only average-emoluments use MORE-BENEFICIAL.<br><br><b>Hinglish:</b> 7-67-jo-chhota.<br><br><b>Ref:</b> Rule 50(2)(a)(iii); Rule 32; Rule 44; Rule 39(9),CCS_Pension Exam_Trap Priority::Critical,CCS_Pension_Rules_2021::05_Family_Pension_DR_Rules_50_to_52,Basic,CRITICAL,Rule 50(2)(a)(iii),CCS21-1d4ae393
"DRILL — The gratuity-nomination rule's sub-rule (2): family→'may', outsider→'shall'. True?",<b>Rule:</b> INVERTED — family = SHALL (mandatory); no-family outsider = MAY (permissive).<br><br><b>Hinglish:</b> Parivaar-karna-hi.<br><br><b>Ref:</b> Rule 46(2),CCS_Pension Rule_46 Exam_Trap CCS_Pension::Rule_46 Priority::High,CCS_Pension_Rules_2021::04_Pension_Gratuity_Rules_44_to_49,Basic,HIGH,Rule 46(2),CCS21-95bd2d80
DRILL — The premature-retirement rule notice 'shall' (mandatory) vs voluntary-retirement notice 'may' (optional). True?,<b>Rule:</b> INVERTED — the premature-retirement rule's sub-rule 'may' = DISCRETIONARY; the voluntary-retirement rule's sub-rule 3-month written = MANDATORY. Authority-option vs servant-duty.<br><br><b>Hinglish:</b> 42-marzi-43-laazmi.<br><br><b>Ref:</b> Rule 42(2); Rule 43(1); Rule 42; Rule 43; Rule 42(1),CCS_Pension Rule_42 Rule_43 Exam_Trap CCS_Pension::Rule_42 Priority::High,CCS_Pension_Rules_2021::03_Emoluments_Classes_Rules_31_to_43,Basic,HIGH,Rule 42(2); Rule 43(1),CCS21-2ac5e45a
DRILL — Retrenched PSU absorbee loses Govt pension under the PSU-absorption rule's sub-rule (29)(c). True?,<b>Rule:</b> FALSE — retrenchment = REVIEW ONLY; forfeiture needs DISMISSAL/REMOVAL for subsequent misconduct (2025).<br><br><b>Hinglish:</b> Retrenchment-sirf-review.<br><br><b>Ref:</b> Rule 37(29)(c),CCS_Pension Rule_37_29_c Exam_Trap CCS_Pension::Rule_37 Priority::Critical CCS_Pension::Rule_37_29_c,CCS_Pension_Rules_2021::03_Emoluments_Classes_Rules_31_to_43,Basic,CRITICAL,Rule 37(29)(c),CCS21-2cee5a32
DRILL — The calendar rule ladder ends 'ANY OTHER member'; event ends 'THE member'. True?,<b>Rule:</b> INVERTED — the calendar rule = 'THE member'; the event rule = 'ANY OTHER member'. Keyword swap trap.<br><br><b>Hinglish:</b> 57-THE-58-ANY.<br><br><b>Ref:</b> Rule 57(3); Rule 58(2); Rule 57; Rule 58,CCS_Pension Rule_57 Rule_58 Exam_Trap CCS_Pension::Rule_57 Priority::High,CCS_Pension_Rules_2021::06_Bhavishya_Calendar_Rules_53_to_57,Basic,HIGH,Rule 57(3); Rule 58(2),CCS21-3b6456be
DRILL — Unlisted claimant gets sanction in 'Form 13'. True?,<b>Rule:</b> FALSE — sanction issues in FORMAT 13 (the pensioner-death rule's sub-rule ). Form-vs-Format trap inside a number trap.<br><br><b>Hinglish:</b> 13-Format-hai.<br><br><b>Ref:</b> Rule 79(2)(b); Rule 79(2); Rule 79(b),CCS_Pension Form Format Exam_Trap Priority::High,CCS_Pension_Rules_2021::08_Death_Cases_Rules_71_to_79,Basic,HIGH,Rule 79(2)(b),CCS21-1c69c035
DRILL — Old 'Form 6' retirement filing still valid post-2024. True?,<b>Rule:</b> FALSE — global Form-6→Form-6-A substitution (G.S.R. 410(E) cl.12); surviving 'Form 6' = ONLY the authorisation-proviso gratuity-nominee claim.<br><br><b>Hinglish:</b> 6-gaya-6-A-aaya.<br><br><b>Ref:</b> G.S.R. 410(E); Rule 80(5),CCS_Pension Form_6A Exam_Trap Priority::High,CCS_Pension_Rules_2021::09_Authorization_Forms_Rules_80_to_87,Basic,HIGH,G.S.R. 410(E); Rule 80(5),CCS21-16b4a4b5
"DRILL — Other-office verification reply: the calendar rule = 1 month, the FP-settlement rule = 2 months. True?",<b>Rule:</b> INVERTED — the calendar rule (retirement) = 2 MONTHS; the FP-settlement rule (death) = 1 MONTH. Death-track is faster.<br><br><b>Hinglish:</b> Retire-2-maut-1.<br><br><b>Ref:</b> Rule 57(1)(a); Rule 73(2)(b); Rule 57; Rule 73,CCS_Pension Timeline Exam_Trap Priority::Critical,CCS_Pension_Rules_2021::06_Bhavishya_Calendar_Rules_53_to_57,Basic,CRITICAL,Rule 57(1)(a); Rule 73(2)(b),CCS21-255e86fb
"DRILL — DoE reply: superannuation 1 month, others 2 months. True?",<b>Rule:</b> INVERTED — withholding superannuation = 2 MONTHS others = 1 MONTH. Silence = presumed-nil.<br><br><b>Hinglish:</b> superannuation-2-other-1.<br><br><b>Ref:</b> Rule 68(1); Rule 33; Rule 68(1)(a); Rule 68(b); Rule 68(c),CCS_Pension Rule_68 Exam_Trap CCS_Pension::Rule_68 Priority::High,CCS_Pension_Rules_2021::07_Retirement_Processing_Rules_58_to_70,Basic,HIGH,"Rule 68(1)(a), (b)",CCS21-d53c3271
DRILL — Deemed Retirement vs Withholding: interchangeable?,<b>Rule:</b> NO — DEEMED = legal fiction (irrebuttable here: retirement stands); PRESUMED = rebuttable inference (dues can surface via the assessment rule's sub-rule ). Fiction vs inference.<br><br><b>Hinglish:</b> Maana-pakka vs maana-tod.<br><br><b>Ref:</b> Rule 70(2); Rule 68(1)(c); Rule 69(3); Rule 70(3),CCS_Pension Exam_Trap Priority::High,CCS_Pension_Rules_2021::07_Retirement_Processing_Rules_58_to_70,Basic,HIGH,Rule 70(2); Rule 68(1)(c),CCS21-4db11f62
DRILL — FP cap uses pension DRAWN (after commutation deduction). True?,"<b>Rule:</b> FALSE — cap uses pension AUTHORISED, which INCLUDES commuted portion. Drawn-vs-authorised trap.<br><br><b>Hinglish:</b> Chhat-authorised-commuted-samet.<br><br><b>Ref:</b> Rule 50 Explanation 2; Rule 50 Expl.2",CCS_Pension Rule_50 Exam_Trap CCS_Pension::Rule_50 Priority::High,CCS_Pension_Rules_2021::05_Family_Pension_DR_Rules_50_to_52,Basic,HIGH,Rule 50 Explanation 2,CCS21-c59fbc3e
DRILL — FP rate base: 'emoluments + DA'. True?,"<b>Rule:</b> FALSE — base = PAY (the emoluments rule pay, no DA). DA joins ONLY gratuity math (the gratuity rule's sub-rule ); DR rides separately via the DR rule.<br><br><b>Hinglish:</b> FP-vetan-par-DA-nahi.<br><br><b>Ref:</b> Rule 50(2); Rule 45(6); Rule 31; Rule 52; Rule 50(6)",CCS_Pension Emoluments Exam_Trap Priority::High,CCS_Pension_Rules_2021::05_Family_Pension_DR_Rules_50_to_52,Basic,HIGH,Rule 50(2); Rule 45(6),CCS21-a5b60ea7
DRILL — Lapse = forfeiture = debarment. Same?,"<b>Rule:</b> NO — LAPSE (no claimant → Govt, cert-rescue); FORFEITURE (misconduct erases earned right); DEBARMENT (tainted claimant frozen). Three doctrines, three rules.<br><br><b>Hinglish:</b> Laavaaris-zabti-rok-alag.<br><br><b>Ref:</b> Rule 49; Rule 24; Rule 48; Rule 37",CCS_Pension Exam_Trap Priority::High,CCS_Pension_Rules_2021::04_Pension_Gratuity_Rules_44_to_49,Basic,HIGH,Rule 49; Rule 24; Rule 48,CCS21-0b6bd100
DRILL — PPO = sanction letter; Special Seal = PPO. True?,<b>Rule:</b> FALSE — chain: HoO SANCTION → AO PPO (authorisation) → CPAO SPECIAL SEAL (10d) → PDA payment (15d). Four distinct instruments.<br><br><b>Hinglish:</b> Manzoori-PPO-seal-bhugtaan-chaar.<br><br><b>Ref:</b> Rule 80,CCS_Pension Rule_80 Exam_Trap CCS_Pension::Rule_80 Priority::High,CCS_Pension_Rules_2021::09_Authorization_Forms_Rules_80_to_87,Basic,HIGH,Rule 80,CCS21-1e2d7c0e
DRILL — NDC = 'no dues' forever. True?,<b>Rule:</b> FALSE — NDC certifies dues POSITION at vacation (14-day clock); later discoveries still adjustable (the assessment rule's sub-rule ). Certificate ≠ immunity.<br><br><b>Hinglish:</b> NDC-waqt-ka-haal.<br><br><b>Ref:</b> Rule 68(6); Rule 69(3); Rule 68(3),CCS_Pension Exam_Trap Priority::Medium,CCS_Pension_Rules_2021::07_Retirement_Processing_Rules_58_to_70,Basic,MEDIUM,Rule 68(6); Rule 69(3),CCS21-2a479707
DRILL — The verification-timeline rule '18 years' = the qualifying-service rule '18 years'. Same unit?,"<b>Rule:</b> NO — the qualifying-service rule = 18 years of AGE (floor); the verification-timeline rule = 18 years of SERVICE (verification trigger). Same digits, different units.<br><br><b>Hinglish:</b> Umar-vs-naukri.<br><br><b>Ref:</b> Rule 11; Rule 30",CCS_Pension Near_Miss Exam_Trap Priority::High,CCS_Pension_Rules_2021::02_Qualifying_Service_Rules_11_to_30,Basic,HIGH,Rule 11; Rule 30(1),CCS21-aadf466b
DRILL — Co-widow's lapsed share goes to HER children. Co-widow childless: share lapses to Govt. True?,"<b>Rule:</b> HALF-FALSE — her-children-first is right; but childless → OTHER WIDOWS (the family-pension rule's sub-rule ), never Govt. FP never lapses like lapse gratuity.<br><br><b>Hinglish:</b> Saath-vidva-ko-Sarkar-ko-nahi.<br><br><b>Ref:</b> Rule 50(8)(c); Rule 49; Rule 50(8); Rule 50(c)",CCS_Pension Rule_50 Exam_Trap CCS_Pension::Rule_50 Priority::High,CCS_Pension_Rules_2021::05_Family_Pension_DR_Rules_50_to_52,Basic,HIGH,Rule 50(8)(c),CCS21-3c1e18cb
DRILL — Twins split FP concurrently with elder eligible brother. True?,"<b>Rule:</b> FALSE — birth-order queue FIRST (the family-pension rule's sub-rule ); twins split only on THEIR turn. Queue beats simultaneity.<br><br><b>Hinglish:</b> Baari-pehle-aadha-baad.<br><br><b>Ref:</b> Rule 50(9)(d), (g); Rule 50(9)(d); Rule 50(9); Rule 50(d); Rule 50(g)",CCS_Pension Rule_50 Exam_Trap CCS_Pension::Rule_50 Priority::High,CCS_Pension_Rules_2021::05_Family_Pension_DR_Rules_50_to_52,Basic,HIGH,"Rule 50(9)(d), (g)",CCS21-20761c80
AMEND-CONTRAST — Withholding authority 2021 vs 2024 (post-2022): who decides a clerk's case?,"<b>Rule:</b> 2021: PRESIDENT (+UPSC). 2024: SECRETARY, no UPSC (G.S.R. 770(E) the proceedings rule's sub-rule ). Same clerk, different sovereign.<br><br><b>Hinglish:</b> Pehle-Rashtrapati-ab-Secretary.<br><br><b>Ref:</b> Rule 8(1) pre/post 2022; Rule 8(1)",CCS_Pension GSR_770_E_2022 Rule_08_1 Amendment Comparison CCS_Pension::Rule_08 Priority::Low Category::Historical CCS_Pension::Rule_08_1,CCS_Pension_Rules_2021::01_Preliminary_Rules_01_to_10,Basic,LOW,Rule 8(1) pre/post 2022,CCS21-38cadc37
AMEND-CONTRAST — UPSC consultation: pre-2022 ALL cases vs post-2022?,"<b>Rule:</b> Post-2022: ONLY President-route (own + appellate orders). Secretary/C&amp;AG first-orders: NO UPSC. OM 10.04.2023 transitional: already-with-President stays.<br><br><b>Hinglish:</b> UPSC-ab-chuninda.<br><br><b>Ref:</b> Rule 8(1), 8(6A); OM 10.04.2023",CCS_Pension GSR_770_E_2022 Amendment Priority::High,CCS_Pension_Rules_2021::01_Preliminary_Rules_01_to_10,Basic,HIGH,G.S.R. 770(E),CCS21-52eafbb7
AMEND-CONTRAST — Appeal: pre-2022 (no appellate clause) vs post-2022?,<b>Rule:</b> Post-2022: President-order → NO appeal; Secretary/C&amp;AG-order → appeal TO PRESIDENT + UPSC. New appellate clause creates the ladder.<br><br><b>Hinglish:</b> the appellate clause-nayi-seedhi.<br><br><b>Ref:</b> Rule 8(6A); Rule 8,CCS_Pension GSR_770_E_2022 Rule_08_6A Amendment CCS_Pension::Rule_08 Priority::High CCS_Pension::Rule_08_6A,CCS_Pension_Rules_2021::01_Preliminary_Rules_01_to_10,Basic,HIGH,Rule 8(6A),CCS21-ee68158a
AMEND-CONTRAST — Military Counting vs Military Counting,"<b>Rule:</b> Pre: 'was NOT required to be refunded'. Post: 'WAS TO BE REFUNDED'. One-word reversal, full-money consequence.<br><br><b>Hinglish:</b> Nahi-palata-haan.<br><br><b>Ref:</b> Rule 20 Expl.1(ii); Rule 20-2022; Rule 20-2022 Expl.1(ii)",CCS_Pension GSR_770_E_2022 Rule_20_Exp1_ii Reversal CCS_Pension::Rule_20 Priority::Low Category::Historical CCS_Pension::Rule_20_Exp1_ii,CCS_Pension_Rules_2021::02_Qualifying_Service_Rules_11_to_30,Basic,LOW,Rule 20 Expl.1(ii) pre/post 2022,CCS21-d0238656
AMEND-CONTRAST — The gratuity-nomination rule's sub-rule (5)(a) 'proviso to' + payment duplicate (5): what did 2022 do?,"<b>Rule:</b> DELETED 'proviso to' (gratuity-nomination drafting fix); RENUMBERED second →(5A) (the payment rule numbering fix). Surgical, not substantive.<br><br><b>Hinglish:</b> Shabd-kata-number-sudhaara.<br><br><b>Ref:</b> Rule 46(5)(a); Rule 76; Rule 46(5)",CCS_Pension GSR_770_E_2022 Amendment Priority::Medium,CCS_Pension_Rules_2021::01_Preliminary_Rules_01_to_10,Basic,MEDIUM,G.S.R. 770(E),CCS21-eac4543a
AMEND-CONTRAST — Retirement filing 2021 vs 2025: papers + route?,"<b>Rule:</b> 2021: Form 4 + Form 6 + Format-9 undertaking, physical/Bhavishya. 2025: FORM 6-A single, ONLINE-first (e-HRMS superannuation-only, Bhavishya rest). G.S.R. 410(E).<br><br><b>Hinglish:</b> 3-kagaz-se-1-online.<br><br><b>Ref:</b> Rule 60(1)(i); Rule 53(1); Rule 33",CCS_Pension GSR_410_E_2024 Form_6A Amendment Comparison Priority::Low Category::Historical,CCS_Pension_Rules_2021::01_Preliminary_Rules_01_to_10,Basic,LOW,Pre/post 2024 filing,CCS21-75854f4e
AMEND-CONTRAST — The pension-payment rule's sub-rule (4): pre-2024 'Format 9' vs post-2024?,<b>Rule:</b> Post: 'FORM 6-A' substituted (cl.9 verified). 'Format 9 only' descriptions are pre-amendment error.<br><br><b>Hinglish:</b> the pension-payment rule-ab-6-A.<br><br><b>Ref:</b> Rule 63(4); G.S.R. 410(E) cl.9,CCS_Pension GSR_410_E_2024 Amendment Priority::High,CCS_Pension_Rules_2021::07_Retirement_Processing_Rules_58_to_70,Basic,HIGH,Rule 63(4),CCS21-f91d684b
AMEND-CONTRAST — The authorisation rule's sub-rule (5) gratuity-nominee: pre-2024 vs post-2024 filing?,<b>Rule:</b> Pre: Form 6 (proviso). Post: Form 6-A INSTEAD of Form 10 allowed + HoO BOTH-routes forwarding (the authorisation rule's sub-rule ).<br><br><b>Hinglish:</b> Nominee-6-se-6-A.<br><br><b>Ref:</b> Rule 80(5); G.S.R. 410(E) cl.10; Rule 80(5)(c); Rule 80(c),CCS_Pension GSR_410_E_2024 Form_6A Amendment Priority::High,CCS_Pension_Rules_2021::09_Authorization_Forms_Rules_80_to_87,Basic,HIGH,Rule 80(5),CCS21-331cdbd1
AMEND-CONTRAST — Spouse-filed retirement case: commutation pre-2024 vs post-2024?,"<b>Rule:</b> Post: BARRED till servant personally applies under 1981 Rules (calendar provisos, 2024). Proxy filing saves pension, freezes commutation.<br><br><b>Hinglish:</b> Patni-bhare-commutation-ruke.<br><br><b>Ref:</b> Rule 57(3); Rule 58",CCS_Pension GSR_410_E_2024 Amendment Priority::High,CCS_Pension_Rules_2021::01_Preliminary_Rules_01_to_10,Basic,HIGH,G.S.R. 410(E),CCS21-c30d3e76
AMEND-CONTRAST — PSU dismissal of absorbee: pre-2025 vs post-2025 Govt-benefits fate?,"<b>Rule:</b> Pre: forfeiture AMBIGUOUS (litigated → SC 09.01.2023). Post: SHALL FORFEIT Govt-service benefits too (the PSU-absorption rule's sub-rule (29), G.S.R. 340(E) 22.05.2025).<br><br><b>Hinglish:</b> Pehle-vivaad-ab-zabt.<br><br><b>Ref:</b> Rule 37(29)(c); Rule 37(c)",CCS_Pension GSR_340_E_2025 Rule_37_29_c Amendment Comparison CCS_Pension::Rule_37 Priority::Low Category::Historical CCS_Pension::Rule_37_29_c,CCS_Pension_Rules_2021::03_Emoluments_Classes_Rules_31_to_43,Basic,LOW,Rule 37(29)(c) pre/post 2025,CCS21-5276d4e8
"AMEND-CONTRAST — The PSU-absorption rule's Explanation (2025): which 2022 product does it import, and why does it matter?","<b>Rule:</b> Imports the REWRITTEN the proceedings rule (3 authorities) + ANALOGOUSLY — so PSU-withholding uses Secretary/C&amp;AG routes, not President-only.<br><br><b>Hinglish:</b> 2025-2022-ko-ghaseeta.<br><br><b>Ref:</b> Rule 37 Explanation; Rule 37; Rule 7; Rule 41; Rule 44(5); Rule 8",CCS_Pension GSR_340_E_2025 GSR_770_E_2022 Synthesis Priority::Critical,CCS_Pension_Rules_2021::03_Emoluments_Classes_Rules_31_to_43,Basic,CRITICAL,Rule 37 Explanation,CCS21-2acf211c
AMEND-DRILL — Commencement speed-round: 2022 / 2024 / 2025 amendments effective?,<b>Rule:</b> 2022: ON PUBLICATION (07.10.2022). 2024: AFTER 120 DAYS (mid-Nov 2024 — VERIFY exact). 2025: ON PUBLICATION (22.05.2025). Only 2024 delayed.<br><br><b>Hinglish:</b> Turant-120-turant.<br><br><b>Ref:</b> Three G.S.R.s,CCS_Pension GSR_770_E_2022 GSR_410_E_2024 GSR_340_E_2025 Timeline Priority::Critical,CCS_Pension_Rules_2021::01_Preliminary_Rules_01_to_10,Basic,CRITICAL,G.S.R. 770(E); 410(E); 340(E),CCS21-074298bf
"AMEND-DRILL — Identify the amendment: first, 3 authorities (b) Form 6-A (c) PSU forfeiture (d) 'WAS TO BE REFUNDED' (e) 120 days?",<b>Rule:</b> 2022-770(E) 2024-410(E) 2025-340(E) 2022-770(E) 2024-410(E).<br><br><b>Hinglish:</b> Adhikari-form-zabti-ulta-120.<br><br><b>Ref:</b> Three G.S.R.s,CCS_Pension Amendment Mnemonic Priority::High,CCS_Pension_Rules_2021::01_Preliminary_Rules_01_to_10,Basic,HIGH,Three G.S.R.s,CCS21-9767498e
"SCENARIO — Officer attains 60 on 31.03, extension granted till 30.09. Pension vests when, under which rule?","<b>Rule:</b> 30.09 — the superannuation rule: superannuation on AGE or EXTENSION-EXPIRY, whichever retires him; pension (≥10y) or service gratuity (&lt;10y). Extension delays vesting, never duplicates it.<br><br><b>Hinglish:</b> Extension-khatm-tab-pension.<br><br><b>Ref:</b> Rule 33; Rule 44",CCS_Pension Rule_33 Classes_Of_Pension Scenario CCS_Pension::Rule_33 Priority::High,CCS_Pension_Rules_2021::03_Emoluments_Classes_Rules_31_to_43,Basic,HIGH,Rule 33,CCS21-727a8bf7
SCENARIO — Superannuates with 8y QS. Pension?,"<b>Rule:</b> NO pension — superannuation routes &lt;10y to SERVICE GRATUITY (½-month × periods, once, uncapped). Only invalid pension get the 10y waiver (pension proviso + the invalid-pension rule's sub-rule ).<br><br><b>Hinglish:</b> 8-saal-seva-gratuity.<br><br><b>Ref:</b> Rule 33; Rule 44; Rule 44(2)(3)-(3); Rule 39; Rule 44(1); Rule 39(9); Rule 33(9)",CCS_Pension Rule_33 Rule_44 Evaluation CCS_Pension::Rule_33 Priority::High,CCS_Pension_Rules_2021::03_Emoluments_Classes_Rules_31_to_43,Basic,HIGH,Rule 33,CCS21-dbb52810
SCENARIO — Servant claims 'superannuation gratuity' as a separate head from retirement gratuity. Decide.,"<b>Rule:</b> REJECT the label — superannuation gives superannuation PENSION (or service gratuity if &lt;10y); the lump sum is RETIREMENT gratuity (the gratuity rule's sub-rule ) in ALL ≥5y cases. One gratuity vocabulary, not per-class gratuities.<br><br><b>Hinglish:</b> Naam-retirement-gratuity-ek.<br><br><b>Ref:</b> Rule 33; Rule 45(1)(a); Rule 33(1); Rule 33(a)",CCS_Pension Rule_33 Terminology Evaluation CCS_Pension::Rule_33 Priority::Medium,CCS_Pension_Rules_2021::03_Emoluments_Classes_Rules_31_to_43,Basic,MEDIUM,Rule 33,CCS21-8497d944
"SCENARIO — 22y QS, resigns via voluntary-retirement notice. Pension class?","<b>Rule:</b> RETIRING pension via the retiring rule's sub-rule (own volition + the voluntary-retirement rule/) → paid per the pension rule. Resignation here is voluntary-retirement, NOT resignation-forfeiture (resignation-style permission logic lives inside voluntary-retirement compliance).<br><br><b>Hinglish:</b> 43-notice-retiring-pension.<br><br><b>Ref:</b> Rule 34(1)(a); Rule 43; FR 56; Rule 26; Rule 26(2); Rule 44; Rule 34(1); Rule 34(a)",CCS_Pension Rule_34 Rule_43 Classes_Of_Pension CCS_Pension::Rule_34 Priority::High,CCS_Pension_Rules_2021::03_Emoluments_Classes_Rules_31_to_43,Basic,HIGH,Rule 34(1)(a),CCS21-429b5e59
"SCENARIO — Declared surplus, takes Special VRS (DoPT OM 28.02.2002). Route + extras?","<b>Rule:</b> retiring pension + the pension rule + EX-GRATIA IN ADDITION (permanent surplus). Ex-gratia is a TOP-UP — denying it as 'double benefit' is illegal.<br><br><b>Hinglish:</b> Surplus-VRS-upar-ex-gratia.<br><br><b>Ref:</b> Rule 34(1)(b), (2); Rule 34(1)(b); Rule 34(2); Rule 44; Rule 45",CCS_Pension Rule_34 Application CCS_Pension::Rule_34 Priority::High,CCS_Pension_Rules_2021::03_Emoluments_Classes_Rules_31_to_43,Basic,HIGH,"Rule 34(1)(b), (2)",CCS21-af5941f5
SCENARIO — Government retires a 31y servant under the premature-retirement rule. He claims VR benefits (withdrawal right). Decide.,"<b>Rule:</b> REJECT — retiring channel (Government-retires via the premature-retirement rule/) ≠ voluntary-retirement self-route; no 15-day withdrawal, no certificate gates. Pension identical, process opposite.<br><br><b>Hinglish:</b> 42-me-43-ke-haq-nahi.<br><br><b>Ref:</b> Rule 34(1)(c); Rules 42, 43; Rule 43; Rule 42; FR 56; Rule 44",CCS_Pension Rule_34 Evaluation CCS_Pension::Rule_34 Priority::High,CCS_Pension_Rules_2021::03_Emoluments_Classes_Rules_31_to_43,Basic,HIGH,Rule 34(1)(c),CCS21-211a1f08
"COMPUTE — Surplus retiree: pension Rs 25,000 + gratuity Rs 6L + ex-gratia Rs 2L. Total package?","<b>Rule:</b> ALL THREE: Rs 25,000/mo + Rs 6L + Rs 2L. the retiring rule's sub-rule 'IN ADDITION TO' stacks, never substitutes.<br><br><b>Hinglish:</b> Teenon-jod.<br><br><b>Ref:</b> Rule 34(2); Rule 44; Rule 45",CCS_Pension Rule_34 Application CCS_Pension::Rule_34 Priority::Medium,CCS_Pension_Rules_2021::03_Emoluments_Classes_Rules_31_to_43,Basic,MEDIUM,Rule 34(2),CCS21-883a2b6a
"SCENARIO — Absorbed in State service 2020, State retires him 2030. Is he a 'retired Government servant' from 2020?",<b>Rule:</b> YES — State-absorption deemed RETIREMENT on absorption (subject to its limiting clause); 2020 starts Govt-pension computation; 2030 State exit doesn't re-trigger.<br><br><b>Hinglish:</b> Absorption-retired-maano.<br><br><b>Ref:</b> Rule 35(1); Rule 35(6),CCS_Pension Rule_35 Absorption CCS_Pension::Rule_35 Priority::High,CCS_Pension_Rules_2021::03_Emoluments_Classes_Rules_31_to_43,Basic,HIGH,Rule 35(1),CCS21-b93a62d7
"SCENARIO — State pay at State-retirement Rs 70,000 vs Central pay at absorption Rs 50,000. Gratuity ceiling base?","<b>Rule:</b> Rs 70,000 — State-absorption proviso: ceiling on SAME pay as STATE retirement. Absorption-date pay is irrelevant to the ceiling.<br><br><b>Hinglish:</b> Seema-rajya-vetan-par.<br><br><b>Ref:</b> Rule 35(1) proviso; Rule 35(1)",CCS_Pension Rule_35 Ceiling Application CCS_Pension::Rule_35 Priority::High,CCS_Pension_Rules_2021::03_Emoluments_Classes_Rules_31_to_43,Basic,HIGH,Rule 35(1),CCS21-4dcde9fb
"SCENARIO — Deputed 2018, absorbed 2020. Absorption date for the State-absorption rule's sub-rule (2)?",<b>Rule:</b> 2018-track PRIOR-DEPUTATION date vs (i) immediate-absorption date — State-absorption pegs per route; the State-absorption rule's sub-rule: FORMAT-5 relieving order + WRITTEN joining extension + leave/EOL + resignation ONE DAY BEFORE joining.<br><br><b>Hinglish:</b> Deputation-tareekh-Format5-ek-din-pehle.<br><br><b>Ref:</b> Rule 35(2)-(5); Rule 35(2); Rule 35(3)(5)-(5); Rule 35(ii); Rule 35(3); Rule 35(5),CCS_Pension Rule_35 Format CCS_Pension::Rule_35 Priority::High,CCS_Pension_Rules_2021::03_Emoluments_Classes_Rules_31_to_43,Basic,HIGH,"Rule 35(2), (3), (4), (5)",CCS21-c238dfa3
SCENARIO — Absorbee joins State WITHOUT resigning Central post a day before. Defect?,<b>Rule:</b> YES — State-absorption-pattern: resignation ONE DAY BEFORE joining is mandatory; dual-holding voids absorption mechanics. Cure retrospectively only if rules permit (VERIFY).<br><br><b>Hinglish:</b> Ek-din-pehle-isteefa-laazmi.<br><br><b>Ref:</b> Rule 35(5),CCS_Pension Rule_35 Evaluation CCS_Pension::Rule_35 Priority::Medium,CCS_Pension_Rules_2021::03_Emoluments_Classes_Rules_31_to_43,Basic,MEDIUM,Rule 35(5),CCS21-1aff1c3d
SCENARIO — Absorbed in a 51%-Govt-owned company. corporate-absorption covers?,<b>Rule:</b> YES — the corporate-absorption rule's sub-rule: 'wholly OR SUBSTANTIALLY owned/controlled' Corporation/Company + controlled/financed Body (subject to its limiting clause). 51% = substantially owned.<br><br><b>Hinglish:</b> 51-faisdi-andar.<br><br><b>Ref:</b> Rule 36(1); Rule 36; Rule 36(9),CCS_Pension Rule_36 Absorption PSU CCS_Pension::Rule_36 Priority::High,CCS_Pension_Rules_2021::03_Emoluments_Classes_Rules_31_to_43,Basic,HIGH,Rule 36(1),CCS21-a1dbd2ae
SCENARIO — Body pay at body-retirement Rs 1L; Central pay at absorption Rs 60K. Ceiling base?,"<b>Rule:</b> Rs 1L — corporate-absorption proviso mirrors its State-absorption counterpart: ceiling on BODY-retirement pay. Twin provisos, twin answers.<br><br><b>Hinglish:</b> Seema-body-vetan.<br><br><b>Ref:</b> Rule 36(1) proviso; Rule 35; Rule 36(1)",CCS_Pension Rule_36 Ceiling CCS_Pension::Rule_36 Priority::High,CCS_Pension_Rules_2021::03_Emoluments_Classes_Rules_31_to_43,Basic,HIGH,Rule 36(1),CCS21-ec746214
SCENARIO — The corporate-absorption rule answer quotes 'prior deputation date' for the corporate-absorption rule peg. Error?,<b>Rule:</b> YES — corporate-absorption says 'FOREIGN SERVICE TERMS'; 'deputation' belongs to the State-absorption rule's sub-rule. Keyword swap = wrong answer.<br><br><b>Hinglish:</b> 36-foreign-terms-35-deputation.<br><br><b>Trap:</b> Keyword.<br><br><b>Ref:</b> Rule 36(2)(ii); Rule 35(2)(ii); Rule 36; Rule 36(2); Rule 36(ii),CCS_Pension Rule_36 Rule_35 Exam_Trap CCS_Pension::Rule_36 Priority::Critical,CCS_Pension_Rules_2021::03_Emoluments_Classes_Rules_31_to_43,Basic,CRITICAL,Rule 36(2)(ii),CCS21-26a6e4db
SCENARIO — Absorbee keeps Central LIEN 'for safety' + claims monthly pro-rata pension AND lump sum. Decide both.,"<b>Rule:</b> REJECT both: the corporate-absorption rule's sub-rule = NO LIEN, all connections CEASE; corporate-absorption option = lump-sum (capitalised + gratuity) INSTEAD of pro-rata pension — elect ONE, not both.<br><br><b>Hinglish:</b> Lien-nahi-dohera-nahi.<br><br><b>Ref:</b> Rule 36(8), (10), (11); Rule 36(10)(11)-(11); Rule 36(8); Rule 36(b)",CCS_Pension Rule_36 Evaluation CCS_Pension::Rule_36 Priority::High,CCS_Pension_Rules_2021::03_Emoluments_Classes_Rules_31_to_43,Basic,HIGH,"Rule 36(8), (10), (11)",CCS21-9d282195
SCENARIO — Joint-sector undertaking absorption. corporate-absorption applies?,<b>Rule:</b> YES — corporate-absorption expressly ropes in JOINT SECTOR undertakings. Public-private mix doesn't escape.<br><br><b>Hinglish:</b> Joint-sector-andar.<br><br><b>Ref:</b> Rule 36(3); Rule 36,CCS_Pension Rule_36 CCS_Pension::Rule_36 Priority::Medium,CCS_Pension_Rules_2021::03_Emoluments_Classes_Rules_31_to_43,Basic,MEDIUM,Rule 36(3),CCS21-2908dc4e
SCENARIO — Telecom dept converted to PSU; staff deemed on deputation claim DEPUTATION ALLOWANCE. Decide.,"<b>Rule:</b> REJECT — the PSU-absorption rule's sub-rule: deemed deputation on FOREIGN SERVICE TERMS with NO deputation allowance. Fiction gives pension-bridge, not cash perks. PSU 5-year rule + 3-MONTH option window run alongside.<br><br><b>Hinglish:</b> Deemed-pratiniyukti-bhatta-nahi.<br><br><b>Ref:</b> Rule 37(1), (2); Rule 37(1)(2)-(2); Rule 37(1); Rule 37(2)",CCS_Pension Rule_37 Absorption Evaluation CCS_Pension::Rule_37 Priority::High,CCS_Pension_Rules_2021::03_Emoluments_Classes_Rules_31_to_43,Basic,HIGH,"Rule 37(1), (2)",CCS21-16817583
"SCENARIO — Employee files NO option in 3 months, then claims 'deemed deputation continues'. Decide.","<b>Rule:</b> REJECT — the PSU-absorption rule's sub-rule: NO OPTION = PERMANENT ABSORPTION. Silence is consent; PSU-absorption fixes absorption date; PSU-absorption abolishes the Govt posts.<br><br><b>Hinglish:</b> Chup-PSU-pakke.<br><br><b>Ref:</b> Rule 37(4), (5), (6); Rule 37(5); Rule 37(6); Rule 37(4)",CCS_Pension Rule_37 Evaluation CCS_Pension::Rule_37 Priority::High,CCS_Pension_Rules_2021::03_Emoluments_Classes_Rules_31_to_43,Basic,HIGH,"Rule 37(4), (5), (6)",CCS21-0a5d420b
"SCENARIO — Absorbed 2020, seeks repatriation 2024 (4y later). Allowed?","<b>Rule:</b> NO — the PSU-absorption rule's sub-rule: 2-YEAR repatriation window only. 2024 is 2 years late; absorption is final.<br><br><b>Hinglish:</b> 2-saal-wapsi-bas.<br><br><b>Ref:</b> Rule 37(7), (8); Rule 37(7)(8)-(8); Rule 37(7); Rule 37(8)",CCS_Pension Rule_37 Timeline Evaluation CCS_Pension::Rule_37 Priority::High,CCS_Pension_Rules_2021::03_Emoluments_Classes_Rules_31_to_43,Basic,HIGH,"Rule 37(7), (8)",CCS21-97030906
SCENARIO — Absorbee DISMISSED by PSU in 2026 for 2025 misconduct (post-absorption). Govt-service pension?,<b>Rule:</b> FORFEITED TOO — the PSU-absorption rule's sub-rule (29) post-2025: PSU dismissal/removal for SUBSEQUENT misconduct SHALL forfeit Government-service retirement benefits. Decision reviewable by administrative MINISTRY.<br><br><b>Hinglish:</b> PSU-nikaasi-Sarkari-zabt.<br><br><b>Ref:</b> Rule 37(29)(c); Rule 37(c),CCS_Pension Rule_37_29_c GSR_340_E_2025 Forfeiture CCS_Pension::Rule_37 Priority::Critical CCS_Pension::Rule_37_29_c,CCS_Pension_Rules_2021::03_Emoluments_Classes_Rules_31_to_43,Basic,CRITICAL,Rule 37(29)(c),CCS21-06f30dcc
SCENARIO — Same absorbee RETRENCHED (not dismissed) in 2026. Govt pension?,<b>Rule:</b> SAFE from forfeiture — retrenchment is NOT a forfeiture trigger; PSU's decision faces MINISTRY REVIEW only (PSU-absorption second half).<br><br><b>Hinglish:</b> Retrenchment-review-zabti-nahi.<br><br><b>Trap:</b> Retrenchment vs dismissal.<br><br><b>Ref:</b> Rule 37(29)(c),CCS_Pension Rule_37_29_c Evaluation CCS_Pension::Rule_37 Priority::Critical CCS_Pension::Rule_37_29_c,CCS_Pension_Rules_2021::03_Emoluments_Classes_Rules_31_to_43,Basic,CRITICAL,Rule 37(29)(c),CCS21-950bba6a
SCENARIO — PSU withholds the absorbee's Govt-service pension share citing 'President-only power'. Correct forum?,"<b>Rule:</b> NO — the PSU-absorption rule 2025 Explanation imports the conduct rule+the proceedings rule (2022 rewrite)+the compassionate-allowance rule+ANALOGOUSLY: Secretary/C&amp;AG routes apply by appointing authority, not President-only.<br><br><b>Hinglish:</b> PSU-me-naya-Rule8.<br><br><b>Ref:</b> Rule 37 Explanation; Rule 44(5); Rule 37; Rule 7; Rule 8; Rule 41",CCS_Pension Rule_37_29_c GSR_340_E_2025 GSR_770_E_2022 Synthesis CCS_Pension::Rule_37 Priority::High CCS_Pension::Rule_37_29_c,CCS_Pension_Rules_2021::03_Emoluments_Classes_Rules_31_to_43,Basic,HIGH,Rule 37 Explanation,CCS21-1b1cbb4a
"SCENARIO — Misconduct PRE-dates absorption (2019), dismissal AFTER (2026). PSU-absorption forfeiture?",<b>Rule:</b> NO — trigger needs misconduct SUBSEQUENT to absorption. Pre-absorption misconduct runs under Govt-service rails instead (VERIFY interplay). Word 'subsequent' is the gate.<br><br><b>Hinglish:</b> Baad-ka-apradh-hi-zabt.<br><br><b>Ref:</b> Rule 37(29)(c); Rule 7; Rule 8,CCS_Pension Rule_37_29_c Evaluation CCS_Pension::Rule_37 Priority::High CCS_Pension::Rule_37_29_c,CCS_Pension_Rules_2021::03_Emoluments_Classes_Rules_31_to_43,Basic,HIGH,Rule 37(29)(c),CCS21-21f39692
SCENARIO — Dept converted to AUTONOMOUS BODY; employee cites 'PSU-absorption no-option rule'. Correct citation?,"<b>Rule:</b> WRONG NUMBER — AB-transfer houses it INSIDE, not a separate. Same substance, different address. Numbering trap.<br><br><b>Hinglish:</b> 38-me--37-me-.<br><br><b>Trap:</b> Numbering.<br><br><b>Ref:</b> Rule 38(3); Rule 37(4); Rule 38; Rule 38(4)",CCS_Pension Rule_38 Exam_Trap CCS_Pension::Rule_38 Priority::High,CCS_Pension_Rules_2021::03_Emoluments_Classes_Rules_31_to_43,Basic,HIGH,Rule 38(3),CCS21-f1d70696
SCENARIO — AB absorption: temporary staffer + casual labourer both opt in. Who is covered?,<b>Rule:</b> Temporary: IN. Casual: OUT (the AB-transfer rule's sub-rule (10)). Status at conversion decides.<br><br><b>Hinglish:</b> Temporary-haan-casual-na.<br><br><b>Ref:</b> Rule 38(10),CCS_Pension Rule_38 Evaluation CCS_Pension::Rule_38 Priority::High,CCS_Pension_Rules_2021::03_Emoluments_Classes_Rules_31_to_43,Basic,HIGH,Rule 38(10),CCS21-a11c4292
SCENARIO — AB absorbee's DR: body-pattern or Central-pattern? Contrast the PSU-absorption rule's sub-rule (16).,"<b>Rule:</b> CENTRAL DA PATTERN (the AB-transfer rule's sub-rule (15)) — contrast PSU pattern (PSU-pattern carded). Pension computed AS IF Central servant retiring same day (Explanation).<br><br><b>Hinglish:</b> AB-Kendra-pattern.<br><br><b>Ref:</b> Rule 38(14), (15); Rule 37(16); Rule 38(14); Rule 38(15)",CCS_Pension Rule_38 Dearness_Relief CCS_Pension::Rule_38 Priority::High,CCS_Pension_Rules_2021::03_Emoluments_Classes_Rules_31_to_43,Basic,HIGH,"Rule 38(14), (15)",CCS21-7849e9ed
SCENARIO — AB Pension Fund runs dry; body refuses top-up; pre-conversion pensioners unpaid. Liability chain?,"<b>Rule:</b> Trust (Chair: SECRETARY) administers (the AB-transfer rule's sub-rule (16)(17)); BODY contributes; GOVERNMENT covers SHORTFALL; PRE-CONVERSION pensioners stay ON GOVERNMENT (the AB-transfer rule's sub-rule (23)(25)). Govt is the backstop.<br><br><b>Hinglish:</b> Kami-Sarkar-bhare.<br><br><b>Ref:</b> Rule 38(16), (17), (23)-(25); Rule 38(16)(17)-(17); Rule 38(23)(25)-(25)",CCS_Pension Rule_38 Scenario CCS_Pension::Rule_38 Priority::High,CCS_Pension_Rules_2021::03_Emoluments_Classes_Rules_31_to_43,Basic,HIGH,"Rule 38(16), (17), (23), (24), (25)",CCS21-ea0582c2
SCENARIO — AB absorbee elects lump-sum one-time. Computation?,"<b>Rule:</b> AB Transfer rule: pro-rata pension CAPITALISED VALUE per 1981 TABLE + retirement gratuity — one-time exit price.<br><br><b>Hinglish:</b> Ek-mushth-1981-Table.<br><br><b>Ref:</b> Rule 38(19), (20), (21); Rule 38(19)(21)-(21)",CCS_Pension Rule_38 Application CCS_Pension::Rule_38 Priority::Medium,CCS_Pension_Rules_2021::03_Emoluments_Classes_Rules_31_to_43,Basic,MEDIUM,"Rule 38(19), (20), (21)",CCS21-517b4145
"SCENARIO — Disabled-by-accident servant seeks invalid retirement; HoD applies ONLY CCS Rules, ignoring RPwD Act. Valid?","<b>Rule:</b> NO — the invalid-pension rule's sub-rule: RPwD Act 2016 s.20 GOVERNS first; Rules follow. Disability certificate per RPwD Rules 2017 (proviso). Statute-first, always.<br><br><b>Hinglish:</b> 2016-kaanoon-pehle.<br><br><b>Ref:</b> Rule 39(1)",CCS_Pension Rule_39 Invalid_Pension RPwD_Act_2016 Evaluation CCS_Pension::Rule_39 Priority::High,CCS_Pension_Rules_2021::03_Emoluments_Classes_Rules_31_to_43,Basic,HIGH,Rule 39(1),CCS21-fc57f849
SCENARIO — Comatose servant; NEIGHBOUR applies for invalid retirement. Valid applicant?,<b>Rule:</b> NO — invalid-pension ladder: SELF → SPOUSE → FAMILY MEMBER (first proviso). Neighbour/stranger has no locus.<br><br><b>Hinglish:</b> Khud-patni-parivaar-bas.<br><br><b>Ref:</b> Rule 39(2),CCS_Pension Rule_39 Evaluation CCS_Pension::Rule_39 Priority::High,CCS_Pension_Rules_2021::03_Emoluments_Classes_Rules_31_to_43,Basic,HIGH,Rule 39(2),CCS21-4ae18806
"SCENARIO — Servant unfit for field duty but fit for desk job, same pay scale. Invalid retirement?","<b>Rule:</b> NO — the invalid-pension rule's sub-rule 2nd proviso: ADVISE CONTINUING in same pay scale if possible. Retirement is last resort, not first.<br><br><b>Hinglish:</b> Usi-vetan-rakho-pehle.<br><br><b>Ref:</b> Rule 39(2)",CCS_Pension Rule_39 Evaluation CCS_Pension::Rule_39 Priority::High,CCS_Pension_Rules_2021::03_Emoluments_Classes_Rules_31_to_43,Basic,HIGH,Rule 39(2),CCS21-7fa8f56c
SCENARIO — HoO requests medical exam on day 20; Board examines on day 60. Breaches?,"<b>Rule:</b> BOTH late — the invalid-pension rule's sub-rule: HoO requests in 15 DAYS; authority examines in 30 DAYS. 20 + 60 double-breach; interest risk on the 45-day grant (the invalid-pension rule's sub-rule ).<br><br><b>Hinglish:</b> 15-maango-30-jaanch.<br><br><b>Ref:</b> Rule 39(3), (4); Rule 65; Rule 39(3)(4)-(4); Rule 39(8); Rule 39(3); Rule 39(4)",CCS_Pension Rule_39 Timeline Evaluation CCS_Pension::Rule_39 Priority::High,CCS_Pension_Rules_2021::03_Emoluments_Classes_Rules_31_to_43,Basic,HIGH,"Rule 39(3), (4)",CCS21-b09fe01f
"SCENARIO — Non-gazetted, pay Rs 60,000: Board or Civil Surgeon? Woman servant: extra rule?","<b>Rule:</b> MEDICAL BOARD (pay &gt; Rs 54,000) — gazette-status irrelevant above the pay line (the invalid-pension rule's sub-rule ); woman → LADY DOCTOR on the examining side (the invalid-pension rule's sub-rule ). Ages from OFFICIAL RECORDS + service book; COPY to servant.<br><br><b>Hinglish:</b> 54-paar-Board-mahila-lady-doctor.<br><br><b>Ref:</b> Rule 39(3)-(7); Rule 39(3)(4)-(4); Rule 39(5)(7)-(7); Rule 39(3); Rule 39(4); Rule 39(5); Rule 39(7)",CCS_Pension Rule_39 Threshold Application CCS_Pension::Rule_39 Priority::High,CCS_Pension_Rules_2021::03_Emoluments_Classes_Rules_31_to_43,Basic,HIGH,"Rule 39(3), (4), (5), (6), (7)",CCS21-be3ec640
SCENARIO — Doctor issues invalid certificate WITHOUT any HoO/HoD request. Valid?,"<b>Rule:</b> NO — the invalid-pension rule's sub-rule: NO certificate without HoO/HoD REQUEST. Outcomes allowed: FIT / FIT-FOR-LESS-LABORIOUS / invalid (Format 6). Suo-motu medical = void.<br><br><b>Hinglish:</b> Bina-maange-praman-radd.<br><br><b>Ref:</b> Rule 39(5), (6), (7); Rule 39(5)(7)-(7); Rule 39(5); Rule 39(7)",CCS_Pension Rule_39 Evaluation CCS_Pension::Rule_39 Priority::Medium,CCS_Pension_Rules_2021::03_Emoluments_Classes_Rules_31_to_43,Basic,MEDIUM,"Rule 39(5), (6), (7)",CCS21-e5520fc1
SCENARIO — Format-6 certificate issued 01.04; pension granted 01.07 (91 days). Valid?,<b>Rule:</b> NO — the invalid-pension rule's sub-rule: grant within 45 DAYS (till 16.05). 91 days = 46 days late → interest.<br><br><b>Hinglish:</b> 45-din-pension.<br><br><b>Ref:</b> Rule 39(8); Rule 65,CCS_Pension Rule_39 Timeline Format Evaluation CCS_Pension::Rule_39 Priority::High,CCS_Pension_Rules_2021::03_Emoluments_Classes_Rules_31_to_43,Basic,HIGH,Rule 39(8),CCS21-6f470fc4
"SCENARIO — 6y QS invalid; emoluments 50K, average 55K. Pension?","<b>Rule:</b> Invalid Pension rule: &lt;10y WAIVER → 50% of MORE-BENEFICIAL (55K) = Rs 27,500/mo (in 9K–125K band), subject to its limiting clause proviso cross-opens the gate.<br><br><b>Hinglish:</b> 6-saal-50%-jo-bada.<br><br><b>Ref:</b> Rule 39(9); Rule 44(1)",CCS_Pension Rule_39 Invalid_Pension Application CCS_Pension::Rule_39 Priority::Critical,CCS_Pension_Rules_2021::03_Emoluments_Classes_Rules_31_to_43,Basic,CRITICAL,Rule 39(9),CCS21-1be91373
"SCENARIO — Compulsory retirement; superannuation-equivalent Rs 30,000; authority fixes Rs 15,000 (½) with Secy approval. Valid?","<b>Rule:</b> NO twice floor = 2/3 (Rs 20,000) — ½ is below-band &lt;FULL needs PRESIDENT + UPSC (the compulsory-retirement rule's sub-rule ), not Secretary. Re-fix within 20K–30K via President+UPSC.<br><br><b>Hinglish:</b> 2/3-farsh-Rashtrapati-UPSC.<br><br><b>Ref:</b> Rule 40(1), (2); Rule 40(1); Rule 40(2)",CCS_Pension Rule_40 Evaluation CCS_Pension::Rule_40 Priority::Critical,CCS_Pension_Rules_2021::03_Emoluments_Classes_Rules_31_to_43,Basic,CRITICAL,"Rule 40(1), (2)",CCS21-6c0f4b68
"SCENARIO — 'Pension' in compulsory-retirement excludes gratuity, so gratuity paid FULL while pension cut to 2/3. Valid?",<b>Rule:</b> NO — compulsory-retirement explanation: 'pension' INCLUDES retirement gratuity. The 2/3–full band (and President+UPSC gate) covers BOTH.<br><br><b>Hinglish:</b> 40-me-gratuity-andar.<br><br><b>Ref:</b> Rule 40(2) Explanation; Rule 40; Rule 40(2),CCS_Pension Rule_40 Explanation Evaluation CCS_Pension::Rule_40 Priority::High,CCS_Pension_Rules_2021::03_Emoluments_Classes_Rules_31_to_43,Basic,HIGH,Rule 40(2),CCS21-bec5deb6
SCENARIO — Compulsory retirement 01.03; NO payment till final order 01.08 (5 months). Valid?,"<b>Rule:</b> NO — the compulsory-retirement rule's sub-rule: 2/3 PROVISIONAL IMMEDIATELY from retirement; the compulsory-retirement rule's sub-rule: FINAL order in 3 MONTHS (till 01.06). 5-month silence double-breaches; minimum floor (the compulsory-retirement rule's sub-rule ) guards regardless.<br><br><b>Hinglish:</b> Turant-2/3-3-mahine-pakka.<br><br><b>Ref:</b> Rule 40(3), (4), (5); Rule 44; Rule 40(3); Rule 40(4); Rule 40(5)",CCS_Pension Rule_40 Timeline Evaluation CCS_Pension::Rule_40 Priority::High,CCS_Pension_Rules_2021::03_Emoluments_Classes_Rules_31_to_43,Basic,HIGH,"Rule 40(3), (4), (5)",CCS21-eb6fbc92
SCENARIO — Dismissed after 25y; authority grants FULL pension as 'compassion'. Valid?,"<b>Rule:</b> NO — compassionate-allowance proviso caps mercy at 2/3 (of admissible). FULL is ultra vires; re-fix ≤2/3 via compassionate-allowance suo-motu/plea within 3 MONTHS on compassionate-allowance merits (misconduct + service-nature + exceptional family circumstances).<br><br><b>Hinglish:</b> Daya-2/3-bas.<br><br><b>Ref:</b> Rule 41(1), (2), (3); Rule 41(1); Rule 41(2); Rule 41(3)",CCS_Pension Rule_41 Compassionate_Allowance Evaluation CCS_Pension::Rule_41 Priority::Critical,CCS_Pension_Rules_2021::03_Emoluments_Classes_Rules_31_to_43,Basic,CRITICAL,"Rule 41(1), (2), (3)",CCS21-dcf7bdd3
SCENARIO — Pre-2021 dismissal; representation filed 2024 (3y after commencement). Allowance?,"<b>Rule:</b> NO — the compassionate-allowance rule's sub-rule: pre-commencement cases had a 6-MONTH window; expiry = NO compassionate allowance, ever. Allowed cases bottom at minimum (the compassionate-allowance rule's sub-rule ).<br><br><b>Hinglish:</b> 6-mahine-gaye-daya-gayi.<br><br><b>Ref:</b> Rule 41(4), (5), (6); Rule 44; Rule 41(4)(5)-(5); Rule 41(6); Rule 41(4); Rule 41(5)",CCS_Pension Rule_41 Timeline Evaluation CCS_Pension::Rule_41 Priority::High,CCS_Pension_Rules_2021::03_Emoluments_Classes_Rules_31_to_43,Basic,HIGH,"Rule 41(4), (5), (6)",CCS21-469cad9f
SCENARIO — 29y QS; authority issues the premature-retirement rule premature-retirement order 'in public interest'. Valid?,<b>Rule:</b> NO — premature-retirement needs 30 YEARS COMPLETED QS. 29y fails the gate (no rounding invoked for the premature-retirement rule). Wait or use other rails (the FR procedure DoPT procedure per the premature-retirement rule's sub-rule — verified).<br><br><b>Hinglish:</b> 30-poore-tab-42.<br><br><b>Ref:</b> Rule 42(1); Rule 42; FR -56; Rule 42(3),CCS_Pension Rule_42 Premature_Retirement Evaluation CCS_Pension::Rule_42 Priority::High,CCS_Pension_Rules_2021::03_Emoluments_Classes_Rules_31_to_43,Basic,HIGH,Rule 42(1),CCS21-97012dfc
SCENARIO — The premature-retirement rule order WITHOUT 3-month notice or pay. Valid?,"<b>Rule:</b> YES (voidable only if procedure demands) — the premature-retirement rule's sub-rule 'MAY' = DISCRETIONARY notice/pay. Contrast the voluntary-retirement rule's mandatory notice. Procedure per DoPT the FR procedure rails (the premature-retirement rule's sub-rule ); authority = APPOINTING authority (Explanation).<br><br><b>Hinglish:</b> 42-notice-marzi.<br><br><b>Ref:</b> Rule 42(2), (3); Rule 42; FR -56; Rule 42(2); Rule 43; Rule 42(3)",CCS_Pension Rule_42 Evaluation CCS_Pension::Rule_42 Priority::High,CCS_Pension_Rules_2021::03_Emoluments_Classes_Rules_31_to_43,Basic,HIGH,"Rule 42(2), (3)",CCS21-a77eccf0
SCENARIO — Below-rank officer issues premature-retirement order. Valid?,<b>Rule:</b> NO — premature-retirement explanation: competent = APPOINTING authority. Coram-fail voids the order (reinstatement + back-pension consequences per service law).<br><br><b>Hinglish:</b> Niyukti-adhikari-hi.<br><br><b>Ref:</b> Rule 42 Explanation; Rule 42,CCS_Pension Rule_42 Evaluation CCS_Pension::Rule_42 Priority::Medium,CCS_Pension_Rules_2021::03_Emoluments_Classes_Rules_31_to_43,Basic,MEDIUM,Rule 42 Explanation,CCS21-0536dba7
SCENARIO — 19y11m QS; servant gives voluntary-retirement notice claiming 20y with pension rounding. Valid?,"<b>Rule:</b> NO — the voluntary-retirement rule 4th proviso: NO pension clause rounding for the 20 years. 19y11m &lt; 20y → notice premature/invalid. Serve 1 more month, then notice.<br><br><b>Hinglish:</b> 20-par-gol-band.<br><br><b>Trap:</b> The classic.<br><br><b>Ref:</b> Rule 43 4th proviso; Rule 43; Rule 44(7); Rule 44",CCS_Pension Rule_43 Voluntary_Retirement Exam_Trap CCS_Pension::Rule_43 Priority::Critical,CCS_Pension_Rules_2021::03_Emoluments_Classes_Rules_31_to_43,Basic,CRITICAL,Rule 43(1) Fourth Proviso,CCS21-f7c2cd0d
SCENARIO — Notice given WITHOUT the QS certificate; authority sits silent 3 months. Retirement effective?,"<b>Rule:</b> NO — the voluntary-retirement rule 1st proviso: certificate BEFORE notice (appropriate administrative authority, 15-DAY deadline) is a CONDITION PRECEDENT. Defective notice + silence ≠ voluntary-retirement auto-effect (which needs VALID notice).<br><br><b>Hinglish:</b> Certificate-pehle-tab-notice.<br><br><b>Ref:</b> Rule 43 1st proviso; Rule 43(2); Rule 43",CCS_Pension Rule_43 Proviso Evaluation CCS_Pension::Rule_43 Priority::High,CCS_Pension_Rules_2021::03_Emoluments_Classes_Rules_31_to_43,Basic,HIGH,Rule 43(1) First Proviso; 43(2),CCS21-a74fd53f
SCENARIO — Valid voluntary-retirement notice expires; NO refusal issued. Status next day?,"<b>Rule:</b> AUTOMATICALLY EFFECTIVE (the voluntary-retirement rule's sub-rule ) — silence = approval. Authority cannot invent post-expiry refusal (only voluntary-retirement withholding DURING currency with PRESIDENT's approval for suspension/charge-sheet/judicial-proceedings cases).<br><br><b>Hinglish:</b> Chup-seva-mukt.<br><br><b>Ref:</b> Rule 43(2), (3); Rule 43; Rule 43(3); Rule 43(2)",CCS_Pension Rule_43 Evaluation CCS_Pension::Rule_43 Priority::High,CCS_Pension_Rules_2021::03_Emoluments_Classes_Rules_31_to_43,Basic,HIGH,"Rule 43(2), (3)",CCS21-1942cf6a
SCENARIO — Charge-sheeted servant's voluntary-retirement notice withheld by HoD WITHOUT President's approval. Valid?,<b>Rule:</b> NO — the voluntary-retirement rule's sub-rule: withholding needs PRESIDENT's approval. HoD-alone withholding is void; retirement auto-effects under voluntary-retirement unless President acts in time.<br><br><b>Hinglish:</b> Rok-Rashtrapati-se.<br><br><b>Ref:</b> Rule 43(3); Rule 43; Rule 43(2),CCS_Pension Rule_43 Evaluation CCS_Pension::Rule_43 Priority::High,CCS_Pension_Rules_2021::03_Emoluments_Classes_Rules_31_to_43,Basic,HIGH,Rule 43(3),CCS21-36f0ac59
SCENARIO — 2-month (short) notice accepted; servant seeks commutation. Allowed?,<b>Rule:</b> NO — the voluntary-retirement rule's sub-rule: &lt;3-month notice CURTAILS commutation. Short-notice convenience costs the commutation right.<br><br><b>Hinglish:</b> Chhota-notice-commutation-gaya.<br><br><b>Ref:</b> Rule 43(4),CCS_Pension Rule_43 CCS_Pension::Rule_43 Priority::High,CCS_Pension_Rules_2021::03_Emoluments_Classes_Rules_31_to_43,Basic,HIGH,Rule 43(4),CCS21-1a57e3a1
SCENARIO — Servant withdraws voluntary-retirement notice 5 days before expiry WITHOUT approval. Valid?,"<b>Rule:</b> NO — the voluntary-retirement rule's sub-rule: withdrawal ONLY with SPECIFIC APPROVAL, sought 15 DAYS BEFORE intended date. 5-day unilateral withdrawal is void; retirement proceeds.<br><br><b>Hinglish:</b> Wapsi-15-din-approval.<br><br><b>Ref:</b> Rule 43(6); Rule 43",CCS_Pension Rule_43 Timeline Evaluation CCS_Pension::Rule_43 Priority::High,CCS_Pension_Rules_2021::03_Emoluments_Classes_Rules_31_to_43,Basic,HIGH,Rule 43(6),CCS21-4171734e
SCENARIO — ITEC — returned servant gives voluntary-retirement notice 6 months after return. Valid?,<b>Rule:</b> NO — the voluntary-retirement rule 3rd proviso: ITEC/foreign-posting EXEMPTION runs 1 YEAR AFTER RETURN. Notice before 1 year is premature. (the voluntary-retirement rule's sub-rule: Special-VRS/autonomous/PSU cases excluded entirely.)<br><br><b>Hinglish:</b> Videsh-1-saal-ruko.<br><br><b>Ref:</b> Rule 43 3rd proviso; Rule 43(7); Rule 43,CCS_Pension Rule_43 Proviso CCS_Pension::Rule_43 Priority::High,CCS_Pension_Rules_2021::03_Emoluments_Classes_Rules_31_to_43,Basic,HIGH,Rule 43(1) Third Proviso; 43(7),CCS21-52a0aed5
SCENARIO — 30y servant: authority WANTS him out; servant WANTS to stay. the premature-retirement rule or the voluntary-retirement rule?,"<b>Rule:</b> the premature-retirement rule (authority-initiated, public interest, discretionary notice). the voluntary-retirement rule is the SERVANT's weapon — authority cannot force the voluntary-retirement rule, servant cannot veto valid the premature-retirement rule. Pension identical.<br><br><b>Hinglish:</b> Sarkar-chahe-42-khud-chahe-43.<br><br><b>Ref:</b> Rule 42; Rule 43; Rule 44",CCS_Pension Rule_42 Rule_43 Comparison Scenario CCS_Pension::Rule_42 Priority::High,CCS_Pension_Rules_2021::03_Emoluments_Classes_Rules_31_to_43,Basic,HIGH,Rule 42; Rule 43,CCS21-c284a494
"CLASS-DRILL — Identify the class: first, age-60 exit (b) surplus-VRS (c) State absorption (d) PSU en-masse (e) blinded-in-service (f) penalty-exit with 2/3-now (g) dismissed-with-mercy (h) 30y-forced (i) 20y-self?",<b>Rule:</b> the superannuation rule the retiring rule's sub-rule the State-absorption rule the PSU-absorption rule the invalid-pension rule the compulsory-retirement rule the compassionate-allowance rule the premature-retirement rule (i) the voluntary-retirement rule.<br><br><b>Hinglish:</b> Umar-surplus-rajya-PSU-apang-dand-daya-30-20.<br><br><b>Ref:</b> Rules 33-43; Rule 34(1)(b),CCS_Pension Classes_Of_Pension Mnemonic Priority::High,CCS_Pension_Rules_2021::01_Preliminary_Rules_01_to_10,Basic,HIGH,Rules 33–43,CCS21-a1e7e632
"SCENARIO — Emoluments Rs 78,000, average Rs 81,000, QS 25y. Pension base + amount?","<b>Rule:</b> Base = Rs 81,000 (the pension rule's sub-rule MORE-BENEFICIAL); pension = 50% = Rs 40,500 (in 9K–125K band). Always compute both the emoluments rule and the average-emoluments rule.<br><br><b>Hinglish:</b> Jo-bada-81-aadhi-40.5.<br><br><b>Ref:</b> Rule 44(1); Rule 31; Rule 32",CCS_Pension Rule_44 Pension_Calculation Application CCS_Pension::Rule_44 Priority::High,CCS_Pension_Rules_2021::04_Pension_Gratuity_Rules_44_to_49,Basic,HIGH,Rule 44(1),CCS21-30255596
"SCENARIO — 50% × pay = Rs 7,200. Payable pension?","<b>Rule:</b> Rs 9,000 — FLOOR lifts sub-minimum outcomes. Floor applies to ALL pension (and compulsory-retirement/compassionate-allowance grants via their floors).<br><br><b>Hinglish:</b> 7.2-bana-9-mila.<br><br><b>Ref:</b> Rule 44(1); Rule 40; Rule 41; Rule 44",CCS_Pension Rule_44 Floor Application CCS_Pension::Rule_44 Priority::High,CCS_Pension_Rules_2021::04_Pension_Gratuity_Rules_44_to_49,Basic,HIGH,Rule 44(1),CCS21-aaa121b7
"SCENARIO — 50% × pay = Rs 1,60,000. Payable?","<b>Rule:</b> Rs 1,25,000 — pension ceiling caps. Only DR + additional pension (80+) can take total cash beyond.<br><br><b>Hinglish:</b> 1.6-kata-1.25.<br><br><b>Ref:</b> Rule 44(1)",CCS_Pension Rule_44 Ceiling Application CCS_Pension::Rule_44 Priority::High,CCS_Pension_Rules_2021::04_Pension_Gratuity_Rules_44_to_49,Basic,HIGH,Rule 44(1),CCS21-b29254ff
SCENARIO — QS 9y exactly. Pension or service gratuity?,"<b>Rule:</b> SERVICE GRATUITY — 9y &lt; 10y gate and BELOW 9y9m near-miss (the pension rule's sub-rule ). the pension rule's sub-rule: ½-month × 18 periods, once, uncapped.<br><br><b>Hinglish:</b> 9-saal-gratuity-hi.<br><br><b>Ref:</b> Rule 44(1), (2), (8); Rule 44(8); Rule 44(2)(3)-(3); Rule 44(2); Rule 44(3)",CCS_Pension Rule_44 Evaluation CCS_Pension::Rule_44 Priority::High,CCS_Pension_Rules_2021::04_Pension_Gratuity_Rules_44_to_49,Basic,HIGH,"Rule 44(1), (2), (8)",CCS21-d6c33a25
SCENARIO — QS 9y8m vs 9y9m: outcomes?,<b>Rule:</b> 9y8m → SERVICE GRATUITY (misses the pension rule's sub-rule by a month). 9y9m → PENSION (deemed 10y). One month = different benefit universe.<br><br><b>Hinglish:</b> Ek-mahina-kismat.<br><br><b>Trap:</b> Near-miss edge.<br><br><b>Ref:</b> Rule 44(8),CCS_Pension Rule_44 Near_Miss Exam_Trap CCS_Pension::Rule_44 Priority::Critical,CCS_Pension_Rules_2021::04_Pension_Gratuity_Rules_44_to_49,Basic,CRITICAL,Rule 44(8),CCS21-ddee8428
"COMPUTE — Service gratuity: emoluments Rs 40,000, QS 8y (16 periods)? Cap?","<b>Rule:</b> ½ × 40,000 × 16 = Rs 3,20,000. NO min/max (the pension rule's sub-rule ), ONE-TIME. 25L cap does NOT apply (that's the gratuity rule, not the pension rule).<br><br><b>Hinglish:</b> 3.2L-ek-baari-beseema.<br><br><b>Trap:</b> 25L is gratuity-only.<br><br><b>Ref:</b> Rule 44(2), (3); Rule 45; Rule 44; Rule 44(2)(3)-(3); Rule 44(2); Rule 44(3)",CCS_Pension Rule_44 Gratuity Application CCS_Pension::Rule_44 Priority::High,CCS_Pension_Rules_2021::04_Pension_Gratuity_Rules_44_to_49,Basic,HIGH,"Rule 44(2), (3)",CCS21-b30ac559
"SCENARIO — Pensioner basic Rs 50,000: additional at 79 / 80 / 85 / 90 / 95 / 100?","<b>Rule:</b> 79: NIL. 80: 20% = 10K. 85: 30% = 15K. 90: 40% = 20K. 95: 50% = 25K. 100: 100% = 50K. the pension rule's sub-rule: base = BASIC, trigger = OWN age, from 1ST OF MONTH.<br><br><b>Hinglish:</b> 79-shunya-100-dugna.<br><br><b>Ref:</b> Rule 44(6)",CCS_Pension Rule_44 Additional_Pension Application CCS_Pension::Rule_44 Priority::Critical,CCS_Pension_Rules_2021::04_Pension_Gratuity_Rules_44_to_49,Basic,CRITICAL,Rule 44(6),CCS21-96beb090
SCENARIO — Additional computed on (basic + DR). Valid?,<b>Rule:</b> NO — pension base = BASIC pension ONLY. DR-on-additional flows the other way (DR granted ON basic+additional). Base confusion = double-counting.<br><br><b>Hinglish:</b> Basic-par-hi.<br><br><b>Ref:</b> Rule 44(6); Rule 52,CCS_Pension Rule_44 Evaluation CCS_Pension::Rule_44 Priority::High,CCS_Pension_Rules_2021::04_Pension_Gratuity_Rules_44_to_49,Basic,HIGH,Rule 44(6),CCS21-fa30ed7e
SCENARIO — Widow 82 claims pension additional on late husband's pension. Correct rule?,"<b>Rule:</b> the family-pension rule's sub-rule, NOT the pension rule's sub-rule — pension keys on the RETIRED PERSON's age; family pensioners use the family-pension mirror (same 20/30/40/50/100, widow's age).<br><br><b>Hinglish:</b> Vidva-the family-pension rule-pati-the pension rule.<br><br><b>Ref:</b> Rule 44(6); Rule 50(3); Rule 44(3)",CCS_Pension Rule_44 Rule_50 Comparison Evaluation CCS_Pension::Rule_44 Priority::High,CCS_Pension_Rules_2021::04_Pension_Gratuity_Rules_44_to_49,Basic,HIGH,Rule 44(6); Rule 50(3),CCS21-80ec77d4
SCENARIO — QS fractions: 20y2m / 20y3m / 20y5m / 20y8m → counted?,"<b>Rule:</b> 2m: 20y (ignored). 3m: 20.5y (+1 period). 5m: 20.5y. 8m = 6m + 2m: 20.5y + ignore 2m = 20.5y... precisely: completed six-monthlies + ≥3m-remainder rule (the pension rule's sub-rule ). ≥3 months = +1 period, always.<br><br><b>Hinglish:</b> 3-mahina-aadha-saal.<br><br><b>Ref:</b> Rule 44(7)",CCS_Pension Rule_44 Application CCS_Pension::Rule_44 Priority::High,CCS_Pension_Rules_2021::04_Pension_Gratuity_Rules_44_to_49,Basic,HIGH,Rule 44(7),CCS21-b4b56aad
"SCENARIO — Pension Rs 30,000.40 + FP Rs 12,000.40: round pooled (42,000.80→42,001) or separate?","<b>Rule:</b> SEPARATE — the pension rule's sub-rule: EACH amount to whole rupees NEXT HIGHER independently: 30,001 + 12,001 = Rs 42,002. Pooling understates by Re 1.<br><br><b>Hinglish:</b> Alag-alag-upar.<br><br><b>Ref:</b> Rule 44(9)",CCS_Pension Rule_44 Evaluation CCS_Pension::Rule_44 Priority::High,CCS_Pension_Rules_2021::04_Pension_Gratuity_Rules_44_to_49,Basic,HIGH,Rule 44(9),CCS21-dd8f4c6f
SCENARIO — 10y QS but servant NEVER drew pension-eligible pay (all honorarium). gratuity?,<b>Rule:</b> NO — gratuity needs 5y QS AND PENSION/SERVICE-GRATUITY ELIGIBILITY. Dual gate; either fails = no retirement gratuity (VERIFY edge).<br><br><b>Hinglish:</b> 5-saal-aur-pension-yogya-dono.<br><br><b>Ref:</b> Rule 45(1)(a),CCS_Pension Rule_45 Evaluation CCS_Pension::Rule_45 Priority::High,CCS_Pension_Rules_2021::04_Pension_Gratuity_Rules_44_to_49,Basic,HIGH,Rule 45(1)(a),CCS21-6aeece83
SCENARIO — QS 4y11m: retirement gratuity?,"<b>Rule:</b> YES — 4y11m &gt; 4y9m near-miss (the gratuity rule's sub-rule ) → deemed 5y → gate opens (given pension-eligibility). 4y8m would fail.<br><br><b>Hinglish:</b> 4y9m-paar-gratuity.<br><br><b>Ref:</b> Rule 45(4), (5); Rule 45(4)(5)-(5); Rule 45(4); Rule 45(5)",CCS_Pension Rule_45 Near_Miss Application CCS_Pension::Rule_45 Priority::High,CCS_Pension_Rules_2021::04_Pension_Gratuity_Rules_44_to_49,Basic,HIGH,"Rule 45(4), (5)",CCS21-c3211f47
"COMPUTE — Retirement gratuity: (pay+DA) Rs 1,00,000, 30y (60 periods)?","<b>Step:</b> ¼ × 1L × 60 = Rs 15L → 16.5× cap = 16.5L (no cut) → 25L cap (no cut) → payable Rs 15,00,000.<br><br><b>Hinglish:</b> 15L-teen-jaanch-paas.<br><br><b>Ref:</b> Rule 45(1)(a)",CCS_Pension Rule_45 Gratuity Ceiling Application CCS_Pension::Rule_45 Priority::High,CCS_Pension_Rules_2021::04_Pension_Gratuity_Rules_44_to_49,Basic,HIGH,Rule 45(1)(a),CCS21-f41da757
"COMPUTE — Same but (pay+DA) Rs 2,00,000, 33y (66 periods)?","<b>Step:</b> ¼ × 2L × 66 = Rs 33L → 16.5× = 33L (no cut — equals max) → 25L cap CUTS → payable Rs 25,00,000 (operative; rule-text 20L).<br><br><b>Hinglish:</b> 33-bana-25-mila.<br><br><b>Ref:</b> Rule 45(1)",CCS_Pension Rule_45 Ceiling Application CCS_Pension::Rule_45 Priority::Critical,CCS_Pension_Rules_2021::04_Pension_Gratuity_Rules_44_to_49,Basic,CRITICAL,Rule 45(1)(a),CCS21-008f5434
SCENARIO — 2023 retiree claims 25L cap (retired before 01.01.2024). Valid?,<b>Rule:</b> NO — operative 25L runs w.e.f. 01.01.2024 (OM 30.05.2024); pre-2024 retirements governed by then-operative 20L. Cut-off is RETIREMENT date.<br><br><b>Hinglish:</b> 2024-se-pehle-20L.<br><br><b>Ref:</b> Rule 45(1) proviso; OM 30.05.2024,CCS_Pension Rule_45 Ceiling Evaluation CCS_Pension::Rule_45 Priority::High,CCS_Pension_Rules_2021::04_Pension_Gratuity_Rules_44_to_49,Basic,HIGH,Rule 45(1) proviso,CCS21-58409b60
"SCENARIO — Death gratuity: QS 11y exactly, (pay+DA) 60K. Slab?",<b>Rule:</b> 20× band (11–20y): 20 × 60K = Rs 12L. 11y belongs UPWARD (12× band ends at 11).<br><br><b>Hinglish:</b> 11-20guna.<br><br><b>Ref:</b> Rule 45(1)(b),CCS_Pension Rule_45 Death_Gratuity Application CCS_Pension::Rule_45 Priority::High,CCS_Pension_Rules_2021::04_Pension_Gratuity_Rules_44_to_49,Basic,HIGH,Rule 45(1)(b),CCS21-67607e83
"SCENARIO — Suicide in service, QS 6y. Death gratuity + family pension?",<b>Rule:</b> Gratuity YES — gratuity covers suicide (12× band). FP: family-pension gateways apply normally (no suicide bar anywhere in family-pension gateways — verified). Grief ≠ disqualification here.<br><br><b>Hinglish:</b> Khudkushi-gratuity-milti.<br><br><b>Ref:</b> Rule 45(2); Rule 50; Rule 50(1)(17)-(17),CCS_Pension Rule_45 Death_Gratuity Evaluation CCS_Pension::Rule_45 Priority::High,CCS_Pension_Rules_2021::04_Pension_Gratuity_Rules_44_to_49,Basic,HIGH,Rule 45(2),CCS21-cb856b81
"SCENARIO — Retired 2022 (emoluments 40K), drew 3L total, dies 2028 (6y later). Residuary?",<b>Rule:</b> NO — gratuity gate = death WITHIN 5 YEARS of retirement. Year-6 death closes it regardless of deficiency.<br><br><b>Hinglish:</b> 5-saal-paar-bahaa.<br><br><b>Ref:</b> Rule 45(3),CCS_Pension Rule_45 Residuary_Gratuity Evaluation CCS_Pension::Rule_45 Priority::High,CCS_Pension_Rules_2021::04_Pension_Gratuity_Rules_44_to_49,Basic,HIGH,Rule 45(3),CCS21-696f0011
SCENARIO — Gratuity computed on pay WITHOUT DA (DA 60% ignored). Valid?,<b>Rule:</b> NO — the gratuity rule's sub-rule: DA AS ON death/retirement date JOINS gratuity base (+ average-if-pay-reduced rule). Ignoring DA understates ~37.5%.<br><br><b>Hinglish:</b> Gratuity-DA-samet.<br><br><b>Ref:</b> Rule 45(6),CCS_Pension Rule_45 Emoluments Evaluation CCS_Pension::Rule_45 Priority::High,CCS_Pension_Rules_2021::04_Pension_Gratuity_Rules_44_to_49,Basic,HIGH,Rule 45(6),CCS21-0fe60c0d
SCENARIO — Pay reduced last month (penalty); gratuity on reduced pay. Valid?,<b>Rule:</b> NO — the gratuity rule's sub-rule: use AVERAGE if pay reduced. Penalty-month must not shrink gratuity.<br><br><b>Hinglish:</b> Ghata-vetan-average.<br><br><b>Ref:</b> Rule 45(6); Rule 32,CCS_Pension Rule_45 Evaluation CCS_Pension::Rule_45 Priority::Medium,CCS_Pension_Rules_2021::04_Pension_Gratuity_Rules_44_to_49,Basic,MEDIUM,Rule 45(6),CCS21-36364594
"SCENARIO — 12y QS retiree claims 'pension OR gratuity, higher one'. Decide.","<b>Rule:</b> REJECT framing — pension + gratuity are ADDITION (both), never alternative. Only &lt;10y faces substitute-logic (service gratuity INSTEAD of pension).<br><br><b>Hinglish:</b> Dono-milte-chunna-nahi.<br><br><b>Ref:</b> Rule 44; Rule 45; Rule 45(1)(a)",CCS_Pension Rule_44 Rule_45 Comparison Evaluation CCS_Pension::Rule_44 Priority::Critical,CCS_Pension_Rules_2021::04_Pension_Gratuity_Rules_44_to_49,Basic,CRITICAL,Rule 44; Rule 45,CCS21-46d995de
"SCENARIO — Bachelor nominates FRIEND for gratuity (Form 3), marries + has child, dies without fresh nomination. Friend claims. Decide.",<b>Rule:</b> REJECT — the gratuity-nomination rule's sub-rule: family ACQUIRED → ENTIRE outsider nomination INVALID. Gratuity routes via gratuity-distribution family (widow + child Group-1).<br><br><b>Hinglish:</b> Parivaar-aaya-dost-gaya.<br><br><b>Ref:</b> Rule 46(5)(a); Rule 47; Rule 46(5); Rule 46(a),CCS_Pension Rule_46 Nomination Evaluation CCS_Pension::Rule_46 Priority::Critical,CCS_Pension_Rules_2021::04_Pension_Gratuity_Rules_44_to_49,Basic,CRITICAL,Rule 46(5)(a),CCS21-eb52992b
SCENARIO — Widower (sole family: minor son) nominates son + outsider as ALTERNATE. Son survives. Outsider claims alternate share. Decide.,<b>Rule:</b> REJECT alternate — the gratuity-nomination rule's sub-rule: single-member + outsider-alternate → ALTERNATE-ONLY invalid; primary (son) stands. Primary + alternate are severable here (contrast 's total kill).<br><br><b>Hinglish:</b> Akela-alternate-gaya-mool-raha.<br><br><b>Ref:</b> Rule 46(5)(b); Rule 46(5); Rule 46(b); Rule 46(a),CCS_Pension Rule_46 Evaluation CCS_Pension::Rule_46 Priority::High,CCS_Pension_Rules_2021::04_Pension_Gratuity_Rules_44_to_49,Basic,HIGH,Rule 46(5)(b),CCS21-c1fb5076
"SCENARIO — Nomination: wife 50%, son 30%, daughter 20%. Wife predeceases (no alternate). Shares?",<b>Rule:</b> Gratuity Distribution rule: wife's 50% RE-POOLS to eligible survivors@death-date (son + daughter); son/daughter take own + re-pooled slices (double-take). the gratuity-nomination rule's sub-rule alternate-absent → fresh nomination was due but death intervened.<br><br><b>Hinglish:</b> Mara-hissa-jeete-baanto.<br><br><b>Ref:</b> Rule 47(2); Rule 46(4); Rule 47(4),CCS_Pension Rule_47 Application CCS_Pension::Rule_47 Priority::High,CCS_Pension_Rules_2021::04_Pension_Gratuity_Rules_44_to_49,Basic,HIGH,Rule 47(2),CCS21-9a976ba6
"SCENARIO — Servant CANCELS nomination in writing but files NO fresh one, then dies with family. Effect?",<b>Rule:</b> Gratuity Nomination rule: cancellation needs writing + FRESH nomination; writing-alone kills the old → NO subsisting nomination → gratuity-distribution family ladder applies (not lapse — family EXISTS).<br><br><b>Hinglish:</b> Radd-akela-parivaar-seedhi.<br><br><b>Ref:</b> Rule 46(7); Rule 47(1)(b),CCS_Pension Rule_46 Evaluation CCS_Pension::Rule_46 Priority::High,CCS_Pension_Rules_2021::04_Pension_Gratuity_Rules_44_to_49,Basic,HIGH,Rule 46(7),CCS21-80499088
SCENARIO — Nomination handed to HoO's clerk; HoO never countersigns; servant dies. Effective?,"<b>Rule:</b> SETTLED on bare text — the gratuity-nomination rule's sub-rule (10): effective ON RECEIPT BY HoO; the gratuity-nomination rule's sub-rule countersign/custody/entry/copy is subsequent HoO DUTY — HoO's default cannot defeat the servant.<br><br><b>Hinglish:</b> Milna-kaafi-daftar-kasoor.<br><br><b>Ref:</b> Rule 46(9), (10); Rule 46(10); Rule 46(9)",CCS_Pension Rule_46 Evaluation CCS_Pension::Rule_46 Priority::High,CCS_Pension_Rules_2021::04_Pension_Gratuity_Rules_44_to_49,Basic,HIGH,"Rule 46(9), (10)",CCS21-20aba2cb
SCENARIO — Non-gazetted nomination countersigned by the HoO personally. Valid?,"<b>Rule:</b> YES (and safer) — the gratuity-nomination rule's sub-rule: subordinate Gazetted Officers MAY countersign for non-gazetted; HoO countersigning exceeds the minimum. Floor, not ceiling.<br><br><b>Hinglish:</b> HoO-seal-behtar.<br><br><b>Ref:</b> Rule 46(9)",CCS_Pension Rule_46 Evaluation CCS_Pension::Rule_46 Priority::Medium,CCS_Pension_Rules_2021::04_Pension_Gratuity_Rules_44_to_49,Basic,MEDIUM,Rule 46(9),CCS21-45bc998a
"SCENARIO — Married daughter + dependent mother survive (no Group-1, no nomination). Order?",<b>Rule:</b> EQUAL SHARES — mother + married daughter are BOTH Group-2 (the gratuity-distribution rule's sub-rule: 'to all such members in equal shares'): HALF each. CORRECTION: no intra-group precedence; old 'mother takes ALL' reading was wrong.<br><br><b>Hinglish:</b> Maa-pehle-byahi-baad.<br><br><b>Ref:</b> Rule 47(1)(b); Rule 47(1)(b)(ii); Rule 47(vii); Rule 47(viii); Rule 47(1); Rule 47(b); Rule 47(ii),CCS_Pension Rule_47 Application CCS_Pension::Rule_47 Priority::High,CCS_Pension_Rules_2021::04_Pension_Gratuity_Rules_44_to_49,Basic,HIGH,Rule 47(1)(b),CCS21-d088d01a
SCENARIO — Retiree's gratuity sanctioned but undisbursed; he dies; nominee + widow both claim. Who?,"<b>Rule:</b> NOMINEE (gratuity-distribution first) — gratuity-distribution sends undisbursed gratuity down the SAME ladder: nominee beats family. Widow takes only if NO nominee/subsisting nomination.<br><br><b>Hinglish:</b> Nominee-pehle-vidva-baad.<br><br><b>Ref:</b> Rule 47(1)(a), (3); Rule 47(1)(a); Rule 47(3); Rule 47(1)",CCS_Pension Rule_47 Evaluation CCS_Pension::Rule_47 Priority::High,CCS_Pension_Rules_2021::04_Pension_Gratuity_Rules_44_to_49,Basic,HIGH,"Rule 47(1)(a), (3)",CCS21-4415c18c
SCENARIO — Son CHARGED with father's murder claims gratuity share 'at once'. Decide.,"<b>Rule:</b> FREEZE — the murder-taint rule's sub-rule: charge SUSPENDS his share till proceedings conclude; others' shares flow. Conviction → DEBARRED, share to remaining 'if any' (the murder-taint rule's sub-rule ); acquittal → RESTORED.<br><br><b>Hinglish:</b> Ilzaam-rok-sazaa-gaya-bari-wapas.<br><br><b>Ref:</b> Rule 48(1), (2); Rule 48(1); Rule 48(2)(a); Rule 48(2); Rule 48(a); Rule 48(b)",CCS_Pension Rule_48 Evaluation CCS_Pension::Rule_48 Priority::High,CCS_Pension_Rules_2021::04_Pension_Gratuity_Rules_44_to_49,Basic,HIGH,"Rule 48(1), (2)",CCS21-da79cb42
SCENARIO — Sole eligible claimant convicted of abetting the servant's SUICIDE. Gratuity?,<b>Rule:</b> DEBARRED — murder-taint explanation INCLUDES suicide-abetment; the murder-taint rule: share to remaining 'IF ANY' — none here → lapses per lapse logic (no payee). Acquittal would restore.<br><br><b>Hinglish:</b> Khudkushi-uksao-hissa-gaya.<br><br><b>Ref:</b> Rule 48(2); Rule 48(2)(a); Rule 48; Rule 49; Rule 48(b),CCS_Pension Rule_48 CCS_Pension::Rule_48 Priority::High,CCS_Pension_Rules_2021::04_Pension_Gratuity_Rules_44_to_49,Basic,HIGH,Rule 48(2),CCS21-dcaa1098
SCENARIO — Murder-freeze on the gratuity-distribution rule's sub-rule (3) post-retirement undisbursed gratuity: murder-taint applies?,"<b>Rule:</b> YES — murder-taint extends the bar to gratuity. Taint follows the money, not the timing.<br><br><b>Hinglish:</b> Daag-paisa-peeche.<br><br><b>Ref:</b> Rule 48(3); Rule 48; Rule 47(3)",CCS_Pension Rule_48 Rule_47 Synthesis CCS_Pension::Rule_48 Priority::Medium,CCS_Pension_Rules_2021::04_Pension_Gratuity_Rules_44_to_49,Basic,MEDIUM,Rule 48(3),CCS21-0d45347a
SCENARIO — Issueless widow dies before claiming; no nomination; distant cousin holds succession certificate. Gratuity?,"<b>Rule:</b> COUSIN PAID — the lapse rule: no family + no/subsisting nomination → LAPSE, but proviso pays on SUCCESSION CERTIFICATE. Certificate converts lapse into payment. (Pension never — the lapse rule = gratuity ONLY.)<br><br><b>Hinglish:</b> Court-patra-paisa.<br><br><b>Ref:</b> Rule 49",CCS_Pension Rule_49 Application CCS_Pension::Rule_49 Priority::High,CCS_Pension_Rules_2021::04_Pension_Gratuity_Rules_44_to_49,Basic,HIGH,Rule 49,CCS21-9f903dad
"SCENARIO — No family, no nomination, no certificate: HoO pays 'family pension' to cousin. Valid?","<b>Rule:</b> NO — lapse GRATUITY to Govt; FP needs TIERS (cousin isn't in the family-pension rule's sub-rule ). Cousin gets NOTHING without certificate (and even then, gratuity only).<br><br><b>Hinglish:</b> Chachera-khaali.<br><br><b>Ref:</b> Rule 49; Rule 50(6); Rule 50; Rule 49(6)",CCS_Pension Rule_49 Evaluation CCS_Pension::Rule_49 Priority::High,CCS_Pension_Rules_2021::04_Pension_Gratuity_Rules_44_to_49,Basic,HIGH,Rule 49,CCS21-0fc6265e
PIPELINE — Death gratuity end-to-end: compute → route → police → process → advance. Recite with one gate each.,"<b>Rule:</b> slab + DA-base + 25L → nominee?/distribution groups → murder taint?/lapse? → the death-intimation rule Format-11/Form-9 + death-forwarding bundle → the death-payment rule's sub-rule 100%-after-forwarding. Five gates, zero skips.<br><br><b>Hinglish:</b> Gino-bhejo-rok-kagaz-advance.<br><br><b>Ref:</b> Rules 45-49, 71-77; Rules 71-77; Rule 45(1)(b); Rule 75(5)",CCS_Pension Death_Gratuity Synthesis Priority::Critical,CCS_Pension_Rules_2021::01_Preliminary_Rules_01_to_10,Basic,CRITICAL,Rules 45; 46; 47; 48; 49; 71–77,CCS21-3f118bbc
"SPEED — QS ladder, six rungs with provisions?","<b>Answer:</b> 1y-family-pension gateway; 5y-gratuity (+4y9m); 10y-pension (+9y9m); 18y-verification timeline; 20y-voluntary-retirement vr (NO rounding); 30y-premature retirement. 1-5-10-18-20-30.<br><br><b>Ref:</b> Rules 50, 45, 44, 30, 43, 42; Rule 50; Rule 45; Rule 44; Rule 30; Rule 43; Rule 42",CCS_Pension Threshold Qualifying_Service Mnemonic Priority::Critical,CCS_Pension_Rules_2021::01_Preliminary_Rules_01_to_10,Basic,CRITICAL,Rules 50; 45; 44; 30; 43; 42,CCS21-e480a3e0
SPEED — Near-miss twins: numbers + gates + the odd one out?,<b>Answer:</b> 4y9m→5y GRATUITY; 9y9m→10y PENSION. Odd: voluntary-retirement allows NO rounding (fourth proviso).<br><br><b>Ref:</b> Rule 45; Rule 44; Rule 43; Rule 43-20y,CCS_Pension Near_Miss Threshold Priority::Critical,CCS_Pension_Rules_2021::04_Pension_Gratuity_Rules_44_to_49,Basic,CRITICAL,Rule 45; Rule 44; Rule 43,CCS21-088d29b6
SPEED — Amount ladder: six figures + owners?,"<b>Answer:</b> 9K pension/FP floor; 75K ordinary-FP max; 1.25L pension+enhanced-FP max; 20L rule/25L operative gratuity cap; 54K Board-gate; 14.4K FP-income test (VOLATILE). 75K/125K PIB-confirmed.<br><br><b>Last verified:</b> 2026-09-20<br><br><b>Ref:</b> Rules 44, 50, 45, 39, 52",CCS_Pension Threshold Floor Ceiling Priority::Critical,CCS_Pension_Rules_2021::01_Preliminary_Rules_01_to_10,Basic,CRITICAL,Rules 44; 50; 45; 39; 52,CCS21-80be22ca
SPEED — 7-day clocks: which two?,<b>Answer:</b> death-DoE intimation; death-dues DoE + NDC request. Both death-track openers.<br><br><b>Ref:</b> Rule 71; Rule 77; Rule 71(4)(c); Rule 77(1)(i),CCS_Pension Timeline Threshold Priority::High,CCS_Pension_Rules_2021::08_Death_Cases_Rules_71_to_79,Basic,HIGH,Rule 71(4)(c); Rule 77(1)(i),CCS21-18f898ee
SPEED — 10-day clocks: four?,"<b>Answer:</b> retirement-list ao-intimation; DoE-dues hoo-action; superannuation provisional; authorisation cpao seal. 54-55-62-80.<br><br><b>Ref:</b> Rules 54, 55, 62, 80; Rule 62(4); Rule 54(3); Rule 55(3); Rule 80(3)",CCS_Pension Timeline Threshold Priority::High,CCS_Pension_Rules_2021::01_Preliminary_Rules_01_to_10,Basic,HIGH,Rules 54; 55; 62; 80,CCS21-ae923104
SPEED — 14-day vs 15-day clocks?,"<b>Answer:</b> 14d: withholding ndc (vacation + issue). 15d: invalid-pension medic-request; the voluntary-retirement rule cert/withdrawal; death-payment provisional-FP; authorisation pda. NDC-14, rest-15.<br><br><b>Ref:</b> Rules 68, 39, 43, 75, 80; Rule 68; Rule 39(3); Rule 75(1); Rule 80(4); Rule 43",CCS_Pension Timeline Threshold Priority::High,CCS_Pension_Rules_2021::01_Preliminary_Rules_01_to_10,Basic,HIGH,Rules 68; 39; 43; 75; 80,CCS21-7bfadb70
SPEED — 30-day vs 45-day clocks?,"<b>Answer:</b> 30d: invalid-pension examination; commercial-employment representation; assessment-other finish. 45d: invalid grant; pension-payment other-PPO.<br><br><b>Ref:</b> Rules 39, 9, 69, 63; Rule 69(2); Rule 39(4); Rule 9(7); Rule 39(8); Rule 63(1)(b)",CCS_Pension Timeline Threshold Priority::High,CCS_Pension_Rules_2021::01_Preliminary_Rules_01_to_10,Basic,HIGH,Rules 39; 9; 69; 63,CCS21-87a3b2cc
SPEED — 1-month clocks: the death-track constant + two others?,"<b>Answer:</b> the record-verification rule's sub-rule, the FP-settlement rule, the death-forwarding rule, the payment rule's sub-rule /the payment rule, the pensioner-death rule's sub-rule, the authorisation rule's sub-rule / + provisional-pension-other + the withholding rule's sub-rule. Death = 1-month heartbeat.<br><br><b>Ref:</b> Rule 76(3)(a); Rule 62(4); Rule 72(3); Rule 73; Rule 74; Rule 76(1); Rule 79(2); Rule 80(1); Rule 68(1)(b)",CCS_Pension Timeline Threshold Priority::High,CCS_Pension_Rules_2021::01_Preliminary_Rules_01_to_10,Basic,HIGH,Rules 72; 73; 74; 76; 79; 80; 62; 68,CCS21-8243a2bc
SPEED — 2-month clocks: six?,<b>Answer:</b> calendar other-office reply; case-build event-case; pension-payment advance-ppo; interest payout; revision notice; the withholding rule's sub-rule superannuation-DoE. Retirement = 2-month heartbeat.<br><br><b>Ref:</b> Rule 58; Rule 33; Rule 57; Rule 59; Rule 60; Rule 63(1)(a); Rule 65(3); Rule 66; Rule 68(1)(a),CCS_Pension Timeline Threshold Priority::High,CCS_Pension_Rules_2021::01_Preliminary_Rules_01_to_10,Basic,HIGH,Rules 57; 59; 60; 63; 65; 66; 68,CCS21-0c5bfc2f
SPEED — 3-month clocks: five?,<b>Answer:</b> compulsory-retirement final; mercy decision; premature-retirement notice; interest tripwire; the PSU-absorption rule 3-month option. 40-41-premature-retirement/voluntary-retirement-80-37.<br><br><b>Ref:</b> Rule 42; Rule 43; Rule 40(4); Rule 41(2); Rule 80(1); Rule 37,CCS_Pension Timeline Threshold Priority::High,CCS_Pension_Rules_2021::01_Preliminary_Rules_01_to_10,Basic,HIGH,Rules 40; 41; 42; 43; 80; 37,CCS21-ed5425ba
SPEED — 4-month vs 6-month vs 8-month: owners?,"<b>Answer:</b> 4mo: calendar-case forwarding. 6mo: transfer election, leave-counting late-entry, compassionate-allowance window, missing-persons bars, calendar filing, provisional-pension cap, death-payment run. 8mo: the DoE-dues rule/calendar/withholding/assessment retirement engine.<br><br><b>Ref:</b> Rule 57; Rule 68; Rule 69; Rule 59; Rule 60; Rule 4; Rule 21; Rule 41; Rule 51; Rule 76; Rule 62; Rule 75; Rule 55",CCS_Pension Timeline Threshold Priority::High,CCS_Pension_Rules_2021::01_Preliminary_Rules_01_to_10,Basic,HIGH,Multiple rules,CCS21-455547fe
SPEED — Year clocks: 1y / 2y / 7y / 10y owners?,"<b>Answer:</b> 1y: commercial-employment cooling, the DoE-dues rule/preparation/assessment start, audit. 2y: PSU-absorption repatriation, DoPPW. 7y: the family-pension rule's sub-rule, the missing-persons rule's sub-rule. 10y: the family-pension rule's sub-rule.<br><br><b>Ref:</b> Rule 56; Rule 69; Rule 9; Rule 72; Rule 37; Rule 66; Rule 55; Rule 50(2)(a)(iii); Rule 51(8)(b); Rule 50(2)(a)(ii)",CCS_Pension Timeline Threshold Priority::High,CCS_Pension_Rules_2021::01_Preliminary_Rules_01_to_10,Basic,HIGH,Multiple rules,CCS21-403aa5a8
SPEED — Odd clocks: 36mo / 120d / 31-Jan / 1-week?,"<b>Answer:</b> 36mo: civil-return refund instalments. 120d: 2024 amendment force. 31-Jan: verification-timeline secretary report. 1-week: retirement notice.<br><br><b>Ref:</b> Rules 19, 20, 30, 70; G.S.R. 410(E); Rule 19; Rule 20; Rule 30(5); Rule 70(1)",CCS_Pension Timeline Threshold Priority::High,CCS_Pension_Rules_2021::01_Preliminary_Rules_01_to_10,Basic,HIGH,Rules 19; 20; 30; 70,CCS21-5fd536ee
SPEED — Percent ladder: 10 / 20-100 / 30 / 50 / 2-3 / 60 / 100?,<b>Answer:</b> 10% holds (provisional-pension/withholding/death-forwarding/death-dues). 20-100 age slabs (pension/family-pension). 30% ordinary FP. 50% pension+enhanced+the invalid-pension rule's sub-rule. 2/3 compulsory-floor/compassionate-cap. 60% DR now (VOLATILE). 100% provisional/the death-payment rule.<br><br><b>Last verified:</b> 2026-09-20<br><br><b>Ref:</b> Rule 44(6); Rule 50(3); Rule 62; Rule 68; Rule 74; Rule 77; Rule 40; Rule 41; Rule 39(9); Rule 75(5),CCS_Pension Threshold Mnemonic Priority::Critical,CCS_Pension_Rules_2021::01_Preliminary_Rules_01_to_10,Basic,CRITICAL,Multiple rules,CCS21-795bdfde
SPEED — Multiplier ladder: 2 / 6 / 12 / 16.5 / 20 / 33?,<b>Answer:</b> Death slabs 2×(&lt;1y) 6×(1-5) 12×(5-11) 20×(11-20) 33×-max(20y+); 16.5× retirement cap; +12× residuary benchmark (the gratuity rule's sub-rule ).<br><br><b>Ref:</b> Rule 45; Rule 45(3),CCS_Pension Threshold Gratuity Mnemonic Priority::Critical,CCS_Pension_Rules_2021::04_Pension_Gratuity_Rules_44_to_49,Basic,CRITICAL,Rule 45,CCS21-8e6ab68d
SPEED — Authorities: withholding (3) + interest (2) + revision-concurrence (1) + waiver (1)?,"<b>Answer:</b> President/Secretary/C&amp;AG; Secretary/Joint-Secretary SHALL; DoPPW 2y+; MoF-Exp waiver (the revision rule's sub-rule ).<br><br><b>Ref:</b> Rules 8, 65, 66; Rule 8; Rule 65; Rule 66; Rule 66(4)",CCS_Pension Threshold Priority::High,CCS_Pension_Rules_2021::01_Preliminary_Rules_01_to_10,Basic,HIGH,Rules 8; 65; 66,CCS21-ff6ab168
SPEED — Paper-chain authorities: HoO / AO / CPAO / PDA / DoE / UPSC roles in one breath?,"<b>Answer:</b> HoO builds+forwards+provisions; AO audits+PPOs; CPAO seals (10d); PDA pays (15d); DoE dues+NDC; UPSC consulted (the conduct rule, the proceedings rule-President, less-than-full compulsory-retirement).<br><br><b>Ref:</b> Rule 40; Rule 7; Rule 8",CCS_Pension Threshold Priority::High,CCS_Pension_Rules_2021::01_Preliminary_Rules_01_to_10,Basic,HIGH,Multiple rules,CCS21-db365f1c
SPEED — Verbatim phrases: 'whichever is ___' × 5 with provisions?,"<b>Answer:</b> EARLIER the preparation rule; LATER the missing-persons rule's sub-rule /, the provisional-pension rule's sub-rule, the pensioner-death rule's sub-rule; LATEST the missing-persons rule's sub-rule, the payment rule's sub-rule; LESS the family-pension rule's sub-rule; MORE-BENEFICIAL the average-emoluments rule, the invalid-pension rule's sub-rule.<br><br><b>Ref:</b> Rule 56; Rule 69; Rule 51(2)(b); Rule 62(6)(a); Rule 79(3)(iv); Rule 51(1)(b); Rule 76(3)(e); Rule 50(2)(a)(iii); Rule 32; Rule 44; Rule 39(9)",CCS_Pension Terminology Exam_Trap Priority::Critical,CCS_Pension_Rules_2021::01_Preliminary_Rules_01_to_10,Basic,CRITICAL,Multiple rules,CCS21-9ffcdd6d
SPEED — Verbatim verbs: 'may' × 4 vs 'shall' × 3?,"<b>Answer:</b> MAY: premature-retirement notice, VR, gratuity-nomination outsider, DR. SHALL: gratuity-nomination family, interest, PSU-absorption forfeit (+ voluntary-retirement auto, family-pension auto).<br><br><b>Ref:</b> Rule 42(2); Rule 43(1); Rule 46(2)(ii); Rule 52(1); Rule 46(2)(i); Rule 65(2); Rule 37(29)(c); Rule 43(2); Rule 50(2)(b)",CCS_Pension Terminology Exam_Trap Priority::High,CCS_Pension_Rules_2021::01_Preliminary_Rules_01_to_10,Basic,HIGH,Multiple rules,CCS21-5f7f1d80
SPEED — Reverse lookup: 4y9m / 9y9m / 16.5× / 33× / 36mo / 120d → provisions?,<b>Answer:</b> 4y9m the gratuity rule; 9y9m the pension rule's sub-rule; 16.5× the gratuity rule's sub-rule; 33× the gratuity rule's sub-rule; 36mo the civil-return rule; 120d G.S.R. 410(E).<br><br><b>Ref:</b> Rule 45; Rule 44(8); Rule 45(1)(a); Rule 45(1)(b); Rule 19; Rule 20,CCS_Pension Threshold Exam_Trap Priority::High,CCS_Pension_Rules_2021::01_Preliminary_Rules_01_to_10,Basic,HIGH,Multiple rules,CCS21-689d6905
SPEED — Reverse lookup: Rs 9K / 75K / 1.25L / 20L / 25L / 54K / 14.4K → owners?,<b>Answer:</b> 9K the pension rule+family-pension floors; 75K ordinary-FP max; 1.25L pension+enhanced max; 20L rule-text gratuity; 25L operative (OM 30.05.24); 54K Board; 14.4K family-pension income @60% DR.<br><br><b>Ref:</b> Rule 50; Rule 39; Rule 44,CCS_Pension Threshold Floor Ceiling Priority::High,CCS_Pension_Rules_2021::01_Preliminary_Rules_01_to_10,Basic,HIGH,Multiple rules,CCS21-25378baf
SPEED — Reverse lookup: 7d / 10d / 14d / 15d / 30d / 45d → flagship owners?,<b>Answer:</b> 7d DoE; 10d superannuation/authorisation-CPAO; 14d NDC; 15d the death-payment rule/authorisation-PDA/invalid-pension-req; 30d invalid-pension-exam/commercial-employment-rep; 45d invalid-pension-grant/pension-payment-PPO.<br><br><b>Ref:</b> Rule 62; Rule 80; Rule 39; Rule 9; Rule 63; Rule 71; Rule 77; Rule 68; Rule 75,CCS_Pension Timeline Threshold Priority::High,CCS_Pension_Rules_2021::01_Preliminary_Rules_01_to_10,Basic,HIGH,Multiple rules,CCS21-a4f9adaf
SPEED — Pair-contrast lightning: civil-return-vs-military-counting / premature-retirement-vs-voluntary-retirement / pension-vs-gratuity / gratuity-nomination twins / Group-1-vs-2 / murder-taint-vs-lapse / family-pension twins / calendar-vs-event / provisional-pension-vs-pension-payment / deputation-cases-vs-death-deputation — one word each?,"<b>Answer:</b> capped-FREE; authority-RIGHT; substitute-ADDITION; whole-PART; spouse-PARENTS; taint-VACUUM; decade-CAPPED7/67; calendar-EVENT; lifeline-FINAL; retire-DEATH.<br><br><b>Ref:</b> Rules 19, 20; Rules 42, 43; Rules 44, 45; Rules 48, 49; Rules 57, 58; Rules 62, 63; Rules 64, 78; Rule 46(5)(a)-(b); Rule 47 (Groups 1, 2); Rule 50(ii)-(iii)",CCS_Pension Comparison Mnemonic Priority::High,CCS_Pension_Rules_2021::01_Preliminary_Rules_01_to_10,Basic,HIGH,Multiple rules,CCS21-892c5862
SPEED — Form-number lightning: 1 / 3 / 6-A / 7 / 8 / 9 / 10 / 11 / 12?,"<b>Answer:</b> 1 commercial-employment-permit; 3 gratuity-nomination; 6-A retire-file; 7 pension-case; 8 spouse-req; 9 death-gratuity; 10 FP-claim; 11 death-case; 12 PDA-claim. (+2 checklist, +4 family, +6 nominee, +13 see Format-13.)<br><br><b>Ref:</b> Rule 9; Rule 46",CCS_Pension Form Mnemonic Priority::High,CCS_Pension_Rules_2021::01_Preliminary_Rules_01_to_10,Basic,HIGH,Multiple rules,CCS21-8e35fa4b
SPEED — Format-number lightning: 1 / 4 / 5 / 6 / 8 / 9 / 10 / 11 / 12 / 13?,<b>Answer:</b> 1 commercial-employment-format; 4 verification-timeline-QS; 5 relieve; 6 medic-cert; 8 indemnity; 9 bank-vow; 10 cover-letter; 11 invite-gratuity; 12 invite-pension; 13 sanction. (2 sanction-post-retire-proceedings; 3 memorandum; 7 guardian-indemnity-minor — ALL mapped.)<br><br><b>Ref:</b> Rule 9; Rule 30,CCS_Pension Format Mnemonic Priority::High,CCS_Pension_Rules_2021::01_Preliminary_Rules_01_to_10,Basic,HIGH,Multiple rules,CCS21-0eb66b35
SPEED — Count lightning: chapters / rules / amendments / exclusions / definitions / authorities / gratuity-types / death-slabs / FP-tiers / child-cats / savings?,"<b>Answer:</b> 14 / 87 / 3 / 8 / 26 / 3 / 4 / 5 / 4 / 3 / 5. (+13 Forms, +13 Formats, +3 gateways, +2 FP rates, +5 age slabs.)<br><br><b>Ref:</b> Instrument",CCS_Pension Visual_Summary Mnemonic Priority::High,CCS_Pension_Rules_2021::01_Preliminary_Rules_01_to_10,Basic,HIGH,Instrument,CCS21-bee8cf49
CORRECTION — The DR rule's sub-rule (2): the DR bar on re-employment covers permanent/immediate absorption too — true or false? (Old card said EXCEPT.),<b>Rule:</b> TRUE — bar applies 'including permanent absorption or immediate absorption'. Absorbed pensioners lose DR; rescue ONLY via the 3-condition proviso. The old 'EXCEPT absorption' card was WRONG and is deleted.<br><br><b>Hinglish:</b> Absorption-bhi-rok — bachav-sirf-3-shart.<br><br><b>Ref:</b> Rule 52(2) bare text; Rule 52(2),CCS_Pension Rule_52 Re_Employment Correction Bare_Text_Verified CCS_Pension::Rule_52 Priority::Critical,CCS_Pension_Rules_2021::05_Family_Pension_DR_Rules_50_to_52,Basic,CRITICAL,Rule 52(2) — G.S.R. 868(E),CCS21-07494532
The DR rule's sub-rule (2) proviso continues DR on re-employment/absorption only if{{c1::pre-re-employment post was non-Group-A}}+{{c2::pay fixed at minimum of scale AND that minimum &lt; last-drawn pay}}+{{c3::entire pension ignored in pay fixation}}.,<b>Rule:</b> All 3 cumulative; (i) mirror text truncated ('he was not…') — content confirmed by DR certificate limb + DoPPW paraphrase; exact Gazette words re-check on egazette.<br><br><b>Hinglish:</b> Chhota-post + minimum-pay + pension-ignore = DR-jaari.<br><br><b>Ref:</b> Rule 52(2) proviso; Rule 52(2); Rule 52(3)(i),CCS_Pension Rule_52 Re_Employment Bare_Text_Verified CCS_Pension::Rule_52 Priority::Critical,CCS_Pension_Rules_2021::05_Family_Pension_DR_Rules_50_to_52,Cloze,CRITICAL,Rule 52(2) proviso,CCS21-97b166a4
"The DR rule's sub-rule (3): DR during re-employment needs a certificate from whom, confirming which 3 limbs?",<b>Rule:</b> From the re-employing authority: (i) civil post NOT in Group-A pay at minimum of scale &lt; pre-retirement pay ENTIRE pension/CA ignored — 'no part taken into account'.<br><br><b>Hinglish:</b> Dobara-naukri-par-DR = praman-patra-3-shart.<br><br><b>Ref:</b> Rule 52(3); Rule 52(ii); Rule 52(iii),CCS_Pension Rule_52 Re_Employment Bare_Text_Verified CCS_Pension::Rule_52 Priority::High,CCS_Pension_Rules_2021::05_Family_Pension_DR_Rules_50_to_52,Basic,HIGH,Rule 52(3),CCS21-f4660fc5
"SCENARIO — Absorbed into a PSU with pay fixed at minimum (below last pay), full pension ignored, pre-absorption post Group-B. DR during absorption?",<b>Rule:</b> PAYABLE — absorption is inside the DR bar but all 3 proviso conditions met + DR certificate → DR continues.<br><br><b>Hinglish:</b> Absorption-par-rok-laga-par-3-shart-ne-bachaya.<br><br><b>Ref:</b> Rule 52(2) proviso; Rule 52(3); Rule 52(2),CCS_Pension Rule_52 Re_Employment Application Bare_Text_Verified CCS_Pension::Rule_52 Priority::High,CCS_Pension_Rules_2021::05_Family_Pension_DR_Rules_50_to_52,Basic,HIGH,"Rule 52(2), (3)",CCS21-68473d7d
SCENARIO — Re-employed widow draws salary + family pension. Full DR on the family pension?,<b>Rule:</b> YES — the DR rule's sub-rule: NOTHING in / applies to family pensioners; employed family pensioner keeps full DR.<br><br><b>Hinglish:</b> Vidva-naukri-kare to FP+DR-poora.<br><br><b>Ref:</b> Rule 52(4); Rule 52(2); Rule 52(3),CCS_Pension Rule_52 Family_Pensioner Bare_Text_Verified CCS_Pension::Rule_52 Priority::High,CCS_Pension_Rules_2021::05_Family_Pension_DR_Rules_50_to_52,Basic,HIGH,Rule 52(4),CCS21-8ea57309
CORRECTION — The family-pension rule's sub-rule (14) is NOT 'additional-pensioner admin'. What does it actually contain?,<b>Rule:</b> the family-pension rule dual-parent Form-10 declaration + HoO cap-duty; all 4 clauses MURDER/ABETMENT bar: hold → pay other member from day-after-death; charged parent CANNOT be minor's guardian; conviction = debarred; acquittal = payable from acquittal; applies post-retirement too; includes abetment of suicide. Old card deleted.<br><br><b>Hinglish:</b> the family-pension rule = hatya-rok + do-mata-pita-ghoshna.<br><br><b>Ref:</b> Rule 50(14) bare text; Rule 50(14); Rule 50(a)(b); Rule 50(c)-(f),CCS_Pension Rule_50 Correction Bare_Text_Verified CCS_Pension::Rule_50 Priority::Critical,CCS_Pension_Rules_2021::05_Family_Pension_DR_Rules_50_to_52,Basic,CRITICAL,Rule 50(14) — G.S.R. 868(E),CCS21-55524fac
"The family-pension rule's sub-rule (14)all 2 clauses: person eligible for FP is CHARGED with murdering the servant — pay FP? To whom, from when?","<b>Rule:</b> HOLD the charged person's FP till proceedings conclude; meanwhile pay OTHER eligible member from the DATE FOLLOWING DEATH.<br><br><b>Hinglish:</b> Aaropi-ka-hissa-ruk — doosre-ko-maut-ke-agley-din-se.<br><br><b>Ref:</b> Rule 50(14)(c), (d); Rule 50(14); Rule 50(c)-(d)",CCS_Pension Rule_50 Murder_Bar Bare_Text_Verified CCS_Pension::Rule_50 Priority::Critical,CCS_Pension_Rules_2021::05_Family_Pension_DR_Rules_50_to_52,Basic,CRITICAL,"Rule 50(14)(c), (d)",CCS21-7033b082
The family-pension rule's sub-rule (14)(d) proviso: charged spouse + only other eligible member is a MINOR child — who draws the FP?,<b>Rule:</b> Minor draws through a DULY APPOINTED guardian — the charged mother/father SHALL NOT act as guardian for drawal.<br><br><b>Hinglish:</b> Aaropi-maa-baap-sarparast-nahi.<br><br><b>Trap:</b> Natural guardian is bypassed here.<br><br><b>Ref:</b> Rule 50(14)(d) proviso; Rule 50(14),CCS_Pension Rule_50 Murder_Bar Exam_Trap Bare_Text_Verified CCS_Pension::Rule_50 Priority::Critical,CCS_Pension_Rules_2021::05_Family_Pension_DR_Rules_50_to_52,Basic,CRITICAL,Rule 50(14)(d) proviso,CCS21-210525eb
SCENARIO — Charged son acquitted 3 years after the servant's death; FP was being paid to the widow meanwhile. Son's FP starts when?,"<b>Rule:</b> From DATE OF ACQUITTAL; widow's FP discontinued from that date. (If NO other member had been paid, son gets from day-after-death.)<br><br><b>Hinglish:</b> Bari-hone-par-tab-se — peeche-ka-nahi (yadi-kisi-aur-ko-mila).<br><br><b>Ref:</b> Rule 50(14)",CCS_Pension Rule_50 Murder_Bar Application Bare_Text_Verified CCS_Pension::Rule_50 Priority::High,CCS_Pension_Rules_2021::05_Family_Pension_DR_Rules_50_to_52,Basic,HIGH,Rule 50(14)(e),CCS21-77a0f3a4
The family-pension rule's sub-rule (14)(f) + Explanation: post-retirement death + abetment of suicide — covered?,"<b>Rule:</b> YES both — all 3 clauses apply to FP on death AFTER retirement too; 'murder/abetment' INCLUDES abetment of suicide.<br><br><b>Hinglish:</b> Sewanivritt-ke-baad-bhi + aatmahatya-uksaana-bhi.<br><br><b>Ref:</b> Rule 50(14)(f), Explanation; Rule 50(14); Rule 50(c)-(e)",CCS_Pension Rule_50 Murder_Bar Bare_Text_Verified CCS_Pension::Rule_50 Priority::High,CCS_Pension_Rules_2021::05_Family_Pension_DR_Rules_50_to_52,Basic,HIGH,Rule 50(14)(f),CCS21-a0f1b4de
"RESOLVED — The family-pension rule's sub-rule (10): parents get FP for life if{{c1::dependent immediately before death}}; order is{{c2::mother first, failing which father}}.","<b>Rule:</b> Gateway: no eligible widow/widower/child (or all ceased). Includes adoptive parents via the family-pension rule's sub-rule.<br><br><b>Hinglish:</b> Maa-pehle-phir-pita — aajivan-yadi-aashrit.<br><br><b>Ref:</b> Rule 50(10)(a), (b); Rule 50(10); Rule 50(6)(iii); Rule 50(6); Rule 50(iii)",CCS_Pension Rule_50 Dependent_Parents Bare_Text_Verified CCS_Pension::Rule_50 Priority::Critical,CCS_Pension_Rules_2021::05_Family_Pension_DR_Rules_50_to_52,Cloze,CRITICAL,"Rule 50(10)(a), (b)",CCS21-cd32ac97
TRAP — The family-pension rule's sub-rule (10) Explanation: parents deemed dependent if combined income &lt; min-FP + DR 'under sub-rule ___'?,"<b>Rule:</b> Verbatim says 'sub-rule ' — but the minimum (Rs 9,000) is actually prescribed in sub-rule. Quote verbatim; note the cross-ref quirk. Benchmark = Rs 14,400/month at 60% DR (VOLATILE).<br><br><b>Hinglish:</b> Bare-me--likha — minimum-asal-me--me.<br><br><b>Last verified:</b> 2026-09-20<br><br><b>Ref:</b> Rule 50(10) Explanation; Rule 50(10); Rule 50(1); Rule 50(2)",CCS_Pension Rule_50 Dependent_Parents Exam_Trap Bare_Text_Verified CCS_Pension::Rule_50 Priority::High,CCS_Pension_Rules_2021::05_Family_Pension_DR_Rules_50_to_52,Basic,HIGH,Rule 50(10) Explanation,CCS21-41fa91fe
The family-pension rule's sub-rule (10)(c): parents' annual duty + consequence of earning?,<b>Rule:</b> Furnish yearly certificate to PDA of NOT earning livelihood; FP STOPPED if they start earning.<br><br><b>Hinglish:</b> Har-saal-praman — kamane-lage to band.<br><br><b>Ref:</b> Rule 50(10)(c); Rule 50(10),CCS_Pension Rule_50 Dependent_Parents Bare_Text_Verified CCS_Pension::Rule_50 Priority::High,CCS_Pension_Rules_2021::05_Family_Pension_DR_Rules_50_to_52,Basic,HIGH,Rule 50(10)(c),CCS21-0927456b
"RESOLVED — The family-pension rule's sub-rule (13) dual-parent caps: both-enhanced or mixed ={{c1::Rs 1,25,000/month}}; both-normal ={{c2::Rs 75,000/month}}.","<b>Rule:</b> Three limbs, two figures: (i) both at 50% → 1.25L one drops to 30% → still 1.25L both at 30% → 75K.<br><br><b>Hinglish:</b> Badha-hua-shamil to 1.25L; dono-samanya to 75-hazar.<br><br><b>Ref:</b> Rule 50(13); Rule 50(ii); Rule 50(iii)",CCS_Pension Rule_50 Dual_Pension Ceiling Bare_Text_Verified CCS_Pension::Rule_50 Priority::Critical,CCS_Pension_Rules_2021::05_Family_Pension_DR_Rules_50_to_52,Cloze,CRITICAL,Rule 50(13),CCS21-aff50267
The family-pension rule's sub-rule (12)(a): is one FP counted as 'income' blocking a second FP?,<b>Rule:</b> NO — FP on one death is NOT income for FP on another death; only the family-pension combined caps apply.<br><br><b>Hinglish:</b> Ek-parivar-pension-doosri-ka-aaya-nahi.<br><br><b>Ref:</b> Rule 50(12)(a); Rule 50(12); Rule 50(13),CCS_Pension Rule_50 Dual_Pension Bare_Text_Verified CCS_Pension::Rule_50 Priority::High,CCS_Pension_Rules_2021::05_Family_Pension_DR_Rules_50_to_52,Basic,HIGH,Rule 50(12)(a),CCS21-0e879c5b
"The family-pension rule's sub-rule (12)(b): non-spouse claimant proves income via{{c1::last ITR}}→ if none,{{c2::SDM income certificate}}→ if neither,{{c3::HoO decides on any other document}}.",<b>Rule:</b> 3-step ladder; widow/widower exempt (no income test per the family-pension rule's sub-rule ). the family-pension rule: form-10 declaration of other FP + HoO enforces (13) caps.<br><br><b>Hinglish:</b> ITR-nahi to SDM; kuch-nahi to HoO-taya.<br><br><b>Ref:</b> Rule 50(12)(b)-(d); Rule 50(12); Rule 50(c)(d); Rule 50(8)(a); Rule 50(8); Rule 50(a),CCS_Pension Rule_50 Procedure Bare_Text_Verified CCS_Pension::Rule_50 Priority::High,CCS_Pension_Rules_2021::05_Family_Pension_DR_Rules_50_to_52,Cloze,HIGH,"Rule 50(12)(b), (c), (d)",CCS21-e49ed873
"RESOLVED — The family-pension rule's sub-rule (9)(h)(ii): disabled child's FP starts only after{{c1::the LAST under-reinstatement child attains 25}}, then resumes{{c2::for life}}.","<b>Rule:</b> Under-25s in birth order first; disabled child waits, then draws for life. Old 'VERIFY last-child-25' card replaced.<br><br><b>Hinglish:</b> Aakhri-bachcha-25-par — phir-divyang-ko-aajivan.<br><br><b>Ref:</b> Rule 50(9)(h)(ii); Rule 50(9); Rule 25",CCS_Pension Rule_50 Disabled_Child Bare_Text_Verified CCS_Pension::Rule_50 Priority::Critical,CCS_Pension_Rules_2021::05_Family_Pension_DR_Rules_50_to_52,Cloze,CRITICAL,Rule 50(9)(h)(ii),CCS21-73a5652a
The family-pension rule's sub-rule (9)(h): disabled-for-life FP needs disability existing{{c1::before death of the servant/pensioner AND spouse}}+{{c2::RPwD Act 2016 inability to earn even after 25}}.,"<b>Rule:</b> Covers mental disorder incl. mental retardation, physical disability, any RPwD-2016 disability.<br><br><b>Hinglish:</b> Viklangta-maut-se-pehle + 25-ke-baad-bhi-kama-nahi.<br><br><b>Ref:</b> Rule 50(9)(h), (h)(i); Rule 50(9)",CCS_Pension Rule_50 Disabled_Child Bare_Text_Verified CCS_Pension::Rule_50 Priority::High,CCS_Pension_Rules_2021::05_Family_Pension_DR_Rules_50_to_52,Cloze,HIGH,Rule 50(9)(h),CCS21-1104a336
"The family-pension rule's sub-rule (9)(h)(v) -(vi): disability is evidenced + re-certified by whom, how often?","<b>Rule:</b> (A) RPwD-competent authority, OR (B) Medical Board (MS/Principal/Director/Head or nominee as Chairman + 2 members, ≥1 specialist). Re-certify: ONCE if permanent; EVERY 5 YEARS if temporary.<br><br><b>Hinglish:</b> Sthaayi-ek-baar; asthaayi-5-saal.<br><br><b>Ref:</b> Rule 50(9)(h)(v), (vi); Rule 50(9)",CCS_Pension Rule_50 Disabled_Child Medical_Board Bare_Text_Verified CCS_Pension::Rule_50 Priority::High,CCS_Pension_Rules_2021::05_Family_Pension_DR_Rules_50_to_52,Basic,HIGH,"Rule 50(9)(h)(v), (vi)",CCS21-4b93e189
The family-pension rule's sub-rule (9)(i): marriage of a DISABLED child{{c1::does NOT}}end FP — unlike non-disabled children (the family-pension rule's sub-rule (9)(n)).,"<b>Rule:</b> Disabled child's marriage is no bar; non-disabled son/daughter becomes ineligible on marriage/remarriage.<br><br><b>Hinglish:</b> Divyang-ki-shaadi-par-bhi-jaari.<br><br><b>Ref:</b> Rule 50(9)(i), (n); Rule 50(9); Rule 50(9)(n)",CCS_Pension Rule_50 Disabled_Child Exam_Trap Bare_Text_Verified CCS_Pension::Rule_50 Priority::High,CCS_Pension_Rules_2021::05_Family_Pension_DR_Rules_50_to_52,Cloze,HIGH,Rule 50(9)(i),CCS21-d19c0cb9
The family-pension rule's sub-rule (9)(j): 25+ unmarried/widowed/divorced daughter draws FOR LIFE unless{{c1::marriage/re-marriage}}or{{c2::starts earning}}— after which 3 gates?,<b>Rule:</b> (i) under-25 queue finished no eligible disabled child she was DEPENDANT when parents alive. Multiple such daughters: birth order.<br><br><b>Hinglish:</b> 25-paar-beti-aajivan — 3-darwaze-ke-baad.<br><br><b>Ref:</b> Rule 50(9)(j)(i)-(v); Rule 50(9); Rule 50(ii); Rule 50(iii),CCS_Pension Rule_50 Daughter_25_Plus Bare_Text_Verified CCS_Pension::Rule_50 Priority::High,CCS_Pension_Rules_2021::05_Family_Pension_DR_Rules_50_to_52,Cloze,HIGH,Rule 50(9)(j),CCS21-2a0bbba4
The family-pension rule's sub-rule (9)(j)(vi) provisos: divorce FILED during parents' lifetime but decreed after death — FP from when? Can she displace a current recipient?,"<b>Rule:</b> FP from DATE OF DIVORCE; but NO pre-emption — if another member is already drawing, she waits till that member ceases/dies.<br><br><b>Hinglish:</b> Talaq-tithi-se — par-kataar-nahi-todti.<br><br><b>Ref:</b> Rule 50(9)(j)(vi) provisos; Rule 50(9)",CCS_Pension Rule_50 Daughter_25_Plus Bare_Text_Verified CCS_Pension::Rule_50 Priority::High,CCS_Pension_Rules_2021::05_Family_Pension_DR_Rules_50_to_52,Basic,HIGH,Rule 50(9)(j)(vi),CCS21-fde35c0b
"PRECISE — The family-pension rule's sub-rule (9)(b): normal child deemed earning if other-source income is{{c1::≥ minimum FP (Rs 9,000) + DR}}. the family-pension rule's sub-rule (9)(c): disabled child deemed NOT earning if overall non-FP income is{{c2::&lt; ENTITLED 30%-rate FP + DR}}.","<b>Rule:</b> Different benchmarks AND directions: flat Rs 9,000-base for normal; actual entitled amount for disabled. Old 'opposite directions VERIFY' card replaced.<br><br><b>Hinglish:</b> Samanya-9-hazar; divyang-haqdaar-rashi.<br><br><b>Ref:</b> Rule 50(9)(b), (c); Rule 50(9)",CCS_Pension Rule_50 Income_Test Exam_Trap Bare_Text_Verified CCS_Pension::Rule_50 Priority::Critical,CCS_Pension_Rules_2021::05_Family_Pension_DR_Rules_50_to_52,Cloze,CRITICAL,"Rule 50(9)(b), (c)",CCS21-e73b49d5
RESOLVED — The family-pension rule's sub-rule (11): disabled siblings draw FOR LIFE if{{c1::wholly dependent immediately before death}}+{{c2::disability pre-existed death}}+ same{{c3::-(i) criteria}}.,<b>Rule:</b> Gateway: no eligible widow/child/parents. Income test = entitled-30%-FP + DR (same as disabled child). Annual certificate; stop if earning.<br><br><b>Hinglish:</b> Divyang-bhai-behan-aajivan — poorna-aashrit-hon-par.<br><br><b>Ref:</b> Rule 50(11); Rule 50(9)(h),CCS_Pension Rule_50 Disabled_Sibling Bare_Text_Verified CCS_Pension::Rule_50 Priority::High,CCS_Pension_Rules_2021::05_Family_Pension_DR_Rules_50_to_52,Cloze,HIGH,Rule 50(11),CCS21-662e5c37
TRAP — The family-pension rule's sub-rule (11) Explanation: disabled NON-child/non-sibling member uses{{c1::minimum-FP test}}; disabled CHILD/SIBLING uses{{c2::entitled-FP test}}.,"<b>Rule:</b> Same split as the family-pension rule's sub-rule /. 'Entitled' = actual 30%-rate amount on that death, + DR.<br><br><b>Hinglish:</b> Rishtedaar-9-hazar; bachcha/bhai-haqdaar.<br><br><b>Ref:</b> Rule 50(11) Explanation (a), (b); Rule 50(11); Rule 50(9)(b); Rule 50(9); Rule 50(b); Rule 50(c)",CCS_Pension Rule_50 Income_Test Exam_Trap Bare_Text_Verified CCS_Pension::Rule_50 Priority::High,CCS_Pension_Rules_2021::05_Family_Pension_DR_Rules_50_to_52,Cloze,HIGH,Rule 50(11) Explanation,CCS21-b59ced01
The family-pension rule's sub-rule (8)(a): widow/widower's OTHER income affects FP eligibility?,"<b>Rule:</b> NO — 'eligibility shall NOT be affected by the amount of her or his income from other sources'. Payable till death or re-marriage, whichever earlier.<br><br><b>Hinglish:</b> Vidhva-ki-aaya-se-koi-fark-nahi.<br><br><b>Ref:</b> Rule 50(8)(a); Rule 50(8)",CCS_Pension Rule_50 Widow Bare_Text_Verified CCS_Pension::Rule_50 Priority::High,CCS_Pension_Rules_2021::05_Family_Pension_DR_Rules_50_to_52,Basic,HIGH,Rule 50(8)(a),CCS21-8225c075
"The family-pension rule's sub-rule (8)(b) + proviso + (k): remarried CHILDLESS widow keeps FP only while{{c1::other-source income &lt; min-FP + DR}}; if income rises, FP{{c2::stops and passes to next eligible member}}; she files{{c3::yearly non-earning certificate}}.","<b>Rule:</b> Continuation is conditional; stop is a transfer, not a lapse.<br><br><b>Hinglish:</b> Nihsantan-vidhva-punarvivah-par-shartiya.<br><br><b>Ref:</b> Rule 50(8)(b), (k); Rule 50(8)",CCS_Pension Rule_50 Widow Bare_Text_Verified CCS_Pension::Rule_50 Priority::High,CCS_Pension_Rules_2021::05_Family_Pension_DR_Rules_50_to_52,Cloze,HIGH,"Rule 50(8)(b), (k)",CCS21-63a2c8ef
The family-pension rule's sub-rule (7): FP to how many members at once + division + rounding guard?,"<b>Rule:</b> ONE member at a time (ONE member at a time (subject to listed multi-recipient clauses); simultaneous recipients share EQUALLY; rupee-fraction rounds UP — but if rounding breaches the max, the fraction is IGNORED.<br><br><b>Hinglish:</b> Ek-samay-ek — barabar-bant — seema-toote to chhodo.<br><br><b>Ref:</b> Rule 50(7)",CCS_Pension Rule_50 Sharing Rounding Bare_Text_Verified CCS_Pension::Rule_50 Priority::High,CCS_Pension_Rules_2021::05_Family_Pension_DR_Rules_50_to_52,Basic,HIGH,Rule 50(7),CCS21-04672d0d
The family-pension rule's sub-rule (2)(a)(iii) double proviso + Explanations 2-3: post-retirement enhanced FP is capped at{{c1::authorised pension (incl. commuted)}}but never below{{c2::the 30% normal rate}}; 'authorised' includes{{c3::compulsory-retirement pension + CA on dismissal/removal}}.,<b>Rule:</b> Cap-and-floor sandwich; Expl-2 keeps commuted portion inside the cap.<br><br><b>Hinglish:</b> Seema-uper-sewanivritt-pension; neeche-30-pratishat.<br><br><b>Ref:</b> Rule 50(2)(a)(iii); Rule 50(2),CCS_Pension Rule_50 Enhanced_Pension Bare_Text_Verified CCS_Pension::Rule_50 Priority::Critical,CCS_Pension_Rules_2021::05_Family_Pension_DR_Rules_50_to_52,Cloze,CRITICAL,Rule 50(2)(a)(iii),CCS21-35cb6f29
TRAP — The family-pension rule's sub-rule (3)(b) illustration: family pensioner born 1st August 1942 gets 20% additional from{{c1::1st August 2022}}— same as one born 20th August 1942.,<b>Rule:</b> Additional FP runs from FIRST DAY of the calendar month of falling due — even a 1st-born starts on the 1st. Same rule at the pension rule's sub-rule for pension.<br><br><b>Hinglish:</b> Pehli-tareekh-wala-bhi-pehli-se.<br><br><b>Ref:</b> Rule 50(3)(b); Rule 50(3); Rule 44(6)(b); Rule 50(6); Rule 50(b),CCS_Pension Rule_50 Additional_Pension Exam_Trap Bare_Text_Verified CCS_Pension::Rule_50 Priority::High,CCS_Pension_Rules_2021::05_Family_Pension_DR_Rules_50_to_52,Cloze,HIGH,Rule 50(3)(b),CCS21-0e4eedd6
"RESOLVED — The family-pension rule's sub-rule (5): EOP award running ={{c1::NO FP under}}; EOP claim PENDING ={{c2::provisional FP under , then revised PPA + discontinue}}; FP from another organisation ={{c3::no limitation}}.",<b>Rule:</b> currency bar bridge + switch armed-forces/other-org FP doesn't cap FP. Old 'election VERIFY' card replaced.<br><br><b>Hinglish:</b> EOP-chale to family-pension-ruke; vichaar-me to asthaayi.<br><br><b>Ref:</b> Rule 50(5); Rule 50; Rule 50(a); Rule 50(b); Rule 50(c),CCS_Pension Rule_50 EOP Bare_Text_Verified CCS_Pension::Rule_50 Priority::High,CCS_Pension_Rules_2021::05_Family_Pension_DR_Rules_50_to_52,Cloze,HIGH,"Rule 50(5)(a), (b), (c)",CCS21-b7d5dda9
The family-pension rule's sub-rule (4): FP/additional-FP rounding + ceiling guard?,"<b>Rule:</b> Monthly rates in whole rupees, fraction → NEXT HIGHER rupee; proviso: FP under NEVER exceeds the prescribed maximum.<br><br><b>Hinglish:</b> Paisa-uper-round — seema-kabhi-na-tute.<br><br><b>Ref:</b> Rule 50(4); Rule 50(2)",CCS_Pension Rule_50 Rounding Bare_Text_Verified CCS_Pension::Rule_50 Priority::Medium,CCS_Pension_Rules_2021::05_Family_Pension_DR_Rules_50_to_52,Basic,MEDIUM,Rule 50(4),CCS21-d9d125fe
The family-pension rule's sub-rule (15)(a): family details in{{c1::Form 4}}given{{c2::on entering service}}covering{{c3::spouse + ALL children + parents + disabled siblings (eligible or not)}}; re-filed{{c4::with pension papers before retirement}}.,"<b>Rule:</b> report family-size changes incl. child marriage up-to-date Form 4 with pension papers; (i) missing Form-4 entry NEVER rejects an otherwise-eligible claim.<br><br><b>Hinglish:</b> Form-4-pehle-din-se; kami-ho to daava-nahi-rukta.<br><br><b>Ref:</b> Rule 50(15)(a), (b), (e), (i); Rule 50(15); Rule 50(b); Rule 50(e)",CCS_Pension Rule_50 Form_4 Bare_Text_Verified CCS_Pension::Rule_50 Priority::High,CCS_Pension_Rules_2021::05_Family_Pension_DR_Rules_50_to_52,Cloze,HIGH,Rule 50(15),CCS21-bd2d0fb1
RESOLVED — The family-pension rule's sub-rule (16) bare text: family-pension does NOT apply to{{c1::a re-employed retiree (civil/military) who is NOT eligible for pension/service gratuity on re-employment}}.,<b>Rule:</b> Narrow non-application clause — NOT a general re-employment/DR rule (DR lives in the DR rule). Old combined card replaced.<br><br><b>Hinglish:</b> 16-sankeern — pension-yogya-nahi to family-pension-nahi.<br><br><b>Ref:</b> Rule 50(16); Rule 50; Rule 52,CCS_Pension Rule_50 Re_Employment Bare_Text_Verified CCS_Pension::Rule_50 Priority::Medium,CCS_Pension_Rules_2021::05_Family_Pension_DR_Rules_50_to_52,Cloze,MEDIUM,Rule 50(16),CCS21-eaf02abe
"RESOLVED — The missing-persons rule's sub-rule (2)(a): missing PENSIONER's family gets FP{{c1::at family-pension rates, as on death of a pensioner}}; start-date per the missing-persons rule ={{c2::LATER of (day-after-pension-paid) vs FIR date}}.",<b>Rule:</b> Old 'the missing-persons rule VERIFY' card replaced. Contrast the missing-persons rule's sub-rule: missing SERVANT uses LATEST of THREE dates.<br><br><b>Hinglish:</b> Pensioner-lapata — do-tithi-LATER.<br><br><b>Ref:</b> Rule 51(2); Rule 50(2); Rule 51(2)(b); Rule 51(2)(a); Rule 51(1)(b); Rule 51(1); Rule 51(b),CCS_Pension Rule_51 Missing_Person Bare_Text_Verified CCS_Pension::Rule_51 Priority::High,CCS_Pension_Rules_2021::05_Family_Pension_DR_Rules_50_to_52,Cloze,HIGH,"Rule 51(2)(a), (b)",CCS21-c19d8926
RESOLVED — The missing-persons rule's sub-rule (7): retired-missing servant's gratuity emoluments reckoned{{c1::per the gratuity rule's sub-rule (6)}}.,<b>Rule:</b> One-line sub-rule: plugs the gratuity emolument definition (incl. 10-month-reduction + DA provisos) into the missing-persons gratuity. Old 'silent ' card replaced.<br><br><b>Hinglish:</b> Sewanivritt-lapata — paribhasha-the gratuity rule-se.<br><br><b>Ref:</b> Rule 51(7); Rule 45(6); Rule 51(4),CCS_Pension Rule_51 Missing_Person Bare_Text_Verified CCS_Pension::Rule_51 Priority::Medium,CCS_Pension_Rules_2021::05_Family_Pension_DR_Rules_50_to_52,Cloze,MEDIUM,Rule 51(7),CCS21-16ecf8b9
The missing-persons rule's sub-rule (6): missing SERVANT's FP-pay + gratuity-emoluments are based on{{c1::last duty date}}(or{{c2::leave-expiry date if on leave}}) via family-pension-Expl-1 + the gratuity rule's sub-rule (6).,<b>Rule:</b> Freezes the pay reference at disappearance; pair with the missing-persons rule's sub-rule for retired-missing.<br><br><b>Hinglish:</b> Aakhri-duty-tithi-par-vetan-jamad.<br><br><b>Ref:</b> Rule 51(6); Rule 50; Rule 45(6); Rule 51(7),CCS_Pension Rule_51 Missing_Person Bare_Text_Verified CCS_Pension::Rule_51 Priority::High,CCS_Pension_Rules_2021::05_Family_Pension_DR_Rules_50_to_52,Cloze,HIGH,Rule 51(6),CCS21-735113f5
The missing-persons rule's sub-rule (5): missing-person claims need{{c1::FIR/DDR/GDE first}}+{{c2::Format-8 Indemnity Bond}}+{{c3::police 'untraced despite all efforts' report}}.,<b>Rule:</b> Triple paper-gate before HoO processes FP/gratuity. Format 8 VERIFIED as the missing-claim indemnity bond.<br><br><b>Hinglish:</b> FIR + muchalka-8 + na-mile-ki-report.<br><br><b>Ref:</b> Rule 51(5),CCS_Pension Rule_51 Format_8 Bare_Text_Verified CCS_Pension::Rule_51 Priority::High,CCS_Pension_Rules_2021::05_Family_Pension_DR_Rules_50_to_52,Cloze,HIGH,"Rule 51(5)(a), (b)",CCS21-00e53f87
RESOLVED — The pension rule's sub-rule (4): compulsory-retirement pension ={{c1::sanctioned portion/% of superannuation pension under}}; pre-10-year CR gratuity ={{c2::sanctioned portion/% of superannuation service gratuity under}}.,"<b>Rule:</b> pension computes the base; compulsory-retirement sanctions the slice. 10-year line splits pension-track from gratuity-track.<br><br><b>Hinglish:</b> 44-aadhaar; 40-tukda.<br><br><b>Ref:</b> Rule 44(4)(a), (b); Rule 44(4); Rule 44(1); Rule 44(2); Rule 44; Rule 40",CCS_Pension Rule_44 Compulsory_Retirement Bare_Text_Verified CCS_Pension::Rule_44 Priority::High,CCS_Pension_Rules_2021::04_Pension_Gratuity_Rules_44_to_49,Cloze,HIGH,Rule 44(4),CCS21-33dd10d3
RESOLVED — The pension rule's sub-rule (5): CA on dismissal/removal (10y+) ={{c1::sanctioned portion/% of superannuation pension}}; pre-10-year ={{c2::sanctioned portion/% of superannuation service gratuity}}— both 'as competent authority may sanction under the compassionate-allowance rule'.,"<b>Rule:</b> This is the provision the 2025 Explanation applies ANALOGOUSLY to PSU-absorbed staff. Old cross-link-only card replaced.<br><br><b>Hinglish:</b> the pension rule-dayaa-raashi-ka-aadhaar; 37-PSU-par-aisa-hi.<br><br><b>Ref:</b> Rule 44(5)(a), (b); Rule 44(5); Rule 41; Rule 37",CCS_Pension Rule_44 Compassionate_Allowance Rule_37_29_c Bare_Text_Verified CCS_Pension::Rule_44 Priority::Critical,CCS_Pension_Rules_2021::04_Pension_Gratuity_Rules_44_to_49,Cloze,CRITICAL,"Rule 44(5)(a), (b)",CCS21-8ca2403d
NEW — The pension rule's sub-rule (10): pension discontinued MID-month is rounded{{c1::to the next higher rupee for that month's fraction}}.,<b>Rule:</b> Sits after the pension rule's sub-rule separate-rounding rule; distinct from mid-month COMMENCEMENT (no parallel clause).<br><br><b>Hinglish:</b> Beech-mahine-ruke to tukda-uper-round.<br><br><b>Ref:</b> Rule 44(10); Rule 44(9),CCS_Pension Rule_44 Rounding Bare_Text_Verified CCS_Pension::Rule_44 Priority::Medium,CCS_Pension_Rules_2021::04_Pension_Gratuity_Rules_44_to_49,Cloze,MEDIUM,Rule 44(10),CCS21-8adabbab
The voluntary-retirement rule's sub-rule (4)(b): curtailed (&lt;3-month) VR notice is relaxed only if{{c1::no administrative inconvenience}}+{{c2::no commutation application before 3-month expiry}}.,<b>Rule:</b> Commutation-bar is the price of early exit. Request must be in writing with reasons — the voluntary-retirement rule's sub-rule.<br><br><b>Hinglish:</b> Chhoti-notice-par-mutual-fayda-rok.<br><br><b>Ref:</b> Rule 43(4); Rule 43(4)(a); Rule 43(a),CCS_Pension Rule_43 Voluntary_Retirement Bare_Text_Verified CCS_Pension::Rule_43 Priority::High,CCS_Pension_Rules_2021::03_Emoluments_Classes_Rules_31_to_43,Cloze,HIGH,"Rule 43(4)(a), (b)",CCS21-7d4dc9ee
The voluntary-retirement rule's sub-rule (5): disabled servant (RPwD s.20 applies) gives VR notice — mandatory step?,<b>Rule:</b> ADVISE him of the option to CONTINUE with same pay scale + service benefits; process VR only if he does NOT withdraw.<br><br><b>Hinglish:</b> Divyang-ko-theharne-ka-vikalp-batao.<br><br><b>Ref:</b> Rule 43(5),CCS_Pension Rule_43 RPwD Bare_Text_Verified CCS_Pension::Rule_43 Priority::High,CCS_Pension_Rules_2021::03_Emoluments_Classes_Rules_31_to_43,Basic,HIGH,Rule 43(5),CCS21-ec4f33df
The voluntary-retirement rule's sub-rule (6)(7): VR withdrawal needs{{c1::specific approval}}+ request{{c2::≥15 days before VR date}}; voluntary-retirement does NOT apply to{{c3::SVRS retirees + permanent/immediate PSU absorption joiners}}.,"<b>Rule:</b> Withdrawal is barred by default; exclusion keeps VR distinct from special-scheme exits.<br><br><b>Hinglish:</b> Wapsi-vishesh-anumati-se; vishesh-yojana-bahar.<br><br><b>Ref:</b> Rule 43(6), (7); Rule 43(6); Rule 7; Rule 43",CCS_Pension Rule_43 Voluntary_Retirement Bare_Text_Verified CCS_Pension::Rule_43 Priority::High,CCS_Pension_Rules_2021::03_Emoluments_Classes_Rules_31_to_43,Cloze,HIGH,"Rule 43(6), (7)",CCS21-edf24653
The gratuity-distribution rule's sub-rule (4): female member marries/remarries (or brother turns 18) AFTER the servant's death but BEFORE receiving gratuity — share lost?,<b>Rule:</b> NO — right to the share is NOT affected by post-death marriage/majority. Vests at death.<br><br><b>Hinglish:</b> Maut-par-haq-pakka — baad-ki-shaadi-bekar.<br><br><b>Ref:</b> Rule 47(4),CCS_Pension Rule_47 Gratuity Bare_Text_Verified CCS_Pension::Rule_47 Priority::High,CCS_Pension_Rules_2021::04_Pension_Gratuity_Rules_44_to_49,Basic,HIGH,Rule 47(4),CCS21-ef525959
The gratuity-distribution rule's sub-rule (8): one eligible member hasn't filed Form-9 gratuity claim — others must wait?,<b>Rule:</b> NO — process others WITHOUT linking; the missing claim is processed when received. De-linked sanction.<br><br><b>Hinglish:</b> Ek-ka-daava-ruke to baaki-na-ruke.<br><br><b>Ref:</b> Rule 47(8),CCS_Pension Rule_47 Form_9 Bare_Text_Verified CCS_Pension::Rule_47 Priority::Medium,CCS_Pension_Rules_2021::04_Pension_Gratuity_Rules_44_to_49,Basic,MEDIUM,Rule 47(8),CCS21-8d716c7a
The gratuity-distribution rule's sub-rule (7) VERIFIES Format 7 ={{c1::indemnity bond for up to 20% of a minor's gratuity share WITHOUT guardianship certificate}}(balance on certificate).,"<b>Rule:</b> Natural guardian paid directly (the gratuity-distribution rule's sub-rule ); no natural guardian → 20% on Format-7 bond, rest on certificate.<br><br><b>Hinglish:</b> Format-7 = nabalik-20-pratishat-muchalka.<br><br><b>Ref:</b> Rule 47(5)-(7); Rule 47(7); Rule 47(6)",CCS_Pension Rule_47 Format_7 Bare_Text_Verified CCS_Pension::Rule_47 Priority::High,CCS_Pension_Rules_2021::04_Pension_Gratuity_Rules_44_to_49,Cloze,HIGH,"Rule 47(5), (6), (7)",CCS21-4ee4c58c
"VERBATIM QUIRK — The family-pension rule's sub-rule (9)(h)(iii) cites 'clause (e)' for disabled children and its proviso cites 'clause (d)' for twins (actual clauses: eighth, and (g)). Exam handling?",<b>Rule:</b> Quote VERBATIM as printed; add one-line note ('cross-ref appears for /'). Same family as the family-pension-Expl '-for-' quirk. Never silently 'correct' Gazette text in answers.<br><br><b>Hinglish:</b> Chhapa-jaisa-bolo — sudhaar-note-me.<br><br><b>Ref:</b> Rule 50(9)(h)(iii); Rule 50(10); Rule 50(h); Rule 50(g); Rule 50(1); Rule 50(2),CCS_Pension Rule_50 Exam_Trap Bare_Text_Verified CCS_Pension::Rule_50 Priority::Medium,CCS_Pension_Rules_2021::05_Family_Pension_DR_Rules_50_to_52,Basic,MEDIUM,Rule 50(9)(h)(iii),CCS21-c5cc261d
RESOLVED — The definition rule's Explanation (1): induction-training service counts only if{{c1::training was ESSENTIAL for appointment}}+{{c2::salary/stipend was paid}}+{{c3::period was QS-eligible under the 1972 Rules}}.,<b>Rule:</b> All 3 cumulative; training on/before 31.12.2003 + regular appointment after. Old placeholder card replaced.<br><br><b>Hinglish:</b> Prashikshan-anivarya + vetan + 1972-me-ginya.<br><br><b>Ref:</b> Rule 2 Explanation (1); Rule 2,CCS_Pension Rule_02_Exp1 Bare_Text_Verified CCS_Pension::Rule_02 Priority::High CCS_Pension::Rule_02_Exp1,CCS_Pension_Rules_2021::01_Preliminary_Rules_01_to_10,Cloze,HIGH,Rule 2 Explanation (1),CCS21-c3fcbb6b
RESOLVED — The interpretation rule's sub-rule (1)(u): the 4 PDA channels are{{c1::RBI-selected Banks (CGA-specified)}}+{{c2::Post Office}}+{{c3::Treasury (incl. sub-treasury)}}+{{c4::Accounts Officer}}.,<b>Rule:</b> Verbatim 4; PPO + CPAO Special Seal Authority routes payment through any of them. Old placeholder card replaced.<br><br><b>Hinglish:</b> Bank-dak-tijori-lekha — chaar-dwaar.<br><br><b>Ref:</b> Rule 3(1)(u); Rule 3(1),CCS_Pension Rule_03_1_u Bare_Text_Verified CCS_Pension::Rule_03 Priority::Medium CCS_Pension::Rule_03_1_u,CCS_Pension_Rules_2021::01_Preliminary_Rules_01_to_10,Cloze,MEDIUM,Rule 3(1)(u),CCS21-fb5dd9c8
"The interpretation rule holds{{c1::26}}definitions (a)-(z); the last, (z), is{{c2::Treasury includes a Sub-Treasury}}.",<b>Rule:</b> Enumeration proof Accounts Officer … (z) Treasury. 'Pension' (t) includes gratuity but excludes DR.<br><br><b>Hinglish:</b> Chhabbis-paribhasha — a-se-z.<br><br><b>Ref:</b> Rule 3(1)(a)-(z); Rule 3; Rule 3(a),CCS_Pension Rule_03 Enumeration Bare_Text_Verified CCS_Pension::Rule_03 Priority::Medium,CCS_Pension_Rules_2021::01_Preliminary_Rules_01_to_10,Cloze,MEDIUM,Rule 3,CCS21-cc24002b
The transfer-election rule's sub-rule (2)(3): the 6-month pension-rules election must be{{c1::in writing to the transfer-ordering authority}}and is{{c2::FINAL once exercised}}.,"<b>Rule:</b> transfer-election proviso gives the window (6 months from transfer order or return from leave, whichever later) is the paper-form locks it.<br><br><b>Hinglish:</b> Likhit-vikalp — ek-baar-akit.<br><br><b>Ref:</b> Rule 4(2), (3); Rule 4(2); Rule 3; Rule 4(1); Rule 4(3)",CCS_Pension Rule_04 Election Bare_Text_Verified CCS_Pension::Rule_04 Priority::High,CCS_Pension_Rules_2021::01_Preliminary_Rules_01_to_10,Cloze,HIGH,"Rule 4(2), (3)",CCS21-85e14203
"CORRECTION — The time-computation rule's sub-rule (2): retirement/death DAY counts as{{c1::the last COMPLETED working day}}; but if the servant was on{{c2::leave/absence/suspension}}, that day is{{c3::part of such leave/absence/suspension}}.","<b>Rule:</b> Day-counting rule, NOT a death-benefit/rule — the old card's cross-ref was misplaced and is deleted.<br><br><b>Hinglish:</b> Aakhri-din-poora-gina — chhutti-me-daba-to-chhutti.<br><br><b>Ref:</b> Rule 5(2); Rule 87(2)(c)",CCS_Pension Rule_05 Correction Bare_Text_Verified CCS_Pension::Rule_05 Priority::High,CCS_Pension_Rules_2021::01_Preliminary_Rules_01_to_10,Cloze,HIGH,Rule 5(2),CCS21-0842250a
SCENARIO — Servant under suspension dies on 10.05.2025. Is 10.05.2025 a 'completed working day' for pension?,<b>Rule:</b> NO as duty — time-computation proviso folds it into the SUSPENSION spell; the day still anchors death benefits but keeps its suspension character.<br><br><b>Hinglish:</b> Nilamban-me-maut — din-nilamban-ka.<br><br><b>Ref:</b> Rule 5(2) proviso; Rule 5(2),CCS_Pension Rule_05 Application Bare_Text_Verified CCS_Pension::Rule_05 Priority::Medium,CCS_Pension_Rules_2021::01_Preliminary_Rules_01_to_10,Basic,MEDIUM,Rule 5(2),CCS21-0c514b93
RESOLVED — The single-pension rule's sub-rule (2): re-employed superannuation/retiring/CR pensioner or CA-holder earns{{c1::NO separate pension/gratuity for re-employment}}— except via{{c2::(civil) / (military)}}.,<b>Rule:</b> Opens 'Except as provided in the civil-return rule or the military-counting rule'. Old placeholder card replaced.<br><br><b>Hinglish:</b> Dobara-naukri-par-doosri-pension-nahi.<br><br><b>Ref:</b> Rule 6(2); Rule 19; Rule 20,CCS_Pension Rule_06 Re_Employment Bare_Text_Verified CCS_Pension::Rule_06 Priority::High,CCS_Pension_Rules_2021::01_Preliminary_Rules_01_to_10,Cloze,HIGH,Rule 6(2),CCS21-e0d48915
"The single-pension rule's sub-rule (2) proviso: prior AB/PSU service (joined Govt with proper permission, on/before 31.12.2003) earns{{c1::Govt pension/gratuity IN ADDITION to AB/PSU benefits}}— capped so total gratuity{{c2::never exceeds single-employer-equivalent on Govt retirement emoluments}}.",<b>Rule:</b> Dual benefits allowed; gratuity computed as if entire service under Govt. Expl-2: AB/PSU pays its own pension share — zero Govt liability for that spell.<br><br><b>Hinglish:</b> Pehle-PSU-phir-Sarkar — dono-laabh-seema-me.<br><br><b>Ref:</b> Rule 6(2) provisos; Explanation-2; Rule 6(2),CCS_Pension Rule_06 AB_PSU Bare_Text_Verified CCS_Pension::Rule_06 Priority::High,CCS_Pension_Rules_2021::01_Preliminary_Rules_01_to_10,Cloze,HIGH,Rule 6(2),CCS21-1417632a
The single-pension rule's sub-rule (2) Explanation-1: 'proper permission' from the AB/PSU means{{c1::applied with previous permission}}+{{c2::relieving order records resignation-to-join-Govt with permission}}.,<b>Rule:</b> Both limbs documentary; without them the single-pension dual-benefit proviso fails.<br><br><b>Hinglish:</b> Pehle-anumati-phir-aavedan — kagaz-par-darj.<br><br><b>Ref:</b> Rule 6(2) Explanation-1; Rule 6(2),CCS_Pension Rule_06 AB_PSU Bare_Text_Verified CCS_Pension::Rule_06 Priority::Medium,CCS_Pension_Rules_2021::01_Preliminary_Rules_01_to_10,Cloze,MEDIUM,Rule 6(2),CCS21-01274558
The conduct rule's sub-rule (4)all 2 clauses: retired intel/security-org (RTI 2nd Sch.) personnel need{{c1::prior HoO clearance}}before publishing{{c2::domain + sensitive material}}; breach of the{{c3::Format-1 undertaking}}={{c4::grave misconduct}}.,"<b>Rule:</b> Domain = org work + personnel/expertise; sensitive = sovereignty/security/strategy/economy/foreign-relations/intel-gathering/offence-incitement. CORRECT home of Format 1.<br><br><b>Hinglish:</b> Jasusi-mahakma — chhape-se-pehle-anumati.<br><br><b>Ref:</b> Rule 7(4)(a), (b); Rule 7(4); Rule 7(a)-(b)",CCS_Pension Rule_07 Format_1 Bare_Text_Verified CCS_Pension::Rule_07 Priority::High,CCS_Pension_Rules_2021::01_Preliminary_Rules_01_to_10,Cloze,HIGH,"Rule 7(4)(a), (b)",CCS21-3e7964e7
CORRECTION — Format 1 belongs to{{c1::the conduct rule's sub-rule (4)(b) (intel-org non-publication undertaking)}}— NOT the commercial-employment rule. commercial-employment uses{{c2::Form 1 (application) + Form 2 (checklist)}}.,"<b>Rule:</b> The old 'Format 1 ↔ the commercial-employment rule' Reversed card was WRONG and is deleted. Undertaking in DUPLICATE at transfer: service-book copy + org copy — the conduct rule's sub-rule.<br><br><b>Hinglish:</b> Format-1 = gupt-muchalka; Form-1/2 = vyapar-anumati.<br><br><b>Ref:</b> Rule 7(4)(b), (c); Rule 9(1), (5); Rule 7(4)(b); Rule 9; Rule 7(4)(c); Rule 7(4); Rule 7(c)",CCS_Pension Format_1 Rule_07 Rule_09 Correction Bare_Text_Verified CCS_Pension::Rule_07 Priority::Critical,CCS_Pension_Rules_2021::01_Preliminary_Rules_01_to_10,Cloze,CRITICAL,Rule 7(4); Rule 9,CCS21-91ab1fd8
Do minor-penalty proceedings continued after retirement affect pension/gratuity?,"<b>Rule:</b> NO EFFECT — minor-penalty proceedings are pension-neutral. Contrast major-penalty proceedings → provisional pension.<br><br><b>Hinglish:</b> Solah-nirdosh — chaudah-rok.<br><br><b>Trap:</b> Minor-penalty vs major-penalty.<br><br><b>Ref:</b> Rule 8(2)(b), (3); CCS (CCA) Rules 14 (major), 16 (minor)",CCS_Pension Rule_08 CCA Exam_Trap Bare_Text_Verified CCS_Pension::Rule_08 Priority::High,CCS_Pension_Rules_2021::01_Preliminary_Rules_01_to_10,Basic,HIGH,Rule 8(2)(b),CCS21-1972cb53
The proceedings rule's sub-rule (2)(c): post-retirement proceedings need{{c1::President's sanction in Format 2}}+ event within{{c2::4 years}}+{{c3::President-directed authority/place + dismissal-grade procedure}}+ charges memo in{{c4::Format 3}}.,"<b>Rule:</b> Formats 2 AND 3 VERIFIED — only Format pending list now EMPTY (2,3 were the last).<br><br><b>Hinglish:</b> Sewanivritt-ke-baad-anushasan — Rashtrapati-anumati-Format-2.<br><br><b>Ref:</b> Rule 8(2)(c); Rule 8(2)",CCS_Pension Rule_08 Format_2 Format_3 Bare_Text_Verified CCS_Pension::Rule_08 Priority::Critical,CCS_Pension_Rules_2021::01_Preliminary_Rules_01_to_10,Cloze,CRITICAL,Rule 8(2)(c),CCS21-24c842cd
The proceedings rule's sub-rule (2)(d): full-fledged enquiry WITH show-cause during proceedings → second show-cause before proceedings action?,<b>Rule:</b> NOT necessary — one fair opportunity suffices. (No-enquiry cases still need the conduct rule-analogous hearing discipline.)<br><br><b>Hinglish:</b> Ek-sunwai-kaafi — doosri-nahi.<br><br><b>Ref:</b> Rule 8(2)(d); Rule 8(2); Rule 8(1); Rule 7,CCS_Pension Rule_08 Procedure Bare_Text_Verified CCS_Pension::Rule_08 Priority::Medium,CCS_Pension_Rules_2021::01_Preliminary_Rules_01_to_10,Basic,MEDIUM,Rule 8(2)(d),CCS21-c58a00f9
The proceedings rule's sub-rule (4)(d): misconduct under INVESTIGATION (or proceedings merely contemplated) at retirement — provisional or full benefits?,<b>Rule:</b> FULL pension + gratuity per the pension-payment rule — proceedings provisional track needs INSTITUTED proceedings. Later institution follows the proceedings rule's sub-rule (sanction + 4-year bar).<br><br><b>Hinglish:</b> Jaanch-chal-rahi — poora-laabh; shuru-nahi to rok-nahi.<br><br><b>Trap:</b> Investigation ≠ institution.<br><br><b>Ref:</b> Rule 8(4)(d); Rule 8(4); Rule 63; Rule 8(2),CCS_Pension Rule_08 Provisional_Pension Exam_Trap Bare_Text_Verified CCS_Pension::Rule_08 Priority::Critical,CCS_Pension_Rules_2021::01_Preliminary_Rules_01_to_10,Basic,CRITICAL,Rule 8(4)(d),CCS21-7fef6c9f
The proceedings rule's sub-rule (5): provisional pension is{{c1::adjusted against final benefits}}but NEVER recovered if{{c2::final &lt; provisional (or reduced/withheld)}}.,<b>Rule:</b> One-way street favouring the pensioner — mirrors its provisional-pension counterpart no-refund logic.<br><br><b>Hinglish:</b> Zyada-mila to wapas-nahi.<br><br><b>Ref:</b> Rule 8(5); Rule 62,CCS_Pension Rule_08 Provisional_Pension Bare_Text_Verified CCS_Pension::Rule_08 Priority::High,CCS_Pension_Rules_2021::01_Preliminary_Rules_01_to_10,Cloze,HIGH,Rule 8(5),CCS21-a02e803e
The proceedings rule's sub-rule (6): pecuniary-loss recovery from pension ordinarily ≤{{c1::one-third of pension on retirement date}}.,<b>Rule:</b> 'Not ordinarily' = soft cap where President spares pension but orders loss-recovery.<br><br><b>Hinglish:</b> Nuksaan-vasooli — tihayi-se-kam.<br><br><b>Ref:</b> Rule 8(6),CCS_Pension Rule_08 Recovery Bare_Text_Verified CCS_Pension::Rule_08 Priority::High,CCS_Pension_Rules_2021::01_Preliminary_Rules_01_to_10,Cloze,HIGH,Rule 8(6),CCS21-e5b09c14
"The proceedings rule's sub-rule (7) REVISE vs REVIEW: revise ={{c1::call records anytime, confirm/modify/set-aside/remit}}; review ={{c2::extenuating circumstances or NEW material changing the case's nature}}; both need{{c3::UPSC + no enhancement without representation}}.","<b>Rule:</b> President's dual corrective jurisdiction; enhancement always needs hearing + UPSC.<br><br><b>Hinglish:</b> Revison-record-se; review-naye-tathya-se.<br><br><b>Ref:</b> Rule 8(7), (8); Rule 8(7); Rule 8(8)",CCS_Pension Rule_08 Revise_Review Bare_Text_Verified CCS_Pension::Rule_08 Priority::High,CCS_Pension_Rules_2021::01_Preliminary_Rules_01_to_10,Cloze,HIGH,"Rule 8(7), (8)",CCS21-e45835aa
"The commercial-employment rule's sub-rule (6): if clean on factors all 6 clauses, Government{{c1::liberally permits directorship/consultancy/professional practice}}+{{c2::encourages scientific/literary/cultural/social/artistic work}}+{{c3::liberal for responsible posts}}+{{c4::no honorary-vs-paid distinction}}.",<b>Rule:</b> Pro-employment tilt once integrity/conflict gates pass. Note -NOC is outside this limb.<br><br><b>Hinglish:</b> Daag-nahi to udar-anumati.<br><br><b>Ref:</b> Rule 9(6); Rule 9(b)-(g); Rule 9(a),CCS_Pension Rule_09 Bare_Text_Verified CCS_Pension::Rule_09 Priority::Medium,CCS_Pension_Rules_2021::01_Preliminary_Rules_01_to_10,Cloze,MEDIUM,Rule 9(6),CCS21-50bcf02b
The commercial-employment rule's sub-rule (8) penalty for unapproved commercial employment weighs{{c1::financial circumstances}}+{{c2::nature/emoluments of the job}}+{{c3::any other factor}}— after{{c4::show-cause opportunity}}.,<b>Rule:</b> Whole/part pension for specified periods; pairs with the existing commercial-employment card's 'period of employment' limb.<br><br><b>Hinglish:</b> Bina-anumati-vyapar — haalat-dekh-dand.<br><br><b>Ref:</b> Rule 9(8) provisos; Rule 9(8),CCS_Pension Rule_09 Penalty Bare_Text_Verified CCS_Pension::Rule_09 Priority::High,CCS_Pension_Rules_2021::01_Preliminary_Rules_01_to_10,Cloze,HIGH,Rule 9(8),CCS21-8013cade
The commercial-employment rule's sub-rule (1) provisos: LPR/refused-leave employment needs{{c1::NO fresh permission after retirement}}; negotiating during service needs{{c2::prior Ministry permission (special reasons only)}}.,<b>Rule:</b> Continuance is free; job-hunting in uniform is fenced.<br><br><b>Hinglish:</b> Chhutti-wali-naukri-jaari; naukri-me-saudaa-mana.<br><br><b>Ref:</b> Rule 9(1) provisos; Rule 9(1),CCS_Pension Rule_09 Bare_Text_Verified CCS_Pension::Rule_09 Priority::Medium,CCS_Pension_Rules_2021::01_Preliminary_Rules_01_to_10,Cloze,MEDIUM,Rule 9(1),CCS21-3e8477d0
The commercial-employment rule's Explanation the commercial-employment rule: 'practice' = commercial employment if{{c1::unqualified + relatable to official knowledge}}OR{{c2::qualified but unfair advantage via past position}}OR{{c3::liaison/contact work with Govt offices}}.,<b>Rule:</b> Closes the 'self-employed consultant' escape route. the commercial-employment rule covers company/co-op/firm/agency/directorship (excl. Govt-owned bodies).<br><br><b>Hinglish:</b> Salahkaar-bhi-vyapar — teen-soorat.<br><br><b>Ref:</b> Rule 9 Explanation (a); Rule 9; Rule 9(a)(ii); Rule 9(a)(i),CCS_Pension Rule_09 Definition Bare_Text_Verified CCS_Pension::Rule_09 Priority::High,CCS_Pension_Rules_2021::01_Preliminary_Rules_01_to_10,Cloze,HIGH,Rule 9 Explanation (a),CCS21-c6504e95
TRAP — The commercial-employment rule's Explanation (b): re-employed-without-break Group-A retiree's 'date of retirement' ={{c1::final cessation of re-employment}}— so the 1-year cooling clock{{c2::starts only then}}.,"<b>Rule:</b> Back-to-back Group-A/equivalent re-employment postpones the cooling period, not just the pension.<br><br><b>Hinglish:</b> Lagataar-naukri — thandak-ghadi-ruki.<br><br><b>Ref:</b> Rule 9 Explanation (b); Rule 9",CCS_Pension Rule_09 Exam_Trap Bare_Text_Verified CCS_Pension::Rule_09 Priority::High,CCS_Pension_Rules_2021::01_Preliminary_Rules_01_to_10,Cloze,HIGH,Rule 9 Explanation (b),CCS21-16de1e94
The commercial-employment rule's sub-rule (4) + (9): applications processed under{{c1::Transaction of Business Rules 1961 + Govt instructions}}; EVERY order{{c2::communicated to the pensioner}}.,"<b>Rule:</b> Procedure + communication tail; Ministry keeps the commercial-employment rule's sub-rule Form-2 checklist (already carded).<br><br><b>Hinglish:</b> Kaam-bantvaara-niyam + har-aadesh-suchit.<br><br><b>Ref:</b> Rule 9(4), (9); Rule 9(4); Rule 9(5)",CCS_Pension Rule_09 Bare_Text_Verified CCS_Pension::Rule_09 Priority::Medium,CCS_Pension_Rules_2021::01_Preliminary_Rules_01_to_10,Cloze,MEDIUM,"Rule 9(4), (9)",CCS21-11b9d334
"The AB-transfer rule's sub-rule (22)(25): option-the AB-transfer rule liability-sharing{{c1::determined by Govt}}; option-the AB-transfer rule AB pays{{c2::pensionary contribution (Trustee rates, self-supporting Fund)}}; Trust+AB shortfall{{c3::Govt via admin Ministry}}; pre-conversion retirees{{c4::Govt responsibility}}.",<b>Rule:</b> Money ladder: sharing → contribution → sovereign backstop; past retirees never the AB's burden.<br><br><b>Hinglish:</b> Hissa-sarkar-taya; kami-sarkar-bhare.<br><br><b>Ref:</b> Rule 38(22)-(25); Rule 38(22); Rule 25; Rule 38(11)(a); Rule 38(11)(b),CCS_Pension Rule_38 Autonomous_Body Bare_Text_Verified CCS_Pension::Rule_38 Priority::High,CCS_Pension_Rules_2021::03_Emoluments_Classes_Rules_31_to_43,Cloze,HIGH,"Rule 38(22), (23), (24), (25)",CCS21-d3e99b2e
"The AB-transfer rule's sub-rule (26): on conversion,{{c1::PF balance (with AB consent)}}+{{c2::EL/HPL credit}}transfer to the AB; post-absorption dismissal/removal{{c3::does NOT forfeit Govt-service benefits}}+ AB decisions face{{c4::Ministry review}}.",<b>Rule:</b> Leave/PF travel with the employee; misconduct shield for Govt-earned benefits.<br><br><b>Hinglish:</b> Chhutti-jamaa-saath; barkhaast-par-bhi-haq.<br><br><b>Ref:</b> Rule 38(26),CCS_Pension Rule_38 Autonomous_Body Bare_Text_Verified CCS_Pension::Rule_38 Priority::High,CCS_Pension_Rules_2021::03_Emoluments_Classes_Rules_31_to_43,Cloze,HIGH,"Rule 38(26)(a), (b), (c)",CCS21-967b0446
CONTRAST TRAP — The AB-transfer rule's sub-rule (26)(c) (autonomous body) vs 2025 the PSU-absorption rule's sub-rule (29)(c) (PSU): post-absorption dismissal for subsequent misconduct{{c1::PRESERVES Govt benefits (AB)}}but{{c2::FORFEITS them (PSU)}}.,<b>Rule:</b> Opposite outcomes by destination: AB conversion keeps the shield; PSU absorption (post-GSR-340(E)) wields the sword. Ministry review applies in both.<br><br><b>Hinglish:</b> Swayatt-me-dhaal; PSU-me-talwar.<br><br><b>Ref:</b> Rule 38(26)(c); Rule 37(29)(c) (2025); Rule 37(29)(c),CCS_Pension Rule_38 Rule_37_29_c Comparison Exam_Trap Bare_Text_Verified CCS_Pension::Rule_38 Priority::Critical,CCS_Pension_Rules_2021::03_Emoluments_Classes_Rules_31_to_43,Cloze,CRITICAL,Rule 38(26)(c); G.S.R. 340(E),CCS21-6d81f655
"The AB-transfer rule's sub-rule (27)(28): ≥51% disinvestment triggers{{c1::Govt-specified safeguards}}incl.{{c2::VR-or-continue option}}+{{c3::VR benefits (Govt or AB terms, employee's choice)}}+{{c4::assured pensionary benefits with QS relaxation}}.","<b>Rule:</b> Majority-sale protection package; employee picks the better VR scale.<br><br><b>Hinglish:</b> Vinivesh-par-suraksha-kavach.<br><br><b>Ref:</b> Rule 38(27), (28); Rule 38(27); Rule 28",CCS_Pension Rule_38 Disinvestment Bare_Text_Verified CCS_Pension::Rule_38 Priority::High,CCS_Pension_Rules_2021::03_Emoluments_Classes_Rules_31_to_43,Cloze,HIGH,"Rule 38(27), (28)",CCS21-633d6d47
The AB-transfer rule's sub-rule (29): the whole rule does NOT apply to{{c1::IIS/CSS/other-service + outside-cadre staff}}serving in{{c2::Akashvani/Doordarshan on functions transferred to Prasar Bharati}}.,<b>Rule:</b> Carve-out for deputationists/cadre-outsiders in the broadcaster transfer.<br><br><b>Hinglish:</b> Prasar-Bharati-par-bahari-karmi-bahar.<br><br><b>Ref:</b> Rule 38(29),CCS_Pension Rule_38 Prasar_Bharati Bare_Text_Verified CCS_Pension::Rule_38 Priority::Medium,CCS_Pension_Rules_2021::03_Emoluments_Classes_Rules_31_to_43,Cloze,MEDIUM,Rule 38(29),CCS21-29b0db5f
The invalid-pension rule's sub-rule (2) second proviso: s.20-RPwD-disabled applicant is{{c1::ADVISED of the continue-in-service option (same pay scale + benefits)}}; process retirement only if{{c2::he does not withdraw}}.,<b>Rule:</b> Mirrors its voluntary-retirement counterpart VR advice. First proviso: spouse → family may apply if servant can't.<br><br><b>Hinglish:</b> Divyang-ko-theharne-ki-salah.<br><br><b>Ref:</b> Rule 39(2) second proviso; Rule 39(2); Rule 43(5),CCS_Pension Rule_39 RPwD Bare_Text_Verified CCS_Pension::Rule_39 Priority::High,CCS_Pension_Rules_2021::03_Emoluments_Classes_Rules_31_to_43,Cloze,HIGH,Rule 39(2),CCS21-54a394ed
The invalid-pension rule's sub-rule (10): fit for LESS laborious work + WILLING ={{c1::employed on lower post}}; no lower post available ={{c2::admitted to invalid pension}}.,"<b>Rule:</b> Pension is the fallback, not the first offer — willingness + vacancy gates apply.<br><br><b>Hinglish:</b> Halka-kaam-pehle; na-mile to pension.<br><br><b>Ref:</b> Rule 39(10)",CCS_Pension Rule_39 Bare_Text_Verified CCS_Pension::Rule_39 Priority::High,CCS_Pension_Rules_2021::03_Emoluments_Classes_Rules_31_to_43,Cloze,HIGH,Rule 39(10),CCS21-2baa12db
"RESOLVED — The foreign-government rule's sub-rule (1) penalty: foreign-Govt employment without permission ={{c1::NO pension for that employment period, or LONGER as Government directs}}.","<b>Rule:</b> No 1-year limit, no Form; LPR-permitted continuance needs no fresh permission — the foreign-government rule's sub-rule: Transaction of Business Rules 1961. Old placeholder card replaced.<br><br><b>Hinglish:</b> Videshi-naukri-bina-anumati — utni-avadhi-ya-zyada-pension-band.<br><br><b>Ref:</b> Rule 10(1), (2); Rule 10(1); Rule 10(2)",CCS_Pension Rule_10 Penalty Bare_Text_Verified CCS_Pension::Rule_10 Priority::High,CCS_Pension_Rules_2021::01_Preliminary_Rules_01_to_10,Cloze,HIGH,"Rule 10(1), (2)",CCS21-3a2d6dfe
RESOLVED — The State-transfer rule's Explanation 'proper permission' ={{c1::applied with previous State-Govt permission}}+{{c2::State relieving order records resignation-to-join-Govt with permission}}.,<b>Rule:</b> Same 2-limb documentary test as the single-pension rule Expl-1 and Expl. Old placeholder card replaced.<br><br><b>Hinglish:</b> Pehle-anumati-phir-aavedan — kagaz-par.<br><br><b>Ref:</b> Rule 13(2) Explanation; Rule 13; Rule 14; Rule 6,CCS_Pension Rule_13 Bare_Text_Verified CCS_Pension::Rule_13 Priority::High,CCS_Pension_Rules_2021::02_Qualifying_Service_Rules_11_to_30,Cloze,HIGH,Rule 13 Explanation,CCS21-8eca8d7b
The State-transfer rule's sub-rule (3): State-service pension liability on transfer/resignation-route is borne by{{c1::the Central Government}}—{{c2::NO proportionate recovery from the State}}.,<b>Rule:</b> Centre absorbs the full cost in both transfer and State-transfer resignation routes. Contrast the PSU-counting rule: ABs must DISCHARGE liability via lump sum.<br><br><b>Hinglish:</b> Rajya-seva-ka-bhaar-Kendra-par.<br><br><b>Ref:</b> Rule 13(3); Rule 13(1); Rule 13(2); Rule 14,CCS_Pension Rule_13 Liability Bare_Text_Verified CCS_Pension::Rule_13 Priority::High,CCS_Pension_Rules_2021::02_Qualifying_Service_Rules_11_to_30,Cloze,HIGH,Rule 13(3),CCS21-20b0a97f
The PSU-counting rule's sub-rule (2): State-AB pension-liability discharge is binding via{{c1::reciprocal Centre-State arrangement}}; and PSU-counting bars{{c2::PSU/bank/FI service}}from QS entirely.,"<b>Rule:</b> enforces the PSU-counting rule against State ABs is an absolute exclusion — no counting route exists.<br><br><b>Hinglish:</b> Rajya-nikaay-parasparik; PSU-seva-bahar.<br><br><b>Ref:</b> Rule 14(2), (3); Rule 14(2); Rule 14(3); Rule 14(1)(c)",CCS_Pension Rule_14 Bare_Text_Verified CCS_Pension::Rule_14 Priority::Medium,CCS_Pension_Rules_2021::02_Qualifying_Service_Rules_11_to_30,Cloze,MEDIUM,"Rule 14(2), (3)",CCS21-e84caf82
The civil-return rule's sub-rule (2)(iii) + the military-counting rule Expl-the civil-return rule: pension-equivalent-of-gratuity + commuted part taken in pay fixation is{{c1::SET OFF against retirement gratuity + commuted value}}; only the{{c2::balance refunded}}.,<b>Rule:</b> Set-off-first mechanics; pair with (i) no-refund of pre-employment pension + refund/set-off of pay-ignored element.<br><br><b>Hinglish:</b> Pehle-kaata-phir-lauta.<br><br><b>Ref:</b> Rule 19(2)(iii); Rule 20 Expl-1(iii); Rule 19(2); Rule 20; Rule 19(iii); Rule 19(ii),CCS_Pension Rule_19 Rule_20 Refund Bare_Text_Verified CCS_Pension::Rule_19 Priority::High,CCS_Pension_Rules_2021::02_Qualifying_Service_Rules_11_to_30,Cloze,HIGH,Rule 19(2)(iii),CCS21-f891e4b5
The civil-return rule's sub-rule (4) + the military-counting rule's sub-rule (3): re-employed refunder DIES before full refund — unrefunded amount{{c1::adjusted against death gratuity payable to family}}.,<b>Rule:</b> Death doesn't write off the debt; it migrates to the death-gratuity head. /: 36-instalment refund already carded.<br><br><b>Hinglish:</b> Adhoori-kisht-maut-par-mrityu-updaan-se.<br><br><b>Ref:</b> Rule 19(4); Rule 20(3); Rule 19(3); Rule 19(2),CCS_Pension Rule_19 Rule_20 Refund Bare_Text_Verified CCS_Pension::Rule_19 Priority::High,CCS_Pension_Rules_2021::02_Qualifying_Service_Rules_11_to_30,Cloze,HIGH,Rule 19(4); Rule 20(3),CCS21-7f997928
The leave-counting rule's Explanation tail: NO service-book EOL entry (even late-allowed till 6 months pre-superannuation) → EOL{{c1::COUNTS as qualifying service}}.,<b>Rule:</b> Silence favours the servant — the default is counting; exclusion needs a definite entry. Deepens the existing leave-counting-Expl card.<br><br><b>Hinglish:</b> Entry-nahi to seva-gini.<br><br><b>Ref:</b> Rule 21 Explanation; Rule 21,CCS_Pension Rule_21 Exam_Trap Bare_Text_Verified CCS_Pension::Rule_21 Priority::High,CCS_Pension_Rules_2021::02_Qualifying_Service_Rules_11_to_30,Cloze,HIGH,Rule 21 Explanation,CCS21-2955faf5
The resignation rule's sub-rule (4): station-change gap in a resignation move (≤ joining time) is covered by{{c1::leave due on relief date}}or{{c2::formal condonation for the uncovered part}}.,"<b>Rule:</b> Leave-first, condonation-second — mirrors its training/joining counterpart training-gap logic.<br><br><b>Hinglish:</b> Chhutti-pehle-maafi-baad.<br><br><b>Ref:</b> Rule 26(4); Rule 26(2); Rule 22(4)",CCS_Pension Rule_26 Condonation Bare_Text_Verified CCS_Pension::Rule_26 Priority::Medium,CCS_Pension_Rules_2021::02_Qualifying_Service_Rules_11_to_30,Cloze,MEDIUM,Rule 26(4),CCS21-55e30a25
"RESOLVED — The resignation rule's sub-rule (5) withdrawal needs (i){{c1::compelling reasons (no integrity taint) + material change}}; second,{{c2::clean interim conduct}}; third,{{c3::absence ≤90 days}}; fourth,{{c4::post/comparable post available}}.",<b>Rule:</b> All 4 + public-interest gate; resignation bars private/PSU-bound resignations. Old placeholder card replaced.<br><br><b>Hinglish:</b> Majboori-badalav-sadachar-nabbe-din-padd.<br><br><b>Ref:</b> Rule 26(5); Rule 26(6),CCS_Pension Rule_26 Bare_Text_Verified CCS_Pension::Rule_26 Priority::Critical,CCS_Pension_Rules_2021::02_Qualifying_Service_Rules_11_to_30,Cloze,CRITICAL,Rule 26(5)(i)-(iv),CCS21-5095bd82
The resignation rule's sub-rule (7): withdrawal-and-resume order{{c1::DEEMED to condone the interruption}}— but the gap{{c2::does NOT count as QS}}.,"<b>Rule:</b> Condonation-without-counting: continuity revived, credit denied.<br><br><b>Hinglish:</b> Maafi-haan-ginti-naa.<br><br><b>Ref:</b> Rule 26(7)",CCS_Pension Rule_26 Condonation Bare_Text_Verified CCS_Pension::Rule_26 Priority::High,CCS_Pension_Rules_2021::02_Qualifying_Service_Rules_11_to_30,Cloze,HIGH,Rule 26(7),CCS21-b4afa444
The resignation rule's sub-rule (8): resignation FOR Rule State-absorption/corporate-absorption absorption purposes{{c1::never forfeits}}past Government service.,<b>Rule:</b> Technical-resignation shield for the absorption pipeline.<br><br><b>Hinglish:</b> Samvilan-isteefa-surakshit.<br><br><b>Ref:</b> Rule 26(8); Rule 35; Rule 36,CCS_Pension Rule_26 Bare_Text_Verified CCS_Pension::Rule_26 Priority::Medium,CCS_Pension_Rules_2021::02_Qualifying_Service_Rules_11_to_30,Cloze,MEDIUM,Rule 26(8),CCS21-3b47cb67
RESOLVED — The UN-deputation rule: UN/IMF/IBRD/ADB/Commonwealth deputation — opt{{c1::(a) PAY contribution + COUNT service}}or{{c2::(b) SKIP + refund of any paid contribution}}.,"<b>Rule:</b> Binary, servant's choice-refund proviso prevents forfeiture of paid sums. Old placeholder card replaced.<br><br><b>Hinglish:</b> Videsh-pratiniyukti — do-ya-chhodo.<br><br><b>Ref:</b> Rule 29(a), (b); Rule 29; Rule 29(b)",CCS_Pension Rule_29 Deputation Bare_Text_Verified CCS_Pension::Rule_29 Priority::High,CCS_Pension_Rules_2021::02_Qualifying_Service_Rules_11_to_30,Cloze,HIGH,Rule 29,CCS21-b9587a71
The verification-timeline rule's sub-rule (2): QS verification follows{{c1::the calendar rule's sub-rule (1)(a) procedure}}(HoO route).,<b>Rule:</b> The 18-year/5-year check borrows the retirement-stage verification machinery.<br><br><b>Hinglish:</b> Satyapan-vidhi-sattavan-se.<br><br><b>Ref:</b> Rule 30(2); Rule 57(1)(a),CCS_Pension Rule_30 Bare_Text_Verified CCS_Pension::Rule_30 Priority::Medium,CCS_Pension_Rules_2021::02_Qualifying_Service_Rules_11_to_30,Cloze,MEDIUM,Rule 30(2),CCS21-24426378
The verification-timeline rule's sub-rule (3): transfer from temporary/closed/surplus post → verification{{c1::may be done WHENEVER the event occurs}}(no waiting for 18y/5y).,<b>Rule:</b> Event-triggered early verification; verification-timeline still makes it final (rule-change only).<br><br><b>Hinglish:</b> Vibhag-band to jaanch-turant.<br><br><b>Ref:</b> Rule 30(3); Rule 30(4),CCS_Pension Rule_30 Bare_Text_Verified CCS_Pension::Rule_30 Priority::Medium,CCS_Pension_Rules_2021::02_Qualifying_Service_Rules_11_to_30,Cloze,MEDIUM,Rule 30(3),CCS21-b790f8f1
BARE-TEXT — The emoluments rule's sub-rule (10): retrospective NOTIONAL pay counts as emoluments if{{c1::pay-scale raised retrospectively (notional fixation)}}or{{c2::retrospective promotion via Review-DPC/exoneration/court order (notional fixation)}}.,<b>Rule:</b> Both need notional-fixation-from-past-date mechanics; emoluments proviso excludes other undrawn increases.<br><br><b>Hinglish:</b> Peeche-se-badha-vetan-gina.<br><br><b>Ref:</b> Rule 31(10); Rule 31(2),CCS_Pension Rule_31 Emoluments Bare_Text_Verified CCS_Pension::Rule_31 Priority::High,CCS_Pension_Rules_2021::03_Emoluments_Classes_Rules_31_to_43,Cloze,HIGH,"Rule 31(10)(i), (ii)",CCS21-a9b141a2
BARE-TEXT — The emoluments rule's sub-rule (11): death during a currency-only pay-cut penalty → emoluments ={{c1::NOTIONAL pay ignoring the penalty}}.,<b>Rule:</b> Family shield: temporary penalty dies with the servant for pension math.<br><br><b>Hinglish:</b> Arzi-dand-maut-par-mita.<br><br><b>Ref:</b> Rule 31(11),CCS_Pension Rule_31 Emoluments Bare_Text_Verified CCS_Pension::Rule_31 Priority::High,CCS_Pension_Rules_2021::03_Emoluments_Classes_Rules_31_to_43,Cloze,HIGH,Rule 31(11),CCS21-4c3a3ebf
BARE-TEXT — The emoluments rule's sub-rule (7): State-deputation/foreign-service pay is{{c1::EXCLUDED}}; only{{c2::notional Central-Govt pay}}counts. Contrast the emoluments rule's sub-rule (6):{{c3::ex-cadre/Central + Armed-Forces deputation pay COUNTS}}.,"<b>Rule:</b> Within-Centre = real pay; outside-Centre = notional home pay.<br><br><b>Hinglish:</b> Rajya-pratiniyukti-kalpanik; Kendra-pratiniyukti-vaastavik.<br><br><b>Ref:</b> Rule 31(6), (7); Rule 31(7); Rule 31(6)",CCS_Pension Rule_31 Emoluments Comparison Bare_Text_Verified CCS_Pension::Rule_31 Priority::High,CCS_Pension_Rules_2021::03_Emoluments_Classes_Rules_31_to_43,Cloze,HIGH,"Rule 31(6), (7)",CCS21-b7a33a17
"The average-emoluments rule's sub-rule (3): disregarded EOL/suspension spells pull in{{c1::an EQUAL prior period}}; a month ={{c2::30 days}}; fractions use{{c3::actual-days/30 (PSU-counting/verification-timeline, probation/verification-timeline — February too)}}.",<b>Rule:</b> Gazette Illustration: retire 16.07.2019 → 14/30 Sept + 16/30 July; Feb condonation/UN-deputation irrelevant.<br><br><b>Hinglish:</b> Mahina-tees-din; tukda-batta-tees-se.<br><br><b>Ref:</b> Rule 32(3); Rule 16; Rule 30; Rule 14; Rule 28; Rule 29,CCS_Pension Rule_32 Average_Emoluments Bare_Text_Verified CCS_Pension::Rule_32 Priority::High,CCS_Pension_Rules_2021::03_Emoluments_Classes_Rules_31_to_43,Cloze,HIGH,Rule 32(3),CCS21-785ac246
The average-emoluments rule's sub-rule (5): retrospective notional pay enters the average if{{c1::scale raised retrospectively}}or{{c2::retrospective promotion (Review-DPC / exoneration / court order)}}— both with{{c3::notional fixation from the past date}}.,"<b>Rule:</b> Mirrors its emoluments counterpart for the 10-month window; average-emoluments proviso excludes other undrawn increases.<br><br><b>Hinglish:</b> Peeche-se-badha-ausat-me.<br><br><b>Ref:</b> Rule 32(5)(i), (ii); Rule 32(5); Rule 31(10); Rule 32(2)",CCS_Pension Rule_32 Average_Emoluments Bare_Text_Verified CCS_Pension::Rule_32 Priority::Medium,CCS_Pension_Rules_2021::03_Emoluments_Classes_Rules_31_to_43,Cloze,MEDIUM,Rule 32(5),CCS21-86869bc8
The average-emoluments rule's sub-rule (6): death during a currency-only pay-cut penalty → average uses{{c1::NOTIONAL pay ignoring the penalty for the last 10 months}}.,<b>Rule:</b> the emoluments rule's sub-rule (11)'s twin for average emoluments — temporary penalty dies with the servant.<br><br><b>Hinglish:</b> Arzi-dand-ausat-se-bahar.<br><br><b>Ref:</b> Rule 32(6); Rule 31(11),CCS_Pension Rule_32 Average_Emoluments Bare_Text_Verified CCS_Pension::Rule_32 Priority::Medium,CCS_Pension_Rules_2021::03_Emoluments_Classes_Rules_31_to_43,Cloze,MEDIUM,Rule 32(6),CCS21-d15fdf85
"The State-absorption rule's sub-rule (6): where the State has a SIMILAR pension scheme, absorbee opts{{c1::(a) take Central benefits now}}or{{c2::(b) count Central service in the State for pension}}.","<b>Rule:</b> Gateway option = clean break with pension payout on absorption date.<br><br><b>Hinglish:</b> Rajya-me-gine-ya-Kendra-se-le.<br><br><b>Ref:</b> Rule 35(6)(a), (b); Rule 35(6); Rule 44; Rule 45; Rule 35(a)",CCS_Pension Rule_35 Option Bare_Text_Verified CCS_Pension::Rule_35 Priority::High,CCS_Pension_Rules_2021::03_Emoluments_Classes_Rules_31_to_43,Cloze,HIGH,Rule 35(6),CCS21-a3d9d07d
The State-absorption rule's sub-rule (7): option-the State-absorption rule absorbee retires from the State — who pays pension/gratuity for the ENTIRE service?,<b>Rule:</b> The STATE Government pays all (including Central spell); ZERO proportionate liability on the Centre.<br><br><b>Hinglish:</b> Vikalp-b-par-poora-bhaar-Rajya.<br><br><b>Ref:</b> Rule 35(7); Rule 35(6)(b),CCS_Pension Rule_35 Liability Bare_Text_Verified CCS_Pension::Rule_35 Priority::High,CCS_Pension_Rules_2021::03_Emoluments_Classes_Rules_31_to_43,Basic,HIGH,Rule 35(7),CCS21-b98be6b9
The corporate-absorption rule's sub-rule (2): absorption date ={{c1::actual joining date (immediate + technical resignation + proper permission)}}OR{{c2::unqualified-resignation acceptance date (after foreign-service terms)}}.,"<b>Rule:</b> Keyword trap stands: the State-absorption rule's sub-rule 'deputation' vs the corporate-absorption rule's sub-rule 'foreign service terms'.<br><br><b>Hinglish:</b> Turant-join-ya-isteefa-sweekar.<br><br><b>Ref:</b> Rule 36(2)(i), (ii); Rule 36(2); Rule 35(2)(ii); Rule 36(2)(ii); Rule 36(ii)",CCS_Pension Rule_36 Absorption_Date Bare_Text_Verified CCS_Pension::Rule_36 Priority::High,CCS_Pension_Rules_2021::03_Emoluments_Classes_Rules_31_to_43,Cloze,HIGH,Rule 36(2),CCS21-bfd252a1
"The corporate-absorption rule's sub-rule (4)(7): immediate absorption needs{{c1::Format-5 relieving order with joining period}}(+written extension); relief-joining gap →{{c2::leave due, else EOL}}; resignation accepted from{{c3::day PRECEDING joining (after ascertaining it)}}.","<b>Rule:</b> Paper chain: relieve → join → backdate resignation. Mirrors its State-absorption counterpart.<br><br><b>Hinglish:</b> Format-5-chhutti-pichhli-tithi.<br><br><b>Ref:</b> Rule 36(4), (5), (6), (7); Rule 36(4); Rule 7; Rule 35(3)(5)-(5)",CCS_Pension Rule_36 Format_5 Bare_Text_Verified CCS_Pension::Rule_36 Priority::High,CCS_Pension_Rules_2021::03_Emoluments_Classes_Rules_31_to_43,Cloze,HIGH,Rule 36(4)-(7),CCS21-662b3a70
"The corporate-absorption rule's sub-rule (9): where the Body has a SIMILAR scheme, absorbee opts{{c1::(a) take Central benefits now}}or{{c2::(b) count Central service in the Body}}; 'Body' ={{c3::autonomous OR statutory body}}.",<b>Rule:</b> Same fork as the State-absorption rule's sub-rule triggers Govt lump-sum discharge per the corporate-absorption rule's sub-rule (10)(12) (already carded).<br><br><b>Hinglish:</b> Nikaay-me-gine-ya-Kendra-se-le.<br><br><b>Ref:</b> Rule 36(9); Explanation; Rule 35(6); Rule 36(10)(12)-(12); Rule 36(b); Rule 36(6),CCS_Pension Rule_36 Option Bare_Text_Verified CCS_Pension::Rule_36 Priority::High,CCS_Pension_Rules_2021::03_Emoluments_Classes_Rules_31_to_43,Cloze,HIGH,Rule 36(9),CCS21-885ddac2
The PSU-absorption rule's sub-rule (5)(6): PSU absorption takes effect from{{c1::option-ACCEPTANCE date}}(cease GS + deemed retired); the Govt posts{{c2::STAND ABOLISHED}}.,"<b>Rule:</b> Acceptance is the cut-over; no lingering posts or status.<br><br><b>Hinglish:</b> Sweekar-par-PSU; padd-samapt.<br><br><b>Ref:</b> Rule 37(5), (6); Rule 37(5); Rule 6",CCS_Pension Rule_37 Absorption Bare_Text_Verified CCS_Pension::Rule_37 Priority::High,CCS_Pension_Rules_2021::03_Emoluments_Classes_Rules_31_to_43,Cloze,HIGH,"Rule 37(5), (6)",CCS21-45bd42aa
"The PSU-absorption rule's sub-rule (7)(8): reverters repatriated within{{c1::2 YEARS via surplus cell}}; option-to-reversion spell stays{{c2::deemed deputation (foreign terms, no allowance)}}.","<b>Rule:</b> Mirrors its AB-transfer counterpart for ABs. Repatriation is redeployment, not restoration to old post.<br><br><b>Hinglish:</b> Wapsi-do-saal-adhishesh-prakoshth.<br><br><b>Ref:</b> Rule 37(7), (8); Rule 37(7); Rule 8; Rule 38(6)(7)-(7)",CCS_Pension Rule_37 Repatriation Bare_Text_Verified CCS_Pension::Rule_37 Priority::Medium,CCS_Pension_Rules_2021::03_Emoluments_Classes_Rules_31_to_43,Cloze,MEDIUM,"Rule 37(7), (8)",CCS21-c8ae3b9e
The PSU-absorption rule's sub-rule (9)(10): retire/die ON deemed deputation → pension on{{c1::NOTIONAL Central pay (as if never deputed)}}; paid in the manner{{c2::admin Ministry specifies}}.,"<b>Rule:</b> Deputation never depresses the pension base. Mirrors its AB-transfer counterpart.<br><br><b>Hinglish:</b> Pratinukti-par-bhi-Kendra-vetan.<br><br><b>Ref:</b> Rule 37(9), (10); Rule 37(9); Rule 10; Rule 38(8)(9)-(9)",CCS_Pension Rule_37 Deemed_Deputation Bare_Text_Verified CCS_Pension::Rule_37 Priority::Medium,CCS_Pension_Rules_2021::03_Emoluments_Classes_Rules_31_to_43,Cloze,MEDIUM,"Rule 37(9), (10)",CCS21-91c1be87
"The PSU-absorption rule's sub-rule (11): opt-(b) absorbees ({{c1::temporary IN, casual OUT}}) are governed from absorption by{{c2::PSU rules/bye-laws}}( (subject to (12)-(17)).","<b>Rule:</b> Same inclusion line as the AB-transfer rule's sub-rule (10): temporaries cross over, casuals don't.<br><br><b>Hinglish:</b> Asthaayi-saath; anaemittak-bahar.<br><br><b>Ref:</b> Rule 37(11); Rule 38(10)",CCS_Pension Rule_37 Absorption Bare_Text_Verified CCS_Pension::Rule_37 Priority::Medium,CCS_Pension_Rules_2021::03_Emoluments_Classes_Rules_31_to_43,Cloze,MEDIUM,Rule 37(11),CCS21-193f4809
The PSU-absorption rule's sub-rule (15): combined-service pension ={{c1::as-if-Central-servant-retiring/dying SAME DAY}}; emoluments on{{c2::IDA-pattern PSU pay}}(Explanation).,<b>Rule:</b> Same-day fiction + IDA base; benefits drawn per (18)-(26) machinery.<br><br><b>Hinglish:</b> Usi-din-Kendra-samta; IDA-aadhaar.<br><br><b>Ref:</b> Rule 37(15),CCS_Pension Rule_37 IDA Bare_Text_Verified CCS_Pension::Rule_37 Priority::High,CCS_Pension_Rules_2021::03_Emoluments_Classes_Rules_31_to_43,Cloze,HIGH,Rule 37(15),CCS21-44c83b79
The PSU-absorption rule's sub-rule (16): combined-service absorbee's DR follows{{c1::IDA pattern}}— CONTRAST the AB-transfer rule's sub-rule (15): AB absorbee follows{{c2::CDA pattern}}.,<b>Rule:</b> PSU = Industrial DA; AB = Central DA. Classic one-mark trap.<br><br><b>Hinglish:</b> PSU-IDA; Nikaay-CDA.<br><br><b>Ref:</b> Rule 37(16); Rule 38(15),CCS_Pension Rule_37 Rule_38 IDA_CDA Comparison Exam_Trap Bare_Text_Verified CCS_Pension::Rule_37 Priority::Critical,CCS_Pension_Rules_2021::03_Emoluments_Classes_Rules_31_to_43,Cloze,CRITICAL,Rule 37(16); Rule 38(15),CCS21-b84372a9
TRAP — The PSU-absorption rule's sub-rule (17): permanent (or confirmed) opt-(b) PSU absorbee can seek VR after{{c1::10 years combined QS}}(NOT 20).,<b>Rule:</b> Concessional VR gate for absorbees; benefits per these rules. Contrast the voluntary-retirement rule's 20-year gate.<br><br><b>Hinglish:</b> Samvilit-das-saal-par-swechhik.<br><br><b>Ref:</b> Rule 37(17); Rule 43,CCS_Pension Rule_37 Voluntary_Retirement Exam_Trap Bare_Text_Verified CCS_Pension::Rule_37 Priority::High,CCS_Pension_Rules_2021::03_Emoluments_Classes_Rules_31_to_43,Cloze,HIGH,Rule 37(17),CCS21-19932843
The PSU-absorption rule's sub-rule (18)(20): Pension Fund{{c1::trust}}; Chair ={{c2::admin-Ministry Secretary}}; Trustees ={{c3::DoE + DoPPW + Labour + PSU + employees + experts}}; sanction/disbursement procedure ={{c4::Govt on Trustee recommendation}}.,"<b>Rule:</b> Composition is the exam payload; mirrors its AB-transfer counterpart.<br><br><b>Hinglish:</b> Nyas-adhyaksh-sachiv; chhah-paksh.<br><br><b>Ref:</b> Rule 37(18), (19), (20); Rule 37(18); Rule 20; Rule 38(16)(18)-(18)",CCS_Pension Rule_37 Pension_Fund Bare_Text_Verified CCS_Pension::Rule_37 Priority::High,CCS_Pension_Rules_2021::03_Emoluments_Classes_Rules_31_to_43,Cloze,HIGH,Rule 37(18)-(20),CCS21-8468a75b
The PSU-absorption rule's sub-rule (21): Govt discharges opt-(b) liability via{{c1::ONE-TIME lump sum to the Fund}}={{c2::capitalised pension/service-gratuity + retirement gratuity}}at{{c3::1981 Commutation Table values}}.,<b>Rule:</b> Same discharge formula as the corporate-absorption rule's sub-rule (10)(12) and the AB-transfer rule's sub-rule (19)(21).<br><br><b>Hinglish:</b> Ek-mushth-daayitva-mukti.<br><br><b>Ref:</b> Rule 37(21); Rule 36(10)(12)-(12); Rule 38(19)(21)-(21),CCS_Pension Rule_37 Pension_Fund Bare_Text_Verified CCS_Pension::Rule_37 Priority::Medium,CCS_Pension_Rules_2021::03_Emoluments_Classes_Rules_31_to_43,Cloze,MEDIUM,"Rule 37(21)(a), (b), (c)",CCS21-525e8e12
The PSU-absorption rule's sub-rule (22)(25) money ladder: opt-(a) sharing{{c1::Govt-determined}}; opt-(b) PSU pays{{c2::Trustee-rate contributions (self-supporting Fund)}}; Trust+PSU shortfall →{{c3::Govt via admin Ministry}}; pre-conversion retirees →{{c4::Govt responsibility}}.,"<b>Rule:</b> Identical ladder at the AB-transfer rule's sub-rule (22)(25) for ABs (already carded).<br><br><b>Hinglish:</b> Hissa-anshdaan-kami-pehle-wale.<br><br><b>Ref:</b> Rule 37(22), (23), (24), (25); Rule 37(22); Rule 25; Rule 38(22)(25)-(25)",CCS_Pension Rule_37 Pension_Fund Bare_Text_Verified CCS_Pension::Rule_37 Priority::High,CCS_Pension_Rules_2021::03_Emoluments_Classes_Rules_31_to_43,Cloze,HIGH,Rule 37(22)-(25),CCS21-12133d01
The PSU-absorption rule's sub-rule (26)(27): BSNL/MTNL conversion is CARVED OUT — pension/FP paid by{{c1::the GOVERNMENT}}; Govt specifies{{c2::arrangements + PSU contribution rates + liability funding}}.,"<b>Rule:</b> Telecom exception to the (18)-(25) Fund machinery; links to the Suraj Pratap Singh case-law card.<br><br><b>Hinglish:</b> BSNL-MTNL-sarkar-bhugtaan.<br><br><b>Ref:</b> Rule 37(26), (27); Rule 37(26); Rule 27",CCS_Pension Rule_37 BSNL_MTNL Bare_Text_Verified CCS_Pension::Rule_37 Priority::High,CCS_Pension_Rules_2021::03_Emoluments_Classes_Rules_31_to_43,Cloze,HIGH,"Rule 37(26), (27)",CCS21-cca1733e
The PSU-absorption rule's sub-rule (28): BSNL/MTNL arrangements cover{{c1::existing pensioners + deemed-retired absorbees}}— NOT{{c2::direct BSNL/MTNL recruits (own schemes + own funding)}}.,"<b>Rule:</b> Coverage fence: legacy staff in, direct hires out.<br><br><b>Hinglish:</b> Purane-andar; seedhi-bharti-bahar.<br><br><b>Ref:</b> Rule 37(28)",CCS_Pension Rule_37 BSNL_MTNL Bare_Text_Verified CCS_Pension::Rule_37 Priority::High,CCS_Pension_Rules_2021::03_Emoluments_Classes_Rules_31_to_43,Cloze,HIGH,Rule 37(28),CCS21-7716688e
"The PSU-absorption rule's sub-rule (29)all 2 clauses: on PSU conversion,{{c1::PF balance (with consent)}}+{{c2::EL/HPL credit}}TRANSFER to the PSU. the PSU-absorption rule = 2025 forfeiture rule (already carded).","<b>Rule:</b> Balances travel with the employee; misconduct shield became a sword in 2025.<br><br><b>Hinglish:</b> Jama-poonji-chhutti-saath.<br><br><b>Ref:</b> Rule 37(29)(a), (b); Rule 37(29); Rule 37(a)-(b); Rule 37(29)(c)",CCS_Pension Rule_37 Absorption Bare_Text_Verified CCS_Pension::Rule_37 Priority::Medium,CCS_Pension_Rules_2021::03_Emoluments_Classes_Rules_31_to_43,Cloze,MEDIUM,"Rule 37(29)(a), (b)",CCS21-37fa9a65
"The PSU-absorption rule's sub-rule (30)(31): ≥51% PSU disinvestment →{{c1::Govt safeguards}}incl.{{c2::VR-or-continue}}+{{c3::retirement benefits (Govt or PSU terms, employee's choice)}}+{{c4::assured benefits with QS relaxation}}.","<b>Rule:</b> Mirrors its AB-transfer counterpart for ABs (already carded).<br><br><b>Hinglish:</b> Vinivesh-suraksha-kavach.<br><br><b>Ref:</b> Rule 37(30), (31); Rule 37(30); Rule 31; Rule 38(27)(28)-(28)",CCS_Pension Rule_37 Disinvestment Bare_Text_Verified CCS_Pension::Rule_37 Priority::Medium,CCS_Pension_Rules_2021::03_Emoluments_Classes_Rules_31_to_43,Cloze,MEDIUM,"Rule 37(30), (31)",CCS21-04ff267d
The AB-transfer rule's sub-rule (11)(13): AB absorbee opts{{c1::(a) Central benefits now}}or{{c2::(b) count Central service in the AB}}; opt-(a) pension uses{{c3::notional Central pay}}; paid per{{c4::admin-Ministry manner}}.,"<b>Rule:</b> Same fork as the corporate-absorption rule's sub-rule (12)-track never touches the Pension Fund.<br><br><b>Hinglish:</b> Nikaay-vikalp-Ab.<br><br><b>Ref:</b> Rule 38(11), (12), (13); Rule 38(11); Rule 13; Rule 44; Rule 45; Rule 36(9); Rule 37(12); Rule 38(a); Rule 38(9)",CCS_Pension Rule_38 Option Bare_Text_Verified CCS_Pension::Rule_38 Priority::High,CCS_Pension_Rules_2021::03_Emoluments_Classes_Rules_31_to_43,Cloze,HIGH,"Rule 38(11), (12), (13)",CCS21-adb8e586
The AB-transfer rule's sub-rule (14): opt-(b) AB absorbee + family get{{c1::commutation + gratuity + FP + EOP}}on{{c2::COMBINED service}}at{{c3::the formula in force at AB-retirement/death}}(as-if-Central-servant — Explanation already carded).,<b>Rule:</b> Benefit basket + frozen-formula rule; machinery in (16)-(27).<br><br><b>Hinglish:</b> Sanyukt-seva-sampoorn-tokri.<br><br><b>Ref:</b> Rule 38(14),CCS_Pension Rule_38 Combined_Service Bare_Text_Verified CCS_Pension::Rule_38 Priority::High,CCS_Pension_Rules_2021::03_Emoluments_Classes_Rules_31_to_43,Cloze,HIGH,Rule 38(14),CCS21-da121f95
The AB-transfer rule's sub-rule (15): AB combined-service DR ={{c1::CDA pattern}}(vs IDA for PSU).,<b>Rule:</b> One-line contrast already drilled in the PSU-absorption card — this is the AB-side anchor.<br><br><b>Hinglish:</b> Nikaay-CDA.<br><br><b>Ref:</b> Rule 38(15); Rule 37(16),CCS_Pension Rule_38 CDA Bare_Text_Verified CCS_Pension::Rule_38 Priority::High,CCS_Pension_Rules_2021::03_Emoluments_Classes_Rules_31_to_43,Cloze,HIGH,Rule 38(15),CCS21-14b51f52
The AB-transfer rule's sub-rule (18): opt-(b) sanction/disbursement procedure from the Fund ={{c1::determined by Govt ON Trustee recommendation}}.,<b>Rule:</b> Mirrors its PSU-absorption counterpart; Trustees (the AB-transfer rule's sub-rule (17)) already carded.<br><br><b>Hinglish:</b> Nyasi-sifarish-par-prakriya.<br><br><b>Ref:</b> Rule 38(18); Rule 37(20); Rule 38(17),CCS_Pension Rule_38 Pension_Fund Bare_Text_Verified CCS_Pension::Rule_38 Priority::Medium,CCS_Pension_Rules_2021::03_Emoluments_Classes_Rules_31_to_43,Cloze,MEDIUM,Rule 38(18),CCS21-3be911d2
The DoE-dues rule's sub-rule (4): HoO forwards accommodation details to DoE within{{c1::10 DAYS of receipt}}+{{c2::copy of the AO intimation}}(allottee cases).,"<b>Rule:</b> 10-day clock runs from RECEIPT of servant's details, not from retirement. Pairs with the retirement-list rule's sub-rule 's 10-day AO intimation.<br><br><b>Hinglish:</b> Dus-din-me-DoE-ko.<br><br><b>Ref:</b> Rule 55(4); Rule 54(3); Rule 55(3)",CCS_Pension Rule_55 Timeline Bare_Text_Verified CCS_Pension::Rule_55 Priority::High,CCS_Pension_Rules_2021::06_Bhavishya_Calendar_Rules_53_to_57,Cloze,HIGH,Rule 55(4),CCS21-385bb5aa
The DoE-dues rule's sub-rule (5)(6): lifelong NON-allottee declares so{{c1::1 YEAR before superannuation}}(DoE-dues cases) or{{c2::IMMEDIATELY on approval/effectiveness}}(DoE-dues cases); HoO verifies records →{{c3::NO DoE reference needed}}.,"<b>Rule:</b> Declaration kills the NDC track; mirror mislabels as '(0)' — content clear.<br><br><b>Hinglish:</b> Kabhi-makaan-nahi to ghoshna-kaafi.<br><br><b>Ref:</b> Rule 55(5), (6); Rule 55(5); Rule 6; Rule 55(1); Rule 55(2); Rule 55(6)",CCS_Pension Rule_55 NDC Bare_Text_Verified CCS_Pension::Rule_55 Priority::Medium,CCS_Pension_Rules_2021::06_Bhavishya_Calendar_Rules_53_to_57,Cloze,MEDIUM,"Rule 55(5), (6)",CCS21-82843c5c
The DoE-dues rule's Explanation: 'Directorate of Estates' includes{{c1::ANY other office/agency handling Govt-accommodation allotment/maintenance}}.,<b>Rule:</b> Functional definition — applies everywhere DoE appears in these rules.<br><br><b>Hinglish:</b> Sampada-nideshalaya-vyaapak.<br><br><b>Ref:</b> Rule 55 Explanation; Rule 55,CCS_Pension Rule_55 Definition Bare_Text_Verified CCS_Pension::Rule_55 Priority::Medium,CCS_Pension_Rules_2021::06_Bhavishya_Calendar_Rules_53_to_57,Cloze,MEDIUM,Rule 55 Explanation,CCS21-bca4e518
The calendar rule's sub-rule (1)(a)(vii) -(ix): Stage-1 verification completes{{c1::8 MONTHS before superannuation}}; unverifiable spells → servant files{{c2::plain-paper statement + TRUTH declaration within 1 month}}→ HoO{{c3::ADMITS the spell on those facts}}.,"<b>Rule:</b> Self-certification backstop; pairs with deemed-qualifying + Secretary-fixes-responsibility (tabled already).<br><br><b>Hinglish:</b> Aath-mahine-pehle; sach-ghoshna-par-maan.<br><br><b>Ref:</b> Rule 57(1)(a)(vii), (viii), (ix); Rule 57(1); Rule 57(v); Rule 57(vi)",CCS_Pension Rule_57 Verification Bare_Text_Verified CCS_Pension::Rule_57 Priority::High,CCS_Pension_Rules_2021::06_Bhavishya_Calendar_Rules_53_to_57,Cloze,HIGH,Rule 57(1)(a),CCS21-58f99d18
The calendar rule's sub-rule (1)(a)(x): servant's WILFUL incorrect info fetching undue benefits ={{c1::GRAVE MISCONDUCT}}.,<b>Rule:</b> Criminalises the Stage-1 lie; feeds conduct misconduct machinery post-retirement.<br><br><b>Hinglish:</b> Jaanboojh-jhooth-ghor-durachar.<br><br><b>Ref:</b> Rule 57(1)(a)(x); Rule 57(1); Rule 7; Rule 8,CCS_Pension Rule_57 Misconduct Bare_Text_Verified CCS_Pension::Rule_57 Priority::High,CCS_Pension_Rules_2021::06_Bhavishya_Calendar_Rules_53_to_57,Cloze,HIGH,Rule 57(1)(a)(x),CCS21-471aac1e
The calendar rule's sub-rule (1)(b)(iii) -(iv): un-makable-good gaps + no-statement spells + still-unverified entries are{{c1::IGNORED (QS decided on service-book entries)}}; 10-month emoluments verified{{c2::FROM the service book}}.,"<b>Rule:</b> Ignore-and-decide rule 24-month lookback already carded.<br><br><b>Hinglish:</b> Na-sudhrega-upekshit; seva-pustika-antim.<br><br><b>Ref:</b> Rule 57(1)(b)(iii), (iv); Rule 57(1); Rule 57(v)",CCS_Pension Rule_57 Bare_Text_Verified CCS_Pension::Rule_57 Priority::Medium,CCS_Pension_Rules_2021::06_Bhavishya_Calendar_Rules_53_to_57,Cloze,MEDIUM,Rule 57(1)(b),CCS21-70944b8e
The calendar rule's sub-rule (2)(b): servant may ALSO apply in the retirement form for{{c1::commutation of a % of pension (1981 Rules)}}— but calendar proviso: family-filed forms give{{c2::NO commutation till he applies personally}}.,<b>Rule:</b> Commutation % rides the retirement application; family filing forfeits it temporarily (2024 text: Form 6-A; mirror shows Form 6).<br><br><b>Hinglish:</b> Rashikaran-vikalp-saath; parivar-daakhil-par-ruka.<br><br><b>Ref:</b> Rule 57(2)(b); Rule 57(3)/R58(2) provisos; Rule 57(2); Rule 57(3); Rule 58(2),CCS_Pension Rule_57 Rule_58 Commutation Bare_Text_Verified CCS_Pension::Rule_57 Priority::High,CCS_Pension_Rules_2021::06_Bhavishya_Calendar_Rules_53_to_57,Cloze,HIGH,Rule 57(2)(b),CCS21-2da97d13
The case-build rule's sub-rule (2): servant DIES after retirement WITHOUT filing calendar forms → action per{{c1::the authorisation rule}}.,<b>Rule:</b> Cross-ref to the recipient-track machinery (dual-route forwarding — already carded post-2024).<br><br><b>Hinglish:</b> Bina-form-maut-assi-paanch.<br><br><b>Ref:</b> Rule 59(2); Rule 57; Rule 58; Rule 80(5),CCS_Pension Rule_59 Bare_Text_Verified CCS_Pension::Rule_59 Priority::Medium,CCS_Pension_Rules_2021::07_Retirement_Processing_Rules_58_to_70,Cloze,MEDIUM,Rule 59(2),CCS21-eaaf3601
The provisional-pension rule's sub-rule (5): provisional pension/gratuity{{c1::revised if necessary after detailed record scrutiny}}(mirror mislabels it as a second '(3)').,<b>Rule:</b> Scrutiny-revision sits between sanction - and the 6-month machinery -.<br><br><b>Hinglish:</b> Gehri-jaanch-par-sanshodhan.<br><br><b>Ref:</b> Rule 62(5); Rule 62(3); Rule 62(4); Rule 62(6); Rule 62(7),CCS_Pension Rule_62 Bare_Text_Verified CCS_Pension::Rule_62 Priority::Medium,CCS_Pension_Rules_2021::07_Retirement_Processing_Rules_58_to_70,Cloze,MEDIUM,Rule 62(5),CCS21-27a588f9
The provisional-pension rule's sub-rule (10):{{c1::HoO's personal responsibility}}to ensure provisional sanction whenever PPO issue is DELAYED.,<b>Rule:</b> Duty-to-provision: delay without provisional cover is HoO's failure.<br><br><b>Hinglish:</b> Deri-par-asthaayi-dayitva.<br><br><b>Ref:</b> Rule 62(10),CCS_Pension Rule_62 Responsibility Bare_Text_Verified CCS_Pension::Rule_62 Priority::High,CCS_Pension_Rules_2021::07_Retirement_Processing_Rules_58_to_70,Cloze,HIGH,Rule 62(10),CCS21-a5de2413
"Before gratuity drawal, the AO intimates the payable amount to the HoO only AFTER adjusting {{c1::Government dues}} + {{c2::DoE withholding}}.",<b>Rule:</b> Gratuity flows AO→HoO→retiree only after both cuts are applied.<br><br><b>Hinglish:</b> Updaan-kaanton-ke-baad.<br><br><b>Ref:</b> Rule 63(2); Rule 67; Rule 68(5),CCS_Pension Rule_63 Gratuity Bare_Text_Verified CCS_Pension::Rule_63 Priority::High,CCS_Pension_Rules_2021::07_Retirement_Processing_Rules_58_to_70,Cloze,HIGH,Rule 63(2),CCS21-2a6d3c09
The pension-payment rule's sub-rule (3): withholding gratuity is{{c1::adjusted vs DoE-intimated licence fee}}; balance{{c2::REFUNDED to the retiree}}.,<b>Rule:</b> Withhold→adjust→refund pipeline; pairs with the pension-payment rule's sub-rule.<br><br><b>Hinglish:</b> Roki-rashi-hisaab-phir-wapsi.<br><br><b>Ref:</b> Rule 63(3); Rule 68(5); Rule 63(2),CCS_Pension Rule_63 Gratuity Bare_Text_Verified CCS_Pension::Rule_63 Priority::Medium,CCS_Pension_Rules_2021::07_Retirement_Processing_Rules_58_to_70,Cloze,MEDIUM,Rule 63(3),CCS21-c0eda53a
The pension-payment rule's sub-rule (5)(a): proceedings PENDING at retirement →{{c1::proceedings provisional pension + NO gratuity}}; after final orders HoO forwards{{c2::orders + Form-7A within 30 DAYS}}.,<b>Rule:</b> Text cites 'the proceedings rule's sub-rule ' for provisional — verified home is the proceedings rule's sub-rule; the proceedings rule is the no-gratuity clause. Flag the cross-ref quirk.<br><br><b>Hinglish:</b> Karyavahi-par-asthaayi; faisle-par-form-7A.<br><br><b>Ref:</b> Rule 63(5)(a); Rule 8(4); Rule 63(5); Rule 8; Rule 8(4)(c); Rule 8(5); Rule 63(4),CCS_Pension Rule_63 Proceedings Bare_Text_Verified CCS_Pension::Rule_63 Priority::High,CCS_Pension_Rules_2021::07_Retirement_Processing_Rules_58_to_70,Cloze,HIGH,Rule 63(5)(a),CCS21-1ab22d0e
"The pension-payment rule's sub-rule (5)(b): on receipt of final orders + Form-7A, AO authorises FINAL pension within{{c1::30 DAYS}}.",<b>Rule:</b> Twin 30-day clocks: HoO-forwards + AO-authorises.<br><br><b>Hinglish:</b> Tees-din-jod.<br><br><b>Ref:</b> Rule 63(5)(b); Rule 63(5); Rule 63(a); Rule 63(b),CCS_Pension Rule_63 Timeline Bare_Text_Verified CCS_Pension::Rule_63 Priority::High,CCS_Pension_Rules_2021::07_Retirement_Processing_Rules_58_to_70,Cloze,HIGH,Rule 63(5)(b),CCS21-c9a8d471
The pension-payment rule's sub-rule (1)(e): post-retirement MARRIAGE intimation (the family-pension rule's sub-rule (15)(f)) → HoO{{c1::verifies + forwards}}→ AO{{c2::records + issues Revised PPA}}— unless{{c3::eligible children from earlier marriage exist}}.,<b>Rule:</b> New spouse enters PPO only if no competing earlier-marriage claim.<br><br><b>Hinglish:</b> Baad-ki-shaadi-PPO-me-shartiya.<br><br><b>Ref:</b> Rule 63(1)(e); Rule 63(1); Rule 50(15)(f),CCS_Pension Rule_63 Revised_PPA Bare_Text_Verified CCS_Pension::Rule_63 Priority::High,CCS_Pension_Rules_2021::07_Retirement_Processing_Rules_58_to_70,Cloze,HIGH,Rule 63(1)(e),CCS21-827bc9fa
"TRAP — The pension-payment rule's sub-rule (4)(b): retirement-track CPAO seal ={{c1::21 DAYS}}(AO→CPAO 2 months); death/recipient-track seal ={{c2::10 DAYS}}(the payment rule's sub-rule (8)(b), the authorisation rule's sub-rule (3)).",<b>Rule:</b> 21-vs-10 by track; PDA pays on due date per CGA/CPAO orders — the pension-payment rule's sub-rule.<br><br><b>Hinglish:</b> Sewanivritt-ikkis; mrityu-das.<br><br><b>Ref:</b> Rule 63(4); Rule 76(8)(b); Rule 80(3); Rule 63(4)(c); Rule 63(c),CCS_Pension Rule_63 CPAO Exam_Trap Bare_Text_Verified CCS_Pension::Rule_63 Priority::Critical,CCS_Pension_Rules_2021::07_Retirement_Processing_Rules_58_to_70,Cloze,CRITICAL,"Rule 63(4)(a), (b), (c)",CCS21-d75b5877
The interest rule's sub-rule (4): interest sanction → Ministry MUST{{c1::fix responsibility + take disciplinary action}}; payout{{c2::does NOT wait for proceedings outcome}}.,<b>Rule:</b> Punish-and-pay-in-parallel; pairs with Secy/JS sanction + 2-month payout (carded).<br><br><b>Hinglish:</b> Dand-aur-bhugtaan-saath.<br><br><b>Ref:</b> Rule 65(4); Rule 65(2); Rule 65(3),CCS_Pension Rule_65 Responsibility Bare_Text_Verified CCS_Pension::Rule_65 Priority::High,CCS_Pension_Rules_2021::07_Retirement_Processing_Rules_58_to_70,Cloze,HIGH,Rule 65(4),CCS21-b63876df
The interest rule's sub-rule (5)all 2 clauses: interest runs from{{c1::day-after-3-months from RETIREMENT}}(superannuation) or{{c2::day-after-3-months from retirement/absorption/DEATH}}(others).,"<b>Rule:</b> The 3-month tripwire is mislabeled '(11)' in the mirror — content verified.<br><br><b>Hinglish:</b> Teen-mahine-ke-baad-byaaj.<br><br><b>Ref:</b> Rule 65(5)(a), (b); Rule 65(5); Rule 65(a)-(b)",CCS_Pension Rule_65 Interest Bare_Text_Verified CCS_Pension::Rule_65 Priority::Critical,CCS_Pension_Rules_2021::07_Retirement_Processing_Rules_58_to_70,Cloze,CRITICAL,"Rule 65(5)(a), (b)",CCS21-7dcd77b1
The interest rule's sub-rule (5)all 3 clauses proceedings trio: EXONERATED →{{c1::3mo from RETIREMENT}}; NOT-fully-exonerated-but-allowed →{{c2::3mo from the PAYMENT ORDER}}; DROPPED-ON-DEATH →{{c3::3mo from DEATH}}(pension+FP+gratuity).,"<b>Rule:</b> cites proceedings but the proceedings rule cite 'the proceedings rule's sub-rule ' — same cross-ref quirk as the pension-payment rule's sub-rule; no-gratuity home is the proceedings rule's sub-rule.<br><br><b>Hinglish:</b> Bari-aadesh-maut-teen-ghadi.<br><br><b>Ref:</b> Rule 65(5)(c), (d), (e); Rule 65(5); Rule 65(c)-(e); Rule 8(d)(e); Rule 8(4)(c); Rule 8(5); Rule 63(5); Rule 65(c); Rule 65(4)",CCS_Pension Rule_65 Interest Bare_Text_Verified CCS_Pension::Rule_65 Priority::High,CCS_Pension_Rules_2021::07_Retirement_Processing_Rules_58_to_70,Cloze,HIGH,Rule 65(5)(c)-(e),CCS21-38a955a7
The interest rule's sub-rule (5)(f): retrospective EMOLUMENT revision / LIBERALISATION → interest from{{c1::3mo after the REVISION/LIBERALISATION order}}.,"<b>Rule:</b> Sixth tripwire; arrears clock starts at the policy order, not retirement.<br><br><b>Hinglish:</b> Nayi-udarta-nayi-ghadi.<br><br><b>Ref:</b> Rule 65(5)(f); Rule 65(5)",CCS_Pension Rule_65 Interest Bare_Text_Verified CCS_Pension::Rule_65 Priority::High,CCS_Pension_Rules_2021::07_Retirement_Processing_Rules_58_to_70,Cloze,HIGH,Rule 65(5)(f),CCS21-b2618af7
The dues rule's sub-rule (3):{{c1::ONLY dues dues}}touch gratuity — any NON-dues are{{c2::NOT recoverable from it}}.,<b>Rule:</b> Exclusivity fence duty + baskets already carded.<br><br><b>Hinglish:</b> Sarkari-bakaaya-hi-katta.<br><br><b>Ref:</b> Rule 67(3); Rule 67; Rule 67(1); Rule 67(2),CCS_Pension Rule_67 Exclusivity Bare_Text_Verified CCS_Pension::Rule_67 Priority::High,CCS_Pension_Rules_2021::07_Retirement_Processing_Rules_58_to_70,Cloze,HIGH,Rule 67(3),CCS21-a53445e5
The withholding rule's sub-rule (8): leftover licence/damages/utility dues →{{c1::DR recovery WITHOUT consent}};{{c2::NO DR till full recovery}}. 'Licence fee' includes{{c3::damage/fitting charges}}(Explanation).,"<b>Rule:</b> DR is the last-resort collection head; death-track twin at the death-dues rule's sub-rule (x).<br><br><b>Hinglish:</b> Bakaaya-mehngai-se-bina-marzi.<br><br><b>Ref:</b> Rule 68(8), Explanation; Rule 68(8); Rule 77(1)(x); Rule 68(1)",CCS_Pension Rule_68 DR_Recovery Bare_Text_Verified CCS_Pension::Rule_68 Priority::High,CCS_Pension_Rules_2021::07_Retirement_Processing_Rules_58_to_70,Cloze,HIGH,Rule 68(8),CCS21-7c3524af
The death-intimation rule's sub-rule (6)all 2 clauses: missing-person FP/gratuity claims need{{c1::FIR/DDR/GDE + police UNTRACED report FIRST}}; bundle ={{c2::Format-9 bank vow + Format-8 indemnity + FIR copy + untraced copy}}.,"<b>Rule:</b> Paper-gate before HoO acts; mirrors its missing-persons counterpart + the pensioner-death rule's sub-rule.<br><br><b>Hinglish:</b> FIR-na-mile-kagaz-tab-daava.<br><br><b>Ref:</b> Rule 71(6)(c), (d); Rule 71(6); Rule 71(c)-(d); Rule 51(5); Rule 79(3)(iii); Rule 71(3); Rule 71(iii)",CCS_Pension Rule_71 Missing_Person Bare_Text_Verified CCS_Pension::Rule_71 Priority::High,CCS_Pension_Rules_2021::08_Death_Cases_Rules_71_to_79,Cloze,HIGH,"Rule 71(6)(c), (d)",CCS21-0199cc5f
"The death-intimation rule's sub-rule (6)all 2 clauses: HoO{{c1::NEVER waits for a death certificate}}(acts on credible info) + makes{{c2::SPECIAL efforts: in-person forms if family local, full kit by post if outside}}.","<b>Rule:</b> Anti-delay duo: trigger-now + handhold-the-family.<br><br><b>Hinglish:</b> Maut-praman-ka-intezar-nahi.<br><br><b>Ref:</b> Rule 71(6)(e), (f); Rule 71(6); Rule 71(e)-(f)",CCS_Pension Rule_71 Bare_Text_Verified CCS_Pension::Rule_71 Priority::High,CCS_Pension_Rules_2021::08_Death_Cases_Rules_71_to_79,Cloze,HIGH,"Rule 71(6)(e), (f)",CCS21-9f7c6ebf
The death-intimation rule's sub-rule (6)(g): non-spouse FP claimant files{{c1::family-pension income docs (ITR / SDM cert / HoO-discretion)}}. NOTE: death-intimation has{{c2::NO (7)}}— the death-intimation rule-(g) is the end.,<b>Rule:</b> Audit's 'the death-intimation rule' = this the death-intimation rule content. Same docs at the pensioner-death rule's sub-rule.<br><br><b>Hinglish:</b> Vidhva-chhod-aaya-kagaz-lao.<br><br><b>Ref:</b> Rule 71(6)(g); Rule 71(6); Rule 50(12)(b); Rule 71; Rule 71(6)(a); Rule 79(3)(vii); Rule 71(7); Rule 71(3); Rule 71(vii),CCS_Pension Rule_71 Enumeration Bare_Text_Verified CCS_Pension::Rule_71 Priority::Medium,CCS_Pension_Rules_2021::08_Death_Cases_Rules_71_to_79,Cloze,MEDIUM,Rule 71(6)(g),CCS21-fdbc9d96
"The FP-settlement rule's sub-rule (2)(b)(iii) -(vi): other-office reply in{{c1::1 MONTH}}(+simultaneous unverifiable-notice); silence ={{c2::DEEMED qualifying}}; failure →{{c3::Secretary fixes responsibility}}; unmakable gaps{{c4::IGNORED, service-book decides}}.",<b>Rule:</b> Death-track twin of the calendar rule's sub-rule -+the calendar rule — with a 1-month (not 2-month) fuse.<br><br><b>Hinglish:</b> Ek-mahina-chuppi-maan.<br><br><b>Ref:</b> Rule 73(2)(b)(iii)-(vi); Rule 73(2); Rule 57(b)(iii); Rule 57(1)(a)(iv); Rule 73(1); Rule 73(a); Rule 73(iv); Rule 73(vi),CCS_Pension Rule_73 Verification Bare_Text_Verified CCS_Pension::Rule_73 Priority::High,CCS_Pension_Rules_2021::08_Death_Cases_Rules_71_to_79,Cloze,HIGH,Rule 73(2)(b),CCS21-9c532e8e
The FP-settlement rule's sub-rule (3): full verification DELAYED → provisional gratuity on{{c1::the LAST VERIFIED spell immediately preceding death}}(per the death-payment rule's sub-rule (7)).,<b>Rule:</b> Verified-to-date payout; final follows on full verification.<br><br><b>Hinglish:</b> Jitna-satyapit-utna-turant.<br><br><b>Ref:</b> Rule 73(3); Rule 75(7),CCS_Pension Rule_73 Provisional_Gratuity Bare_Text_Verified CCS_Pension::Rule_73 Priority::High,CCS_Pension_Rules_2021::08_Death_Cases_Rules_71_to_79,Cloze,HIGH,Rule 73(3),CCS21-b4b2b304
The death-forwarding rule's sub-rule (2): missing Form-4/office-record details{{c1::NEVER reject}}an otherwise-eligible FP claim (HoO satisfaction governs).,"<b>Rule:</b> Third telling of the rule: the family-pension rule's sub-rule (15)(i), the death-forwarding rule's sub-rule, the pensioner-death rule's sub-rule. Records serve eligibility, not vice versa.<br><br><b>Hinglish:</b> Kagaz-kami-daava-nahi-rokta.<br><br><b>Ref:</b> Rule 74(2); Rule 50(15)(i); Rule 79(3)(vi); Rule 74(3); Rule 74(vi)",CCS_Pension Rule_74 Bare_Text_Verified CCS_Pension::Rule_74 Priority::High,CCS_Pension_Rules_2021::08_Death_Cases_Rules_71_to_79,Cloze,HIGH,Rule 74(2),CCS21-bf2482b7
The death-forwarding rule's sub-rule (4)(5): HoO retains{{c1::Format-10 + Form-10 + Form-death-forwarding copies}}; flags to AO{{c2::death-dues-assessed dues + 10%-MAX holdover (unassessed + margin)}}.,"<b>Rule:</b> the death-forwarding rule known dues + unknown-dues holdover + 10% cap.<br><br><b>Hinglish:</b> Pratilipi-rakho; das-pratishat-roko.<br><br><b>Ref:</b> Rule 74(4), (5); Rule 74(4); Rule 5; Rule 74; Rule 77; Rule 74(5)(a); Rule 74(b); Rule 74(c)",CCS_Pension Rule_74 Dues Bare_Text_Verified CCS_Pension::Rule_74 Priority::High,CCS_Pension_Rules_2021::08_Death_Cases_Rules_71_to_79,Cloze,HIGH,"Rule 74(4), (5)",CCS21-035c2344
"Under the secondary-sourced death-payment account, the HoO draws {{c1::100% provisional death gratuity}} + a sanction letter indicating {{c2::recoverable dues}} — verbatim?",<b>Rule:</b> Sanction letter shows recoverable dues (Government-dues basket + 10% DoE hold). Content per CSS-ADDA study notes (Mar-2026) + cross-cite; bare-text wording still UNSEEN — VERIFY on egazette before quoting verbatim.<br><br><b>Hinglish:</b> Sau-fisdi-asthaayi; baqaaya-ankit.<br><br><b>Ref:</b> Rule 74(3) — VERIFY verbatim; Rule 67; Rule 75(5)(b),CCS_Pension Rule_74 Exam_Trap Bare_Text_Verified CCS_Pension::Rule_74 Priority::Medium,CCS_Pension_Rules_2021::08_Death_Cases_Rules_71_to_79,Cloze,MEDIUM,Rule 74(3),CCS21-fc2a08bf
"The death-payment rule's sub-rule (7): unverified-at-death service → provisional gratuity on{{c1::LAST VERIFIED pre-death spell}}(gratuity rates), authorised within{{c2::1 MONTH of death-intimation (once Form 9 in)}}; FINAL within{{c3::3 MONTHS of provisional authority}}.","<b>Rule:</b> 1-month provisional + 3-month final; the death-payment rule's sub-rule: HoO informs AO once paid.<br><br><b>Hinglish:</b> Ek-mahina-asthaayi; teen-me-antim.<br><br><b>Ref:</b> Rule 75(7), (8); Rule 75(7); Rule 45(1)(b); Rule 75(8)",CCS_Pension Rule_75 Provisional_Gratuity Bare_Text_Verified CCS_Pension::Rule_75 Priority::High,CCS_Pension_Rules_2021::08_Death_Cases_Rules_71_to_79,Cloze,HIGH,"Rule 75(7), (8)",CCS21-0b0a3449
The payment rule's sub-rule (5A) CONTENT (2022 renumber): AO{{c1::PROMPTLY reports PPO issue to HoO}}+{{c2::returns unneeded documents}}.,<b>Rule:</b> The duplicate- fix now has its content carded; renumbering card already exists.<br><br><b>Hinglish:</b> PPO-ki-soochna-turant.<br><br><b>Ref:</b> Rule 76(5A); G.S.R. 770(E); Rule 76(5),CCS_Pension Rule_76 GSR_770_E_2022 Bare_Text_Verified CCS_Pension::Rule_76 Priority::Medium,CCS_Pension_Rules_2021::08_Death_Cases_Rules_71_to_79,Cloze,MEDIUM,Rule 76(5A),CCS21-38bd0f70
The payment rule's sub-rule (3)all 2 clauses [mirror (h)-(i)]: PPO states{{c1::provisional-pay-till date + PDA-effective-from date (CPAO-lag-adjusted)}}; FP arrears for the provisional spell are{{c2::authorised to HoO for payment}}.,<b>Rule:</b> Bridge-dates + arrears-routing; the payment rule already carded.<br><br><b>Hinglish:</b> Pul-tithi-baaki-HoO-se.<br><br><b>Ref:</b> Rule 76(3); Rule 76(c)-(d); Rule 76(a)(b)(e)(f),CCS_Pension Rule_76 PPO Bare_Text_Verified CCS_Pension::Rule_76 Priority::High,CCS_Pension_Rules_2021::08_Death_Cases_Rules_71_to_79,Cloze,HIGH,Rule 76(3),CCS21-c6fe014f
The payment rule's sub-rule (4): first-FP authorisation ALSO co-names{{c1::disabled children + dependent parents + disabled siblings}}— if{{c2::nobody ranks ahead of them}}.,<b>Rule:</b> Same co-authorisation formula as the pension-payment rule's sub-rule + the pensioner-death rule's sub-rule.<br><br><b>Hinglish:</b> Pehle-adhikaar-par-sah-naam.<br><br><b>Ref:</b> Rule 76(4); Rule 63(1)(e); Rule 79(2)(b)(ii); Rule 76(1); Rule 76(e); Rule 76(2); Rule 76(b); Rule 76(ii),CCS_Pension Rule_76 Coauthorisation Bare_Text_Verified CCS_Pension::Rule_76 Priority::Medium,CCS_Pension_Rules_2021::08_Death_Cases_Rules_71_to_79,Cloze,MEDIUM,Rule 76(4),CCS21-4538a63f
The payment rule's sub-rule (5)all 2 clauses: balance death gratuity ={{c1::assessed minus outstanding}}; HoO disburses to{{c2::the SAME provisional-gratuity recipients}}.,"<b>Rule:</b> Balance follows the provisional trail — no re-routing.<br><br><b>Hinglish:</b> Shesh-asthaayi-praptakarta-ko.<br><br><b>Ref:</b> Rule 76(5)(a), (b); Rule 76(5); Rule 76(a)-(b)",CCS_Pension Rule_76 Gratuity Bare_Text_Verified CCS_Pension::Rule_76 Priority::High,CCS_Pension_Rules_2021::08_Death_Cases_Rules_71_to_79,Cloze,HIGH,"Rule 76(5)(a), (b)",CCS21-226501a1
"The payment rule's sub-rule (5)all 3 clauses: missing-person gratuity assessed{{c1::minus outstanding}}, disbursed per{{c2::gratuity-distribution after the 6-month bar}}(1-month AO intimation); the death-dues rule's sub-rule (1)(viii)-withheld sums{{c3::adjusted vs licence fee, balance refunded}}.","<b>Rule:</b> Missing gratuity = assess → wait 6 months → pay per ladder.<br><br><b>Hinglish:</b> Lapata-updaan-chhah-mahine-baad.<br><br><b>Ref:</b> Rule 76(5)(c), (d), (e); Rule 76(5); Rule 76(c)-(e); Rule 47; Rule 77(1)(viii)",CCS_Pension Rule_76 Missing_Person Bare_Text_Verified CCS_Pension::Rule_76 Priority::High,CCS_Pension_Rules_2021::08_Death_Cases_Rules_71_to_79,Cloze,HIGH,Rule 76(5)(c)-(e),CCS21-ebdc665a
"The payment rule's sub-rule (6): excess provisional FP is{{c1::RECOVERABLE — first from GRATUITY, else future-FP instalments}}; but the payment rule's sub-rule (7): excess provisional GRATUITY ={{c2::NO REFUND + HoD fixes responsibility}}.","<b>Rule:</b> Same asymmetry as the provisional-pension rule's sub-rule /: pension claws back, gratuity doesn't.<br><br><b>Hinglish:</b> Pension-wapas; updaan-maaf.<br><br><b>Ref:</b> Rule 76(6), (7); Rule 76(6); Rule 76(7); Rule 62(6)(b); Rule 76(b); Rule 76(c)",CCS_Pension Rule_76 Recovery Comparison Bare_Text_Verified CCS_Pension::Rule_76 Priority::Critical,CCS_Pension_Rules_2021::08_Death_Cases_Rules_71_to_79,Cloze,CRITICAL,"Rule 76(6), (7)",CCS21-66d0db1d
The payment rule's sub-rule (8): death-track paper chain ={{c1::AO→CPAO 1 MONTH}}→{{c2::CPAO seal 10 DAYS}}→{{c3::PDA pays 15 DAYS}}; multi-member FP/gratuity cases are{{c4::DE-LINKED per member (d)-(e)}}.,<b>Rule:</b> 1mo-10d-15d heartbeat; de-linking twins the gratuity-distribution rule's sub-rule.<br><br><b>Hinglish:</b> Ek-mahina-das-pandrah; alag-alag-nipatao.<br><br><b>Ref:</b> Rule 76(8); Rule 47(8),CCS_Pension Rule_76 Timeline Bare_Text_Verified CCS_Pension::Rule_76 Priority::High,CCS_Pension_Rules_2021::08_Death_Cases_Rules_71_to_79,Cloze,HIGH,Rule 76(8)(a)-(e),CCS21-359bd9dc
The death-dues rule's sub-rule (1)(viii) -(x): DoE dues cross-checked vs{{c1::ACQUITTANCE ROLLS (already-recovered → flag pay bills + pay withheld sum)}}; truly-outstanding →{{c2::adjust from 10% + refund rest}}; leftovers →{{c3::DR recovery WITHOUT family-pensioner consent}}.,"<b>Rule:</b> Verify-before-keep; DR is the terminal collection head (twin: the withholding rule's sub-rule ).<br><br><b>Hinglish:</b> Pehle-muster-roll-phir-kaato.<br><br><b>Ref:</b> Rule 77(1)(viii), (ix), (x); Rule 77(1); Rule 68(8); Rule 77(8)",CCS_Pension Rule_77 DR_Recovery Bare_Text_Verified CCS_Pension::Rule_77 Priority::High,CCS_Pension_Rules_2021::08_Death_Cases_Rules_71_to_79,Cloze,HIGH,Rule 77(1),CCS21-41744381
NON-accommodation Government dues are ascertained within {{c1::15 DAYS of death/disappearance intimation}} → recovered from {{c2::gratuity}}.,<b>Rule:</b> 15-day fuse for the non-housing trail; separate from the housing ladder.<br><br><b>Hinglish:</b> Pandrah-din-gair-makaan-hisaab.<br><br><b>Ref:</b> Rule 77(2); Rule 67; Rule 77(1),CCS_Pension Rule_77 Timeline Bare_Text_Verified CCS_Pension::Rule_77 Priority::High,CCS_Pension_Rules_2021::08_Death_Cases_Rules_71_to_79,Cloze,HIGH,Rule 77(2),CCS21-20f96cde
The pensioner-death rule's sub-rule (2)(b)(ii): Format-13 sanction ALSO co-names{{c1::disabled children + dependent parents + disabled siblings}}(if nobody ranks ahead).,<b>Rule:</b> Same formula as the pension-payment rule's sub-rule + the payment rule's sub-rule; the payment rule Format-13 sanction already carded.<br><br><b>Hinglish:</b> Form-13-par-sah-naam.<br><br><b>Ref:</b> Rule 79(2)(b)(ii); Rule 79(2); Rule 76(b)(i); Rule 63(1)(e); Rule 76(4); Rule 79(1); Rule 79(e); Rule 79(4),CCS_Pension Rule_79 Coauthorisation Bare_Text_Verified CCS_Pension::Rule_79 Priority::Medium,CCS_Pension_Rules_2021::08_Death_Cases_Rules_71_to_79,Cloze,MEDIUM,Rule 79(2)(b)(ii),CCS21-8116db91
The pensioner-death rule's sub-rule (3)(vi) -(vii): missing-pensioner claim{{c1::NEVER rejected for missing Form-4}}(HoO satisfaction); non-spouse files{{c2::family-pension income docs}}.,"<b>Rule:</b> Twins of the death-forwarding rule's sub-rule + the death-intimation rule's sub-rule on the recipient track.<br><br><b>Hinglish:</b> Kagaz-kami-nahi-rok; aaya-kagaz-lao.<br><br><b>Ref:</b> Rule 79(3)(vi), (vii); Rule 79(3); Rule 50(12)(b); Rule 74(2); Rule 71(6)(g); Rule 79(2); Rule 79(6); Rule 79(g)",CCS_Pension Rule_79 Bare_Text_Verified CCS_Pension::Rule_79 Priority::Medium,CCS_Pension_Rules_2021::08_Death_Cases_Rules_71_to_79,Cloze,MEDIUM,"Rule 79(3)(vi), (vii)",CCS21-c9b8ec10
The pensioner-death rule's sub-rule (4): remarried FP-holder draws FOR MINORS only while{{c1::still their GUARDIAN (Form-10 + declaration)}}; ex-guardian →{{c2::lawful guardian claims}}; child takes DIRECTLY{{c3::at majority (if still eligible) / immediately if already major}}.,<b>Rule:</b> the pensioner-death rule- + + guardianship ladder.<br><br><b>Hinglish:</b> Sarparast-rahe-tab-tak.<br><br><b>Ref:</b> Rule 79(4); Rule 79(a)(i); Rule 79(iii); Rule 79(b); Rule 79(c),CCS_Pension Rule_79 Remarriage Bare_Text_Verified CCS_Pension::Rule_79 Priority::High,CCS_Pension_Rules_2021::08_Death_Cases_Rules_71_to_79,Cloze,HIGH,"Rule 79(4)(a), (b), (c)",CCS21-c4fde2fb
The pensioner-death rule's sub-rule (5): FP-eligible MINOR / MENTALLY-DISABLED person is claimed for by{{c1::GUARDIAN in Form 10}}.,<b>Rule:</b> Guardian-as-claimant; pairs with pensioner-death remarriage ladder.<br><br><b>Hinglish:</b> Nabalik-mandbuddhi-sarparast-daava.<br><br><b>Ref:</b> Rule 79(5); Rule 79(4),CCS_Pension Rule_79 Guardian Bare_Text_Verified CCS_Pension::Rule_79 Priority::Medium,CCS_Pension_Rules_2021::08_Death_Cases_Rules_71_to_79,Cloze,MEDIUM,Rule 79(5),CCS21-a11f9328
The pensioner-death rule's sub-rule (6): RESIDUARY gratuity (the gratuity rule's sub-rule (3)) sanctioned on{{c1::Form-pensioner-death claim(s)}}from eligible person(s).,<b>Rule:</b> TRUE home of Form 13 — see the Form-vs-Format-13 correction card.<br><br><b>Hinglish:</b> Avashesh-updaan-form-terah.<br><br><b>Ref:</b> Rule 79(6); Rule 45(3); Rule 79,CCS_Pension Rule_79 Form_13 Bare_Text_Verified CCS_Pension::Rule_79 Priority::High,CCS_Pension_Rules_2021::08_Death_Cases_Rules_71_to_79,Cloze,HIGH,Rule 79(6),CCS21-947f852c
CORRECTION — FORM 13 ={{c1::residuary-gratuity CLAIM ()}}; FORMAT 13 ={{c2::family-pension SANCTION where name not in PPO ()}}. The old 'Form 13 ↔ sanction' card conflated them — deleted.,"<b>Rule:</b> Form-claims vs Format-sanctions; mirror the Form-9/Format-9 and Form-10/Format-10 pairs.<br><br><b>Hinglish:</b> Form-daava; Format-aadesh.<br><br><b>Ref:</b> Rule 79(2)(b), (6); Rule 79(6); Rule 79(2)(b)",CCS_Pension Form_13 Format_13 Correction Bare_Text_Verified Priority::Critical,CCS_Pension_Rules_2021::08_Death_Cases_Rules_71_to_79,Cloze,CRITICAL,Rule 79(2)(b); Rule 79(6),CCS21-b0134585
The authorisation rule's sub-rule (5)(d): arrears from{{c1::day-after-retirement → death}}go to the{{c2::FP recipient}}— else to the{{c3::GRATUITY recipient}}.,"<b>Rule:</b> Arrears follow FP first, gratuity second; the authorisation rule-, dual-route already carded (post-2024).<br><br><b>Hinglish:</b> Baqaaya-pehle-parivar-phir-updaan.<br><br><b>Ref:</b> Rule 80(5)(d); Rule 80(5); Rule 80(5)(a); Rule 80(c); Rule 80(e)",CCS_Pension Rule_80 Arrears Bare_Text_Verified CCS_Pension::Rule_80 Priority::High,CCS_Pension_Rules_2021::09_Authorization_Forms_Rules_80_to_87,Cloze,HIGH,Rule 80(5)(d),CCS21-cc2fd33c
The pension-start rule's sub-rule (3) [mirror '(9)']: pension/FP is payable{{c1::FOR the day of the recipient's death}}.,<b>Rule:</b> Death-day counts as a paid day establishment-exit + day-after-death already carded.<br><br><b>Hinglish:</b> Maut-ka-din-bhugtaan-din.<br><br><b>Ref:</b> Rule 81; Rule 81(3); Rule 81(1); Rule 81(2),CCS_Pension Rule_81 Bare_Text_Verified CCS_Pension::Rule_81 Priority::Medium,CCS_Pension_Rules_2021::09_Authorization_Forms_Rules_80_to_87,Cloze,MEDIUM,Rule 81,CCS21-9237d7c8
The satellite-application rule's sub-rule (2): the{{c1::CCS (Commutation of Pension) Rules 1981}}govern{{c2::commutation + commuted-value payment + restoration}}under these rules.,"<b>Rule:</b> Satellite-application clause; 1981 facts (40%, Table, 15-yr restore) in the satellite pack.<br><br><b>Hinglish:</b> Rashikaran-1981-niyam-lagu.<br><br><b>Ref:</b> Rule 84(2)",CCS_Pension Rule_84 Satellite Bare_Text_Verified CCS_Pension::Rule_84 Priority::High,CCS_Pension_Rules_2021::09_Authorization_Forms_Rules_80_to_87,Cloze,HIGH,Rule 84(2),CCS21-4c91a3c5
The satellite-application rule's sub-rule (3): the{{c1::Payment of Arrears of Pension (Nomination) Rules 1983}}govern{{c2::arrears-of-pension nominations}}(Form A rides calendar/event filings).,<b>Rule:</b> Satellite-application clause; Form A already carded at the calendar rule.<br><br><b>Hinglish:</b> Baqaaya-naamankan-1983.<br><br><b>Ref:</b> Rule 84(3); Rule 57; Rule 58,CCS_Pension Rule_84 Satellite Bare_Text_Verified CCS_Pension::Rule_84 Priority::High,CCS_Pension_Rules_2021::09_Authorization_Forms_Rules_80_to_87,Cloze,HIGH,Rule 84(3),CCS21-8ca7bdd3
CORRECTION — The missing-persons rule's sub-rule (4) is the{{c1::retirement-gratuity-as-if-died-after-retirement}}rule — NOT a form-mapping rule. Paper lives in{{c2::(servant track) + (pensioner track)}}.,"<b>Rule:</b> Old 'claim vehicle VERIFY' card replaced. Gratuity substance here; forms there.<br><br><b>Hinglish:</b> Updaan-niyam-yahan; kagaz-wahan.<br><br><b>Ref:</b> Rule 51(4); Rules 71, 79; Rule 71(6)(d); Rule 79(3)(iii)",CCS_Pension Rule_51 Correction Bare_Text_Verified CCS_Pension::Rule_51 Priority::High,CCS_Pension_Rules_2021::05_Family_Pension_DR_Rules_50_to_52,Cloze,HIGH,Rule 51(4),CCS21-8aee8299
RESOLVED — The missing-persons rule's sub-rule (8)(a): the 6-month bar delays{{c1::PAYMENT}}; arrears{{c2::ACCRUE from the /(2)/(3) date}}and are paid after bar-end (incl. in the gratuity-interest proviso).,<b>Rule:</b> 'Including the arrears... for the period from the date specified... up to commencement' — accrual-vs-payment VERIFIED. Old card replaced.<br><br><b>Hinglish:</b> Rok-bhugtaan-par; baqaaya-judta-rahe.<br><br><b>Ref:</b> Rule 51(8)(a); Rule 51(8); Rule 51(1),CCS_Pension Rule_51 Accrual Bare_Text_Verified CCS_Pension::Rule_51 Priority::Critical,CCS_Pension_Rules_2021::05_Family_Pension_DR_Rules_50_to_52,Cloze,CRITICAL,Rule 51(8)(a),CCS21-c513d782
"RESOLVED — The missing-persons rule's sub-rule (9): family ALSO gets{{c1::pay/leave-salary arrears + leave encashment + GPF}}per{{c2::death-in-service rules}}; GPF ={{c3::OWN money, no 7-year wait}}.",<b>Rule:</b> Third head beyond FP + gratuity. Old VERIFY card replaced.<br><br><b>Hinglish:</b> GPF-apna-paisa — saat-saal-nahi.<br><br><b>Ref:</b> Rule 51(9),CCS_Pension Rule_51 Bare_Text_Verified CCS_Pension::Rule_51 Priority::High,CCS_Pension_Rules_2021::05_Family_Pension_DR_Rules_50_to_52,Cloze,HIGH,Rule 51(9),CCS21-5b2a3aee
CORRECTION — The missing-persons rule's sub-rule (10) is the{{c1::FRAUD/EMBEZZLEMENT/CRIME exclusion}}(investigation/charged/convicted = the missing-persons rule OUT) — NOT the murder-freeze. The murder-freeze lives in{{c2::the family-pension rule's sub-rule (14)(c)-(f)}}.,<b>Rule:</b> Old 'murder-taint-read' card was WRONG and is replaced. Absconding-to-evade ≠ missing-through-no-fault.<br><br><b>Hinglish:</b> Ghotaala-bahar; hatya-rok-pachas-chaudah.<br><br><b>Ref:</b> Rule 51(10); Rule 50(14); Rule 51; Rule 50(14)(c); Rule 48,CCS_Pension Rule_51 Correction Bare_Text_Verified CCS_Pension::Rule_51 Priority::Critical,CCS_Pension_Rules_2021::05_Family_Pension_DR_Rules_50_to_52,Cloze,CRITICAL,Rule 51(10),CCS21-3051a5c0
The missing-persons rule's sub-rule (8)(a) proviso + the missing-persons rule-(d): gratuity-delay interest runs beyond{{c1::6 months from CLAIM}}(the interest rule + fix responsibility); death-vs-retirement gratuity difference paid within{{c2::3 months of claim}}; its delay interest beyond{{c3::6 months from claim}}.,"<b>Rule:</b> Note: interest clock runs from CLAIM date, not the police-report date.<br><br><b>Hinglish:</b> Byaaj-ghadi-daave-se — report-se-nahi.<br><br><b>Ref:</b> Rule 51(8); Rule 51(8)(c); Rule 65",CCS_Pension Rule_51 Timeline Interest Bare_Text_Verified CCS_Pension::Rule_51 Priority::High,CCS_Pension_Rules_2021::05_Family_Pension_DR_Rules_50_to_52,Cloze,HIGH,"Rule 51(8)(a), (c), (d)",CCS21-2ec66bf8
The missing-persons rule's sub-rule (10)(11): missing servant under FRAUD investigation — missing-persons applies? Payment to non-family nominee?,"<b>Rule:</b> (10) NO — fraud/embezzlement/crime under investigation, charged OR convicted = missing-persons fully excluded. (11) Payment ONLY to eligible FAMILY members — never outsiders.<br><br><b>Hinglish:</b> Ghotaala-jaanch-par-51-band; bhugtaan-sirf-parivar-ko.<br><br><b>Ref:</b> Rule 51(10), (11); Rule 51(10); Rule 11; Rule 51",CCS_Pension Rule_51 Exclusion Bare_Text_Verified CCS_Pension::Rule_51 Priority::High,CCS_Pension_Rules_2021::05_Family_Pension_DR_Rules_50_to_52,Basic,HIGH,"Rule 51(10), (11)",CCS21-b661a1b9
The missing-persons rule's sub-rule (8)(b): death gratuity unlocks{{c1::7 YEARS after disappearance}}or{{c2::conclusive proof of death}}— whichever is earlier.,<b>Rule:</b> 7-year gratuity wait vs 6-month pension wait (the missing-persons rule); interest clocks in the restored the missing-persons rule// card.<br><br><b>Hinglish:</b> Saat-saal-ya-pukhta-saboot.<br><br><b>Ref:</b> Rule 51(8)(b); Rule 51(8); Rule 51(8)(a); Rule 51(c); Rule 51(d),CCS_Pension Rule_51 Timeline Bare_Text_Verified CCS_Pension::Rule_51 Priority::High,CCS_Pension_Rules_2021::05_Family_Pension_DR_Rules_50_to_52,Cloze,HIGH,Rule 51(8)(b),CCS21-db9428c6
The invalid-pension rule's sub-rule (3) medical clock: HoO requests examination within{{c1::15 days}}; examination held within{{c2::30 days}}.,<b>Rule:</b> Split from the 7-cloze cram; examiner + records in sibling cards.<br><br><b>Hinglish:</b> Pandrah-me-maango; tees-me-jaanch.<br><br><b>Ref:</b> Rule 39(3),CCS_Pension Rule_39 Timeline CCS_Pension::Rule_39 Priority::Critical,CCS_Pension_Rules_2021::03_Emoluments_Classes_Rules_31_to_43,Cloze,CRITICAL,Rule 39(3),CCS21-d288fb2b
"The invalid-pension rule's sub-rule (3) examiner:{{c1::Medical Board}}for{{c2::Gazetted officers or pay above Rs 54,000}}; else{{c3::Civil Surgeon / District Medical Officer}}.","<b>Rule:</b> Board-vs-Surgeon by status/pay; the Rs 54,000 rung.<br><br><b>Hinglish:</b> Bada-adhikari-Board; warna-Surgeon.<br><br><b>Ref:</b> Rule 39(3); FR -9(21)",CCS_Pension Rule_39 Threshold CCS_Pension::Rule_39 Priority::Critical,CCS_Pension_Rules_2021::03_Emoluments_Classes_Rules_31_to_43,Cloze,CRITICAL,Rule 39(3),CCS21-a2949b61
The invalid-pension rule's sub-rule (4): invalid-pension ages taken from{{c1::official records + service book}}; report copy goes to{{c2::the Government servant}}.,"<b>Rule:</b> Record-ages, not self-declared; servant sees the report.<br><br><b>Hinglish:</b> Umar-kagaz-se; nakal-sevak-ko.<br><br><b>Ref:</b> Rule 39(4)",CCS_Pension Rule_39 CCS_Pension::Rule_39 Priority::Medium,CCS_Pension_Rules_2021::03_Emoluments_Classes_Rules_31_to_43,Cloze,MEDIUM,Rule 39(4),CCS21-11f47bbd
The calendar rule's sub-rule (1)(a) proof + fuse: unverified spells proved via{{c1::pay bills / LPC / April pay slip}}; other-office replies in{{c2::2 MONTHS}}; then spell is{{c3::qualifying DEEMED}}.,<b>Rule:</b> Split from the 7-cloze cram; death-track twin (1-month) at the FP-settlement rule's sub-rule.<br><br><b>Hinglish:</b> Saboot-LPC; do-mahina-phir-maan.<br><br><b>Ref:</b> Rule 57(1)(a); Rule 57(1); Rule 73(2)(b); Rule 57(2); Rule 57(b),CCS_Pension Rule_57 Procedure Timeline CCS_Pension::Rule_57 Priority::Critical,CCS_Pension_Rules_2021::06_Bhavishya_Calendar_Rules_53_to_57,Cloze,CRITICAL,Rule 57(1)(a),CCS21-a3392f62
The calendar rule's sub-rule (1)(a): Secretary answerable for{{c1::non-communicated non-qualifying spells}}; verification finishes in{{c2::8 MONTHS}}.,<b>Rule:</b> Ownership + outer finish line of Stage 1.<br><br><b>Hinglish:</b> Sachiv-jawabdeh; aath-mahina-ant.<br><br><b>Ref:</b> Rule 57(1)(a); Rule 57(1),CCS_Pension Rule_57 Responsibility Timeline CCS_Pension::Rule_57 Priority::High,CCS_Pension_Rules_2021::06_Bhavishya_Calendar_Rules_53_to_57,Cloze,HIGH,Rule 57(1)(a),CCS21-e6a63516
The calendar rule's sub-rule (1)(a) truth-bond: servant files{{c1::written truth-declaration}}; wilful falsehood ={{c2::grave misconduct}}.,<b>Rule:</b> The declaration that underwrites the whole verification.<br><br><b>Hinglish:</b> Satya-ghosh; jhooth-ghor-durachar.<br><br><b>Ref:</b> Rule 57(1)(a); Rule 57(1),CCS_Pension Rule_57 CCS_Pension::Rule_57 Priority::High,CCS_Pension_Rules_2021::06_Bhavishya_Calendar_Rules_53_to_57,Cloze,HIGH,Rule 57(1)(a),CCS21-1610a47d
The commercial-employment rule's sub-rule (3)all 3 clauses:{{c1::NOC (cadre + retiring office)}};{{c2::sensitive last-3-yr info linked to the new org}};{{c3::conflict of interest (normal competition EXCLUDED)}}.,"<b>Rule:</b> Split from the 7-cloze cram; Explanation fences.<br><br><b>Hinglish:</b> NOC-jankari-takraav.<br><br><b>Ref:</b> Rule 9(3)(a), (b), (c); Rule 9(3); Rule 9(a)-(c); Rule 9(c)",CCS_Pension Rule_09 Bare_Text_Verified CCS_Pension::Rule_09 Priority::Critical,CCS_Pension_Rules_2021::01_Preliminary_Rules_01_to_10,Cloze,CRITICAL,Rule 9(3)(a)-(c),CCS21-91461e47
The commercial-employment rule's sub-rule (3)all 2 clauses:{{c1::anti-national / intel-gathering organisation = BAR}};{{c2::clean record (integrity + NGO check)}}.,"<b>Rule:</b> Security + character gates.<br><br><b>Hinglish:</b> Rashtra-suraksha; daag-rahit.<br><br><b>Ref:</b> Rule 9(3)(d), (e); Rule 9(3); Rule 9(d)-(e)",CCS_Pension Rule_09 Bare_Text_Verified CCS_Pension::Rule_09 Priority::High,CCS_Pension_Rules_2021::01_Preliminary_Rules_01_to_10,Cloze,HIGH,"Rule 9(3)(d), (e)",CCS21-9811918f
The commercial-employment rule's sub-rule (3)all 2 clauses:{{c1::emoluments far in excess (buoyancy EXCLUDED)}};{{c2::any other factor + DoPT instructions}}.,"<b>Rule:</b> Explanation fences is the residuary basket.<br><br><b>Hinglish:</b> Asadharan-vetan; anya-nirdesh.<br><br><b>Ref:</b> Rule 9(3)(f), (g); Rule 9(3); Rule 9(f)-(g); Rule 9(g); Rule 9(f)",CCS_Pension Rule_09 Bare_Text_Verified CCS_Pension::Rule_09 Priority::High,CCS_Pension_Rules_2021::01_Preliminary_Rules_01_to_10,Cloze,HIGH,"Rule 9(3)(f), (g)",CCS21-5b691dba
The FP-settlement rule's sub-rule (2)(b) proof + fuse: gratuity verification via{{c1::pay bills / LPC / April slip}}; other-office replies in{{c2::1 MONTH}}— HALF the calendar rule's 2-month fuse.,<b>Rule:</b> Trimmed from the 6-cloze cram; the - ladder lives in its own card.<br><br><b>Hinglish:</b> Ek-mahina — aadha-samay.<br><br><b>Ref:</b> Rule 73(2)(b); Rule 73(2); Rule 57; Rule 73(iii); Rule 73(vi),CCS_Pension Rule_73 Timeline Exam_Trap CCS_Pension::Rule_73 Priority::Critical,CCS_Pension_Rules_2021::08_Death_Cases_Rules_71_to_79,Cloze,CRITICAL,Rule 73(2)(b),CCS21-86d30e22
"The death-dues rule's sub-rule (1)(i) -(ii): HoO intimates DoE + seeks NDC in{{c1::7 DAYS}}(with leave details);{{c2::pre-death licence fee WAIVED}}, death-month +{{c3::3-month holiday}}allowed.","<b>Rule:</b> Trimmed from the 7-cloze cram-(x) ladder lives in its own cards.<br><br><b>Hinglish:</b> Saat-din-khabar; maut-maah-chhoot.<br><br><b>Ref:</b> Rule 77(1)(i), (ii); Rule 77(1); Rule 77(iii)",CCS_Pension Rule_77 Timeline CCS_Pension::Rule_77 Priority::High,CCS_Pension_Rules_2021::08_Death_Cases_Rules_71_to_79,Cloze,HIGH,"Rule 77(1)(i), (ii)",CCS21-5ac6453c
Form 5 ↔{{c1::intimation of MARRIAGE / BIRTH of child AFTER retirement}}(feeds the pension-payment rule's sub-rule (1)(e) → Revised PPA).,<b>Rule:</b> Post-retirement family-change trigger; HoO verifies → AO records + Revised PPA (if no eligible earlier children).<br><br><b>Hinglish:</b> Baad-ki-shaadi-bachcha-form-paanch.<br><br><b>Ref:</b> Form 5; Rule 63(1)(e); Rule 63(1),CCS_Pension Form_05 Routing Bare_Text_Verified Priority::Medium,CCS_Pension_Rules_2021::01_Preliminary_Rules_01_to_10,Cloze,MEDIUM,Form 5,CCS21-7af18d2e
Form 7-A ↔{{c1::assessment where proceedings were PENDING at retirement + proceedings provisional paid}}(the pension-payment rule's sub-rule (5); twin 30-day clocks).,<b>Rule:</b> Post-proceedings final-pension papers: HoO forwards final orders + 7-A in 30d → AO authorises final in 30d.<br><br><b>Hinglish:</b> Karyavahi-ke-baad-aakalan.<br><br><b>Ref:</b> Form 7-A; Rule 63(5); Rule 8,CCS_Pension Form_7A Routing Bare_Text_Verified Priority::Medium,CCS_Pension_Rules_2021::01_Preliminary_Rules_01_to_10,Cloze,MEDIUM,Form 7-A,CCS21-4e3329a3
Format 3 ↔{{c1::MEMORANDUM for instituting departmental proceedings AFTER retirement}}(pairs Format 2 sanction).,"<b>Rule:</b> Format 2 = sanction, Format 3 = memorandum — both gate the proceedings rule's sub-rule post-retirement proceedings.<br><br><b>Hinglish:</b> Gyapan-teen; swikriti-do.<br><br><b>Ref:</b> Format 3; Rule 8(2)(c); Rule 8(2); Rule 8(c)",CCS_Pension Format_03 Routing Bare_Text_Verified Priority::Medium,CCS_Pension_Rules_2021::01_Preliminary_Rules_01_to_10,Cloze,MEDIUM,Format 3,CCS21-f3c23b34
1981 Satellite — maximum commutable slice ={{c1::40% of pension}}.,"<b>Rule:</b> CCS (Commutation of Pension) Rules 1981, applied via the satellite-application rule's sub-rule. Commute more = invalid.<br><br><b>Hinglish:</b> Chalis-pratishat-se-zyada-nahi.<br><br><b>Ref:</b> Commutation Rules 1981; Rule 84(2)",CCS_Pension Satellite Commutation_1981 Priority::High,CCS_Pension_Rules_2021::01_Preliminary_Rules_01_to_10,Cloze,HIGH,Commutation 1981,CCS21-f92fb8b4
1981 Satellite — CVP ={{c1::commuted portion × Table factor × 12}}; Table read at{{c2::age NEXT birthday}}.,<b>Rule:</b> Factor falls with age; ×12 annualises the monthly slice.<br><br><b>Hinglish:</b> Agle-janmadin-ka-gunak.<br><br><b>Ref:</b> Commutation Rules 1981,CCS_Pension Satellite Commutation_1981 Priority::High,CCS_Pension_Rules_2021::01_Preliminary_Rules_01_to_10,Cloze,HIGH,Commutation 1981,CCS21-c1a22168
1981 Satellite — commuted pension RESTORES after{{c1::15 YEARS from the date of reduction}}(each slice on its own date).,<b>Rule:</b> Multiple commutations restore on respective 15-yr anniversaries — not together.<br><br><b>Hinglish:</b> Pandrah-saal-baad-bahaali.<br><br><b>Ref:</b> Commutation Rules 1981,CCS_Pension Satellite Commutation_1981 Priority::High,CCS_Pension_Rules_2021::01_Preliminary_Rules_01_to_10,Cloze,HIGH,Commutation 1981,CCS21-37889b0a
"1981 Satellite — DR is paid on{{c1::the FULL (pre-commutation) pension}}, not the reduced cheque.",<b>Rule:</b> Commutation never shrinks dearness relief — classic trap.<br><br><b>Hinglish:</b> Mehngai-poori-pension-par.<br><br><b>Ref:</b> Commutation Rules 1981,CCS_Pension Satellite Commutation_1981 Exam_Trap Priority::High,CCS_Pension_Rules_2021::01_Preliminary_Rules_01_to_10,Cloze,HIGH,Commutation 1981,CCS21-29577f06
"1981 Satellite — the time-computation rule's sub-rule (3): any{{c1::FRACTION of a rupee in CVP is IGNORED}}(rounded down, not off).","<b>Rule:</b> CVP truncation, not rounding — paise vanish.<br><br><b>Hinglish:</b> Paise-kat-lo.<br><br><b>Ref:</b> Commutation Rules 1981, Rule 5(3); Rule 5(3)",CCS_Pension Satellite Commutation_1981 Priority::Medium,CCS_Pension_Rules_2021::01_Preliminary_Rules_01_to_10,Cloze,MEDIUM,Commutation 1981 R5(3),CCS21-cb9bb07c
1983 Satellite — arrears-of-pension nomination ={{c1::Form A}}under the Payment of Arrears of Pension (Nomination) Rules 1983 (applied via the satellite-application rule's sub-rule (3)).,<b>Rule:</b> Pensioner nominates who collects pension arrears after death; filed with calendar papers.<br><br><b>Hinglish:</b> Baqaaya-naamankan-form-A.<br><br><b>Ref:</b> Arrears Nomination Rules 1983; Rule 84(3); Rule 57; Rule 58,CCS_Pension Satellite Arrears_1983 Priority::Medium,CCS_Pension_Rules_2021::09_Authorization_Forms_Rules_80_to_87,Cloze,MEDIUM,Arrears 1983; Rule 84(3),CCS21-5bd28636
1983 Satellite — Form A rides inside{{c1::/event retirement filings}}so the arrears-nominee is on record BEFORE death.,<b>Rule:</b> Front-loaded nomination; no post-death scramble for arrears.<br><br><b>Hinglish:</b> Pehle-se-naam-darj.<br><br><b>Ref:</b> Arrears Nomination Rules 1983; Rule 58; Rule 57,CCS_Pension Satellite Arrears_1983 Priority::Medium,CCS_Pension_Rules_2021::01_Preliminary_Rules_01_to_10,Cloze,MEDIUM,Arrears 1983,CCS21-4240786a
"PDA mechanics: the actual payment plumbing runs per{{c1::CGA + CPAO orders}}(the pension-payment rule's sub-rule (4)(c), the payment rule's sub-rule (8), the authorisation rule's sub-rule (4)) — PPO/SSA are just the{{c2::authorisation}}.","<b>Rule:</b> Rules authorise; CGA/CPAO instructions disburse. 1mo-10/21d-15d chains live there.<br><br><b>Hinglish:</b> Niyam-aadesh; CGA-bhugtaan.<br><br><b>Ref:</b> Rules 63(4), 76(8), 80(4); Rule 63(4)(c); Rule 76(8); Rule 80(4)",CCS_Pension Satellite CPAO_Chain Priority::Medium,CCS_Pension_Rules_2021::01_Preliminary_Rules_01_to_10,Cloze,MEDIUM,"Rules 63, 76, 80",CCS21-c5673fef
D.S. Nakara v. Union of India (1983): pension is{{c1::NOT a bounty}}— a{{c2::deferred wage / property-like right}}; arbitrary cut-off dates violate{{c3::Article 14}}.,<b>Rule:</b> Liberalised benefits presumptively reach ALL in the class — lens for the interest rule's sub-rule + GSR 410(E) extensions.<br><br><b>Hinglish:</b> Pension-bheekh-nahi-haq.<br><br><b>Ref:</b> AIR 1983 SC 130; Rule 65(5)(f); Rule 19(5); Rule 19(f),CCS_Pension Case_Law Nakara_1983 Priority::High,CCS_Pension_Rules_2021::01_Preliminary_Rules_01_to_10,Cloze,HIGH,D.S. Nakara (1983),CCS21-f2ddb72e
Deokinandan Prasad v. State of Bihar (1971): pension is{{c1::PROPERTY}}— the executive{{c2::CANNOT withhold it without legal authority}}.,<b>Rule:</b> Root of the proceedings rule's procedure + the interest rule's interest: no arbitrary stoppage of pension/gratuity.<br><br><b>Hinglish:</b> Pension-sampatti — manmaani-rok-nahi.<br><br><b>Ref:</b> AIR 1971 SC 1409; Rule 8; Rule 65,CCS_Pension Case_Law Deokinandan_1971 Priority::High,CCS_Pension_Rules_2021::01_Preliminary_Rules_01_to_10,Cloze,HIGH,Deokinandan Prasad (1971),CCS21-bf374673
Nakara lens for exams: a retrospective LIBERALISATION with a cut-off is tested on{{c1::reasonable classification (intelligible differentia + rational nexus)}}— else{{c2::the benefit EXTENDS to the excluded cohort}}.,"<b>Rule:</b> Apply to: interest revision interest, 410(E) 120-day extensions, pay-commission arrears.<br><br><b>Hinglish:</b> Cut-off-par-Nakara-kasauti.<br><br><b>Ref:</b> Nakara principle; Rule 65(5)(f)",CCS_Pension Case_Law Exam_Lens Priority::High,CCS_Pension_Rules_2021::01_Preliminary_Rules_01_to_10,Cloze,HIGH,Nakara principle,CCS21-b998dd24
"COMPUTE — QS 33y, emoluments ₹1,00,000: retirement gratuity?","<b>A:</b> ¼ × 66 half-years = 16.5 × ₹1L = <b>₹16,50,000</b> (below ₹25L ceiling).<br><br><b>Formula:</b> ¼-month per completed 6-monthly period, max 16.5 months, max ₹25L (the gratuity rule's sub-rule + gratuity proviso).<br><br><b>Ref:</b> Rule 45(1)(b); Rule 49; Rule 45(1); Rule 45(1)(a); Rule 45(a)",CCS_Pension Computation Gratuity Priority::High,CCS_Pension_Rules_2021::04_Pension_Gratuity_Rules_44_to_49,Basic,HIGH,Rule 45(1)(a) + proviso,CCS21-3d188dd4
"COMPUTE — QS 33y, emoluments ₹2,00,000: retirement gratuity?","<b>A:</b> 16.5 × ₹2L = ₹33L → <b>CAPPED at ₹25,00,000</b> (gratuity-proviso ceiling bites).<br><br><b>Formula:</b> ¼-month per 6-monthly period, max 16.5 months.<br><br><b>Ref:</b> Rule 45(1)(b); Rule 49; Rule 45(1)",CCS_Pension Computation Ceiling Exam_Trap Priority::High,CCS_Pension_Rules_2021::04_Pension_Gratuity_Rules_44_to_49,Basic,HIGH,Rule 45(1)(a) + proviso,CCS21-e597a1b2
"COMPUTE — QS 20y, emoluments ₹80,000: retirement gratuity?","<b>A:</b> ¼ × 40 = 10 × ₹80,000 = <b>₹8,00,000</b>.<br><br><b>Formula:</b> ¼-month per completed 6-monthly period.<br><br><b>Ref:</b> Rule 45(1)(b)",CCS_Pension Computation Gratuity Priority::Medium,CCS_Pension_Rules_2021::04_Pension_Gratuity_Rules_44_to_49,Basic,MEDIUM,Rule 45(1)(a),CCS21-3aabfd70
"COMPUTE — death in service, 15y service, emoluments ₹1,00,000: death gratuity?","<b>A:</b> Slab 11–20y → 20× → <b>₹20,00,000</b> (below ₹25L ceiling).<br><br><b>Slabs:</b> &lt;1y 2×; 1–5y 6×; 5–11y 12×; 11–20y 20×; 20y+ 33× (the gratuity rule's sub-rule ).<br><br><b>Ref:</b> Rule 45(1)(a); Rule 45(1)(b); Rule 45(1); Rule 45(b)",CCS_Pension Computation Death_Gratuity Priority::High,CCS_Pension_Rules_2021::04_Pension_Gratuity_Rules_44_to_49,Basic,HIGH,Rule 45(1)(b),CCS21-1f1e7f33
"COMPUTE — death in service, 25y service, emoluments ₹1,20,000: death gratuity?","<b>A:</b> Slab 20y+ → 33 × ₹1.2L = ₹39.6L → <b>CAPPED at ₹25,00,000</b>.<br><br><b>Slabs:</b> &lt;1y 2×; 1–5y 6×; 5–11y 12×; 11–20y 20×; 20y+ 33×.<br><br><b>Ref:</b> Rule 45(1)(a); Rule 49",CCS_Pension Computation Ceiling Exam_Trap Priority::High,CCS_Pension_Rules_2021::04_Pension_Gratuity_Rules_44_to_49,Basic,HIGH,Rule 45(1)(b) + proviso,CCS21-99131728
"COMPUTE — death in service, 3y service, emoluments ₹60,000: death gratuity?","<b>A:</b> Slab 1–5y → 6 × ₹60,000 = <b>₹3,60,000</b>.<br><br><b>Ref:</b> Rule 45(1)(a)",CCS_Pension Computation Death_Gratuity Priority::Medium,CCS_Pension_Rules_2021::04_Pension_Gratuity_Rules_44_to_49,Basic,MEDIUM,Rule 45(1)(b),CCS21-ecce15b2
"COMPUTE — emoluments ₹80,000: enhanced + normal family pension?","<b>A:</b> Enhanced <b>₹40,000</b> (50% × 10y / till age-67 cap) → then normal <b>₹24,000</b> (30%).<br><br><b>Rule:</b> the family-pension rule's sub-rule 30% uniform; the family-pension rule's sub-rule 50% enhanced window.<br><br><b>Ref:</b> Rule 50(2), (3); Rule 50(2); Rule 50(3)",CCS_Pension Computation Family_Pension Priority::High,CCS_Pension_Rules_2021::05_Family_Pension_DR_Rules_50_to_52,Basic,HIGH,"Rule 50(2), (3)",CCS21-d214a8d4
"COMPUTE — emoluments ₹25,000: normal family pension?","<b>A:</b> 30% = ₹7,500 → <b>raised to ₹9,000 MINIMUM</b> (the family-pension rule's sub-rule ).<br><br><b>Trap:</b> Never answer below the floor.<br><br><b>Ref:</b> Rule 50(2), (5); Rule 50(5)",CCS_Pension Computation Floor Exam_Trap Priority::High,CCS_Pension_Rules_2021::05_Family_Pension_DR_Rules_50_to_52,Basic,HIGH,"Rule 50(2), (5)",CCS21-2eba5ba6
"COMPUTE — age 87, basic pension ₹30,000: additional pension?","<b>A:</b> Slab 85–90 → 30% → <b>₹9,000</b>.<br><br><b>Slabs ():</b> 80–85: 20%; 85–90: 30%; 90–95: 40%; 95–100: 50%; 100+: 100%.<br><br><b>Ref:</b> Rule 44(6)",CCS_Pension Computation Additional_Pension Priority::Medium,CCS_Pension_Rules_2021::04_Pension_Gratuity_Rules_44_to_49,Basic,MEDIUM,Rule 44(6),CCS21-f4ed4add
"COMPUTE — pension ₹40,000, commutes max: CVP structure + DR base + restoration?","<b>A:</b> Slice = 40% = ₹16,000; CVP = 16,000 × Table-factor(age-next-birthday) × 12 (paise ignored); DR stays on <b>₹40,000</b>; slice restores after <b>15 years</b>.<br><br><b>Ref:</b> Commutation 1981",CCS_Pension Computation Commutation Priority::High,CCS_Pension_Rules_2021::01_Preliminary_Rules_01_to_10,Basic,HIGH,Commutation 1981,CCS21-ad3cf513
"MONEY RUNGS — {{c1::₹9,000}}(minimum pension/FP) →{{c2::₹54,000}}(Medical-Board pay rung, the invalid-pension rule) →{{c3::₹25,00,000}}(gratuity ceiling = gratuity proviso, operative 25L).","<b>Rule:</b> Three money anchors: floor, board-line, ceiling. DR rates excluded — volatile.<br><br><b>Hinglish:</b> Nau-hazaar-farsh; pachpan-hazaar-board; pachis-lakh-chhat.<br><br><b>Ref:</b> Rules 39, 44, 49, 50; Rule 39; Rule 45(1)",CCS_Pension Threshold Dashboard Bare_Text_Verified Priority::High,CCS_Pension_Rules_2021::01_Preliminary_Rules_01_to_10,Cloze,HIGH,"Rules 39, 44, 45, 50",CCS21-59f343b6
The gratuity-nomination rule's sub-rule (5)(a): outsider nomination by a FAMILY-LESS servant becomes{{c1::INVALID the moment he acquires a family}}.,<b>Rule:</b> Family-arrival kills the outsider paper automatically — no cancellation needed.<br><br><b>Hinglish:</b> Parivar-aaya-bahari-radd.<br><br><b>Ref:</b> Rule 46(5)(a); Rule 46(5),CCS_Pension Rule_46 Nomination Bare_Text_Verified CCS_Pension::Rule_46 Priority::High,CCS_Pension_Rules_2021::04_Pension_Gratuity_Rules_44_to_49,Cloze,HIGH,Rule 46(5)(a),CCS21-95f21667
"The gratuity-nomination rule's sub-rule (5)(b): one-member family + ALTERNATE outsider nomination → on gaining a member, the alternate{{c1::DIES}}but the{{c2::family nomination SURVIVES}}.",<b>Rule:</b> Alternate is a spare tyre — punctured on family-growth; core nomination untouched.<br><br><b>Hinglish:</b> Vaikalpik-radd-mool-bacha.<br><br><b>Ref:</b> Rule 46(5)(b); Rule 46(5),CCS_Pension Rule_46 Nomination Bare_Text_Verified CCS_Pension::Rule_46 Priority::High,CCS_Pension_Rules_2021::04_Pension_Gratuity_Rules_44_to_49,Cloze,HIGH,Rule 46(5)(b),CCS21-45b95cf1
The gratuity-nomination rule's sub-rule (6): unmarried servant's FAMILY nomination{{c1::SURVIVES his later marriage}}— till{{c2::he cancels + files fresh ()}}.,<b>Rule:</b> Marriage is NOT an auto-killer (contrast acquiring-family under the gratuity-nomination rule — that servant had NO family nomination).<br><br><b>Hinglish:</b> Shaadi-naamankan-nahi-maarti.<br><br><b>Ref:</b> Rule 46(6); Rule 46(7); Rule 46(5)(a),CCS_Pension Rule_46 Nomination Bare_Text_Verified Exam_Trap CCS_Pension::Rule_46 Priority::High,CCS_Pension_Rules_2021::04_Pension_Gratuity_Rules_44_to_49,Cloze,HIGH,Rule 46(6),CCS21-1b3b04a4
The gratuity-nomination rule's sub-rule (7) +(8): cancellation needs{{c1::SIMULTANEOUS fresh nomination}}; nominee-dies / nomination-invalidates → servant{{c2::MUST cancel + re-nominate in writing}}.,"<b>Rule:</b> Never a vacuum — every cancellation rides with its replacement.<br><br><b>Hinglish:</b> Radd-ke-saath-naya-lao.<br><br><b>Ref:</b> Rule 46(7), (8); Rule 46(7)",CCS_Pension Rule_46 Nomination Bare_Text_Verified CCS_Pension::Rule_46 Priority::High,CCS_Pension_Rules_2021::04_Pension_Gratuity_Rules_44_to_49,Cloze,HIGH,"Rule 46(7), (8)",CCS21-c01bc8d8
The gratuity-nomination rule's sub-rule (9)all 3 clauses: HoO{{c1::verifies + countersigns with RECEIPT DATE + custody}}(sub-gazetted may sign for{{c2::non-gazetted}});{{c3::service-book entry}};{{c4::signed copy BACK to servant}}.,<b>Rule:</b> Countersign = HoO duty AFTER receipt; (10) makes receipt the effective date.<br><br><b>Hinglish:</b> Milo-taarikh-mohar-nakal-wapas.<br><br><b>Ref:</b> Rule 46(9); Rule 46(b)-(d),CCS_Pension Rule_46 Nomination Bare_Text_Verified CCS_Pension::Rule_46 Priority::High,CCS_Pension_Rules_2021::04_Pension_Gratuity_Rules_44_to_49,Cloze,HIGH,"Rule 46(9)(b), (c), (d)",CCS21-f0619ff7
The gratuity-nomination rule's sub-rule (10): nomination/cancellation takes effect{{c1::from RECEIPT by HoO}}(to the extent valid) — countersign{{c2::does NOT gate validity}}.,<b>Rule:</b> RESOLVES the clerk-receipt scenario: office receipt suffices; HoO default can't defeat the servant.<br><br><b>Hinglish:</b> Milna-hi-laagu-hona.<br><br><b>Ref:</b> Rule 46(10),CCS_Pension Rule_46 Nomination Bare_Text_Verified CCS_Pension::Rule_46 Priority::Critical,CCS_Pension_Rules_2021::04_Pension_Gratuity_Rules_44_to_49,Cloze,CRITICAL,Rule 46(10),CCS21-b6c4e95d
The gratuity-distribution rule's sub-rule (2): pre-deceased nominee's share flows{{c1::EQUALLY to all other eligible-ALIVE family members}}({{c2::including the other nominees}}).,"<b>Rule:</b> No lapse, no outsider leapfrog — the family pool absorbs the share.<br><br><b>Hinglish:</b> Pehle-mara-hissa-sab-me.<br><br><b>Ref:</b> Rule 47(2)",CCS_Pension Rule_47 Nominee_Death Bare_Text_Verified CCS_Pension::Rule_47 Priority::High,CCS_Pension_Rules_2021::04_Pension_Gratuity_Rules_44_to_49,Cloze,HIGH,Rule 47(2),CCS21-ab15b5e4
The gratuity-distribution rule's sub-rule (3): post-retirement UNDRAWN gratuity disburses{{c1::per the gratuity-distribution rule's sub-rule (1) manner}}(nomination → Group-1 → Group-2).,<b>Rule:</b> Twin of the missing-persons rule's sub-rule (missing track) — undrawn gratuity never strands.<br><br><b>Hinglish:</b> Bina-liya-updaan-niyam-se.<br><br><b>Ref:</b> Rule 47(3); Rule 47(1); Rule 51(4); Rule 47(4),CCS_Pension Rule_47 Bare_Text_Verified CCS_Pension::Rule_47 Priority::Medium,CCS_Pension_Rules_2021::04_Pension_Gratuity_Rules_44_to_49,Cloze,MEDIUM,Rule 47(3),CCS21-04d2b255
The gratuity-distribution rule's sub-rule (4): female member's{{c1::marriage/remarriage}}or brother's{{c2::turning 18}}AFTER death but BEFORE receipt{{c3::does NOT defeat the vested share}}.,<b>Rule:</b> Vesting freezes at death — later status changes are irrelevant.<br><br><b>Hinglish:</b> Maut-par-haq-pakka — baad-badle-bekaar.<br><br><b>Ref:</b> Rule 47(4),CCS_Pension Rule_47 Vesting Bare_Text_Verified Exam_Trap CCS_Pension::Rule_47 Priority::High,CCS_Pension_Rules_2021::04_Pension_Gratuity_Rules_44_to_49,Cloze,HIGH,Rule 47(4),CCS21-6c369669
"The gratuity-distribution rule's sub-rule (6): minor's gratuity share →{{c1::NATURAL guardian if any}}; else{{c2::guardianship-certificate holder}}(20% via Format-7 indemnity meanwhile — seventh,).","<b>Rule:</b> The missing- atom: natural-first, certificate-second, indemnity-bridge.<br><br><b>Hinglish:</b> Pehle-asli-sarparast-phir-praman.<br><br><b>Ref:</b> Rule 47(6), (7); Rule 47(6)",CCS_Pension Rule_47 Minor Bare_Text_Verified CCS_Pension::Rule_47 Priority::High,CCS_Pension_Rules_2021::04_Pension_Gratuity_Rules_44_to_49,Cloze,HIGH,Rule 47(6),CCS21-58a918e9
The lapse rule: gratuity{{c1::LAPSES to Government}}(no family + no/subsisting nomination) — UNLESS{{c2::a Succession-Certificate holder claims it}}.,<b>Rule:</b> Lapse is the default; court succession rescues the money.<br><br><b>Hinglish:</b> Bina-waarisan-sarkar — uttaradhikar-praman-bachao.<br><br><b>Ref:</b> Rule 49,CCS_Pension Rule_49 Lapse Bare_Text_Verified CCS_Pension::Rule_49 Priority::High,CCS_Pension_Rules_2021::04_Pension_Gratuity_Rules_44_to_49,Cloze,HIGH,Rule 49,CCS21-adfa7b23
The family-pension rule's sub-rule (1): FP gateways ={{c1::1yr continuous service}}/{{c2::&lt;1yr + pre-appointment MEDICAL-FIT}}/{{c3::post-retirement pensioner (incl compassionate allowance)}}. 'Continuous' EXCLUDES{{c4::suspension + pre-service}}.,<b>Rule:</b> Three doors + definitional fence; FP runs from day-after-death.<br><br><b>Hinglish:</b> Ek-saal-ya-fit-ya-pensioner; nilamban-naabalik-bahar.<br><br><b>Ref:</b> Rule 50(1); Rule 18,CCS_Pension Rule_50 Gateway Bare_Text_Verified CCS_Pension::Rule_50 Priority::Critical,CCS_Pension_Rules_2021::05_Family_Pension_DR_Rules_50_to_52,Cloze,CRITICAL,Rule 50(1),CCS21-75234e18
The family-pension rule's sub-rule (2)(a)(iii) provisos: post-retirement enhanced FP is{{c1::CAPPED at pension-authorised-on-retirement}}but{{c2::FLOORED at normal-FP rate}}. Pay ={{c3::emoluments higher}}; authorised-pension{{c4::INCLUDES commuted part + compulsory/compassionate awards}}.,<b>Rule:</b> Cap + floor + three Explanations — the enhanced-FP fine print.<br><br><b>Hinglish:</b> Chhat-pension; farsh-samanya; vetan-uchchtar.<br><br><b>Ref:</b> Rule 50(2); Rule 31; Rule 32,CCS_Pension Rule_50 Enhanced_FP Bare_Text_Verified CCS_Pension::Rule_50 Priority::High,CCS_Pension_Rules_2021::05_Family_Pension_DR_Rules_50_to_52,Cloze,HIGH,"Rule 50(2)(a)(iii), Explanations",CCS21-8ff33029
The family-pension rule's sub-rule (3)(b): additional FP runs from{{c1::1ST OF THE CALENDAR MONTH}}— born 20.08.1942 AND born 01.08.1942 both get 20% from{{c2::01.08.2022}}.,<b>Rule:</b> Illustration-verified: birth-date within the month is irrelevant.<br><br><b>Hinglish:</b> Mahine-ki-pehli — janmadin-bekaar.<br><br><b>Ref:</b> Rule 50(3)(b); Rule 50(3),CCS_Pension Rule_50 Additional_FP Bare_Text_Verified Exam_Trap CCS_Pension::Rule_50 Priority::High,CCS_Pension_Rules_2021::05_Family_Pension_DR_Rules_50_to_52,Cloze,HIGH,Rule 50(3)(b),CCS21-c0466405
The family-pension rule's sub-rule (4): FP in whole rupees — fraction{{c1::ROUNDED UP to next rupee}}; proviso:{{c2::NEVER exceed the max}}(twin: the family-pension rule's sub-rule (7)(b) ignore-if-breach).,<b>Rule:</b> Round-up generosity stops at the ceiling — contrast CVP truncation (the time-computation rule's sub-rule 1981).<br><br><b>Hinglish:</b> Paisaa-upar — chhat-par-ruko.<br><br><b>Ref:</b> Rule 50(4); Rule 50(7)(b); Rule 5(3); Rule 50(3),CCS_Pension Rule_50 Rounding Bare_Text_Verified CCS_Pension::Rule_50 Priority::High,CCS_Pension_Rules_2021::05_Family_Pension_DR_Rules_50_to_52,Cloze,HIGH,Rule 50(4),CCS21-af32aceb
The family-pension rule's sub-rule (6) queue inclusions: widow(er){{c1::incl post-retiral + judicially-separated spouse}}; children{{c2::incl adopted/step/post-retirement-born}}; parents{{c3::incl ADOPTIVE}}; siblings{{c4::only if DEPENDENT + DISABLED}}.,<b>Rule:</b> The queue's fine print — who counts in each tier.<br><br><b>Hinglish:</b> Kataar-me-kaun-kaun.<br><br><b>Ref:</b> Rule 50(6),CCS_Pension Rule_50 Queue Bare_Text_Verified CCS_Pension::Rule_50 Priority::High,CCS_Pension_Rules_2021::05_Family_Pension_DR_Rules_50_to_52,Cloze,HIGH,Rule 50(6)(i)-(iv),CCS21-75836a29
"The family-pension rule's sub-rule (7)(a): FP to{{c1::ONE member at a time}}(exceptions: the family-pension rule-proviso, the family-pension rule-(g), the family-pension rule, the family-pension rule-proviso, the family-pension rule); the family-pension rule: simultaneous shares{{c2::EQUAL + round-UP}}— breach-max fraction{{c3::IGNORED}}.","<b>Rule:</b> The simultaneity constitution: one-at-a-time, equal-when-many, ceiling-absolute.<br><br><b>Hinglish:</b> Ek-baar-ek; barabar-upar; chhat-atal.<br><br><b>Ref:</b> Rule 50(7); Rule 50(8)(b); Rule 50(8)(c); Rule 50(9)(g); Rule 50(9)(h)(iii); Rule 50(9)(k); Rule 50(7)(b)",CCS_Pension Rule_50 Sharing Bare_Text_Verified CCS_Pension::Rule_50 Priority::High,CCS_Pension_Rules_2021::05_Family_Pension_DR_Rules_50_to_52,Cloze,HIGH,"Rule 50(7)(a), (b)",CCS21-25560beb
The family-pension rule's sub-rule (8)all 2 clauses: widow + eligible children from a{{c1::DEAD wife / DIVORCED wife}}→ children take{{c2::MOTHER's hypothetical share}}; cesser{{c3::NEVER lapses — cascades to widow/children equally}}(provisos: widow-with-children → HER children per (c)+(9)).,"<b>Rule:</b> dead-wife + divorced-wife complete the void-marriage picture already carded.<br><br><b>Hinglish:</b> Maa-ka-hissa-bacchon-ka — vyarth-nahi.<br><br><b>Ref:</b> Rule 50(8)(e), (f); Rule 50(8); Rule 50(e)-(f); Rule 50(e); Rule 50(f); Rule 50(g)",CCS_Pension Rule_50 Widow_Shares Bare_Text_Verified CCS_Pension::Rule_50 Priority::High,CCS_Pension_Rules_2021::05_Family_Pension_DR_Rules_50_to_52,Cloze,HIGH,"Rule 50(8)(e), (f)",CCS21-109982dc
The family-pension rule's sub-rule (8)(h) -(j) JS ladder: JS spouse ALONE →{{c1::survivor}}; +minor/disabled-mind child →{{c2::survivor-IF-guardian → child AT 18 → BACK to spouse}}; +already-major eligible child →{{c3::CHILD FIRST → spouse after}}.,"<b>Rule:</b> Judicial separation never orphans the pension — three ordered tracks.<br><br><b>Hinglish:</b> Nyayik-algaav-teen-raaste.<br><br><b>Ref:</b> Rule 50(8)(h), (i), (j); Rule 50(8)",CCS_Pension Rule_50 Judicial_Separation Bare_Text_Verified CCS_Pension::Rule_50 Priority::High,CCS_Pension_Rules_2021::05_Family_Pension_DR_Rules_50_to_52,Cloze,HIGH,Rule 50(8)(h)-(j),CCS21-9c15e803
The family-pension rule's sub-rule (9)(a): son ={{c1::&lt;25 + unmarried + not-earning}}; daughter ={{c2::unmarried/WIDOWED/DIVORCED + not-earning (re-entry!)}}; disabled child ={{c3::ONLY not-earning (no age bar)}}; ALL{{c4::incl adopted/step/post-retirement-born}}.,<b>Rule:</b> Daughter re-enters on widowhood/divorce; disabled child's test is pure-income per.<br><br><b>Hinglish:</b> Beti-wapas; divyang-sirf-aaya.<br><br><b>Ref:</b> Rule 50(9)(a); Rule 50(9); Rule 50(c),CCS_Pension Rule_50 Children Bare_Text_Verified CCS_Pension::Rule_50 Priority::Critical,CCS_Pension_Rules_2021::05_Family_Pension_DR_Rules_50_to_52,Cloze,CRITICAL,"Rule 50(9)(a)(i), (ii), (iii)",CCS21-c925e260
The family-pension rule's sub-rule (9)(g): twins take{{c1::EQUAL shares}}; lapsed share{{c2::REVERTS to the co-twin}}; both-out →{{c3::next single/twins}}.,<b>Rule:</b> Reversion (not lapse) between twins — then the queue resumes.<br><br><b>Hinglish:</b> Judvaan-barabar; hissa-palat.<br><br><b>Ref:</b> Rule 50(9)(g); Rule 50(9),CCS_Pension Rule_50 Twins Bare_Text_Verified CCS_Pension::Rule_50 Priority::Medium,CCS_Pension_Rules_2021::05_Family_Pension_DR_Rules_50_to_52,Cloze,MEDIUM,Rule 50(9)(g),CCS21-b2eb8f27
The family-pension rule's sub-rule (9)(h)(iv) -(vi): mentally-disabled via{{c1::GUARDIAN (as-if-minor)}}; physically-disabled MAJOR draws{{c2::DIRECTLY}}; appointing authority{{c3::satisfies + RPwD/Board certificate}}; re-certify{{c4::permanent-ONCE / temporary-EVERY 5 YEARS}}.,<b>Rule:</b> Mind-vs-body routing + certification rhythm.<br><br><b>Hinglish:</b> Mann-sarparast; tann-khud; praman-paanch-saal.<br><br><b>Ref:</b> Rule 50(9)(h); Rule 50(9),CCS_Pension Rule_50 Disability Bare_Text_Verified CCS_Pension::Rule_50 Priority::High,CCS_Pension_Rules_2021::05_Family_Pension_DR_Rules_50_to_52,Cloze,HIGH,"Rule 50(9)(h)(iv), (v), (vi)",CCS21-0d8c87dc
The family-pension rule's sub-rule (9)(h)(vii): mentally-retarded child's FP →{{c1::servant's/pensioner's NOMINEE}}(else{{c2::spouse's LATER nominee}}) +{{c3::Guardianship Certificate}}. QUIRK: the family-pension rule proviso cites{{c4::'(d)' but means (g)-twins}}.,"<b>Rule:</b> Nomination ladder for the mentally retarded; cross-ref quirk flagged, not fixed.<br><br><b>Hinglish:</b> Naamzadon-ki-kadi; sandarbh-chuk.<br><br><b>Ref:</b> Rule 50(9)(h); Rule 50(9); Rule 50(h)(iii)",CCS_Pension Rule_50 Disability Bare_Text_Verified CCS_Pension::Rule_50 Priority::High,CCS_Pension_Rules_2021::05_Family_Pension_DR_Rules_50_to_52,Cloze,HIGH,"Rule 50(9)(h)(vii), (iii)",CCS21-c828f583
"TRAP — disabled-child income test ={{c1::ENTITLED FP (30% rate!) + DR}}(the family-pension rule's sub-rule (9)(c) = Explanation (b)); normal-child test ={{c2::MINIMUM FP (Rs 9,000) + DR}}(the family-pension rule's sub-rule (9)(b)).","<b>Rule:</b> Disabled child gets the HIGHER benchmark — same figure tests entry and exit in opposite directions.<br><br><b>Hinglish:</b> Divyang-haqdaar; samanya-nyuntam.<br><br><b>Ref:</b> Rule 50(9)(b), (c); Rule 50(9)(c); Rule 50(9)(b)",CCS_Pension Rule_50 Income_Test Bare_Text_Verified Exam_Trap CCS_Pension::Rule_50 Priority::Critical,CCS_Pension_Rules_2021::05_Family_Pension_DR_Rules_50_to_52,Cloze,CRITICAL,"Rule 50(9)(b), (c)",CCS21-b1972626
The family-pension rule's sub-rule (12)(a): one FP is{{c1::NOT income for another FP's eligibility}}— but{{c2::family-pension caps still bind}}; the family-pension rule-(d): claimant{{c3::DECLARES other FP in Form 10}}; HoO{{c4::enforces the caps}}.,<b>Rule:</b> Non-counting is not non-capping — declare and cap.<br><br><b>Hinglish:</b> Gin-nahi-par-seema-haan.<br><br><b>Ref:</b> Rule 50(12); Rule 50(13); Rule 50(12)(c),CCS_Pension Rule_50 Dual_FP Bare_Text_Verified CCS_Pension::Rule_50 Priority::High,CCS_Pension_Rules_2021::05_Family_Pension_DR_Rules_50_to_52,Cloze,HIGH,"Rule 50(12)(a), (c), (d)",CCS21-a839714c
"The family-pension rule's sub-rule (13) two-FP caps: enhanced INVOLVED (both-enhanced OR mixed!) →{{c1::Rs 1,25,000}}; both-NORMAL →{{c2::Rs 75,000}}. PIB:{{c3::50%/30% of Rs 2.5L top pay (7CPC, Feb-2021)}}.",<b>Rule:</b> Mixed enhanced+normal ALSO caps at 1.25L — the examined trap. Ladder figures PIB-confirmed.<br><br><b>Hinglish:</b> Badha-mila-swa-lakh; dono-samanya-pachattar.<br><br><b>Ref:</b> Rule 50(13); PIB 12.02.2021,CCS_Pension Rule_50 Dual_FP Bare_Text_Verified CCS_Pension::Rule_50 Priority::Critical,CCS_Pension_Rules_2021::05_Family_Pension_DR_Rules_50_to_52,Cloze,CRITICAL,"Rule 50(13)(i), (ii), (iii)",CCS21-36e698e6
The family-pension rule's sub-rule (14)all 2 clauses: child{{c1::DECLARES other-parent FP in Form 10}}; HoO{{c2::caps the total per (13)}}.,"<b>Rule:</b> Two-parent FP always passes through the (13) ceiling.<br><br><b>Hinglish:</b> Dono-maa-baap-ghoshit-seemit.<br><br><b>Ref:</b> Rule 50(14)(a), (b); Rule 50(14); Rule 50(a)-(b)",CCS_Pension Rule_50 Dual_FP Bare_Text_Verified CCS_Pension::Rule_50 Priority::Medium,CCS_Pension_Rules_2021::05_Family_Pension_DR_Rules_50_to_52,Cloze,MEDIUM,"Rule 50(14)(a), (b)",CCS21-58dcab2d
The family-pension rule's sub-rule (14)all 4 clauses provisos: ACQUITTED → FP{{c1::FROM ACQUITTAL}}(others discontinued); arrears-from-death ONLY if{{c2::NO other eligible existed}}; murder-freeze{{c3::extends POST-retirement (f)}}; suicide-abetment{{c4::INCLUDED (Explanation)}}.,<b>Rule:</b> Acquittal restarts (not repays) — arrears only fill a vacuum.<br><br><b>Hinglish:</b> Bari-par-chalu; baqaaya-khaali-par.<br><br><b>Ref:</b> Rule 50(14); Rule 50(c)-(f),CCS_Pension Rule_50 Murder_Freeze Bare_Text_Verified CCS_Pension::Rule_50 Priority::Critical,CCS_Pension_Rules_2021::05_Family_Pension_DR_Rules_50_to_52,Cloze,CRITICAL,"Rule 50(14)(c), (d), (e), (f)",CCS21-a9eb71e5
"The family-pension rule's sub-rule (15)(c): disability intimation needs Medical Certificate from{{c1::RPwD-Act-2016 competent authority}}OR{{c2::Medical Board (MS/Principal/Director/Head-nominee Chair + 2, ≥1 specialist)}}.",<b>Rule:</b> RESOLVES the family-pension rule certification flag — same Board formula as the family-pension rule.<br><br><b>Hinglish:</b> Divyang-praman-do-raaste.<br><br><b>Ref:</b> Rule 50(15)(c); Rule 50(15); Rule 50(9)(a)(iii); Rule 50(9)(h)(v),CCS_Pension Rule_50 Disability_Certificate Bare_Text_Verified CCS_Pension::Rule_50 Priority::High,CCS_Pension_Rules_2021::05_Family_Pension_DR_Rules_50_to_52,Cloze,HIGH,Rule 50(15)(c),CCS21-63fb78a7
The family-pension rule's sub-rule (15)all 3 clauses: HoO{{c1::verifies Form 4 + dated ACK + pastes in SERVICE BOOK}}(changes{{c2::under HoO signature}});{{c3::FRESH Form 4 with pension papers}}; post-retirement marriage/birth →{{c4::Form 5 + competent-authority CERTIFICATE}}.,"<b>Rule:</b> Form-4 lifecycle: entry → changes → pre-retirement refresh; Form-5 needs proof, not just words.<br><br><b>Hinglish:</b> Form-chaar-jeevan; paanch-par-praman.<br><br><b>Ref:</b> Rule 50(15)(d), (e), (f); Rule 50(15); Rule 50(d)-(f)",CCS_Pension Rule_50 Form_4 Bare_Text_Verified CCS_Pension::Rule_50 Priority::High,CCS_Pension_Rules_2021::05_Family_Pension_DR_Rules_50_to_52,Cloze,HIGH,Rule 50(15)(d)-(f),CCS21-cb90ff23
"The family-pension rule's sub-rule (15)all 2 clauses: post-retirement changes ({{c1::birth/disability/divorce/daughter-widowhood}}) intimated with{{c2::docs (HoO ACKs)}}; Form 4 MUST list{{c3::JS spouse, ALL children (incl void/voidable), parents, disabled siblings}}.","<b>Rule:</b> Retirement doesn't freeze the family record — events keep it breathing.<br><br><b>Hinglish:</b> Parivar-lagatar; soochi-poori.<br><br><b>Ref:</b> Rule 50(15)(g), (h); Rule 50(15); Rule 50(g)-(h)",CCS_Pension Rule_50 Form_4 Bare_Text_Verified CCS_Pension::Rule_50 Priority::High,CCS_Pension_Rules_2021::05_Family_Pension_DR_Rules_50_to_52,Cloze,HIGH,"Rule 50(15)(g), (h)",CCS21-f3001b4e
The family-pension rule's sub-rule (16): family-pension does NOT apply to a{{c1::re-employed retiree ineligible for pension/service-gratuity}}under these rules.,<b>Rule:</b> No pension linkage → no family-pension umbrella.<br><br><b>Hinglish:</b> Bina-pension-chhatra-nahi.<br><br><b>Ref:</b> Rule 50(16); Rule 50,CCS_Pension Rule_50 Exclusion Bare_Text_Verified CCS_Pension::Rule_50 Priority::Medium,CCS_Pension_Rules_2021::05_Family_Pension_DR_Rules_50_to_52,Cloze,MEDIUM,Rule 50(16),CCS21-530082a8
The missing-persons rule's sub-rule (6): missing servant's pay/emoluments reckoned on{{c1::LAST DUTY DAY}}(or{{c2::leave-expiry if on leave}}) — via family-pension-Expl-1 + the gratuity rule's sub-rule (6).,<b>Rule:</b> The valuation anchor for FP-pay and gratuity-emoluments alike.<br><br><b>Hinglish:</b> Aakhri-duty-vetan-aadhar.<br><br><b>Ref:</b> Rule 51(6); Rule 50; Rule 45(6),CCS_Pension Rule_51 Valuation Bare_Text_Verified CCS_Pension::Rule_51 Priority::Medium,CCS_Pension_Rules_2021::05_Family_Pension_DR_Rules_50_to_52,Cloze,MEDIUM,Rule 51(6),CCS21-afe9de5c
QUIRK — The missing-persons rule's sub-rule (8)(a) prints '{{c1::Provided FURTHER that...}}' (interest proviso) with{{c2::NO first proviso visible in the extract}}— content of any first proviso is UNSEEN; never invent it.,"<b>Rule:</b> the missing-persons rule//,, (10), (11) all verified verbatim alongside — only this numbering gap stays open.<br><br><b>Hinglish:</b> Pehla-parantuk-adrishya — gadho-mat.<br><br><b>Ref:</b> Rule 51(8)(a) - VERIFY Gazette; Rule 51(8); Rule 51(8)(b); Rule 51(c); Rule 51(d); Rule 51(9)",CCS_Pension Rule_51 Numbering Bare_Text_Verified CCS_Pension::Rule_51 Priority::Medium,CCS_Pension_Rules_2021::05_Family_Pension_DR_Rules_50_to_52,Cloze,MEDIUM,Rule 51(8)(a),CCS21-4dd77f2a
The DR rule's sub-rule (1): DR covers{{c1::pensioners + compassionate-allowance holders + FP-ers}}at{{c2::Govt-specified rates/conditions}}.,<b>Rule:</b> Compassionate allowance rides the DR bus too.<br><br><b>Hinglish:</b> Mehngai-anukampa-samet.<br><br><b>Ref:</b> Rule 52(1); Rule 41,CCS_Pension Rule_52 DR Bare_Text_Verified CCS_Pension::Rule_52 Priority::High,CCS_Pension_Rules_2021::05_Family_Pension_DR_Rules_50_to_52,Cloze,HIGH,Rule 52(1),CCS21-ca8e2d91
The DR rule's sub-rule (2): re-employed/absorbed pensioner draws{{c1::NO DR during the spell}}— UNLESS{{c2::pay fixed at post-MINIMUM (&lt; pre-retirement pay)}}+{{c3::entire pension IGNORED in that fixation}}(+cond. (i) cut in extract).,<b>Rule:</b> Double-benefit bar with a narrow minimum-pay escape hatch.<br><br><b>Hinglish:</b> Naukri-par-mehngai-band — nyuntam-apvaad.<br><br><b>Ref:</b> Rule 52(2),CCS_Pension Rule_52 DR Bare_Text_Verified CCS_Pension::Rule_52 Priority::High,CCS_Pension_Rules_2021::05_Family_Pension_DR_Rules_50_to_52,Cloze,HIGH,Rule 52(2),CCS21-824335b9
The DR rule's sub-rule (3): DR-claim certificate states{{c1::civil-post character}}+{{c2::minimum-pay fixation (&lt; pre-retirement)}}+{{c3::pension wholly IGNORED}}(cl. (i) garbled in mirror — VERIFY wording).,<b>Rule:</b> Paper proof for the -proviso escape hatch.<br><br><b>Hinglish:</b> Mehngai-daava-praman.<br><br><b>Ref:</b> Rule 52(3); Rule 52(2),CCS_Pension Rule_52 DR Bare_Text_Verified CCS_Pension::Rule_52 Priority::Medium,CCS_Pension_Rules_2021::05_Family_Pension_DR_Rules_50_to_52,Cloze,MEDIUM,Rule 52(3),CCS21-1a8b0f50
The DR rule's sub-rule (4): EMPLOYED family pensioners{{c1::KEEP full DR on FP during employment}}— the DR rule's sub-rule (2)/(3) don't touch them.,<b>Rule:</b> The FP-er carve-out: employment never pauses family-pension DR.<br><br><b>Hinglish:</b> Parivar-mehngai-rozgaar-par-bhi.<br><br><b>Ref:</b> Rule 52(4); Rule 52(2),CCS_Pension Rule_52 DR Bare_Text_Verified CCS_Pension::Rule_52 Priority::High,CCS_Pension_Rules_2021::05_Family_Pension_DR_Rules_50_to_52,Cloze,HIGH,Rule 52(4),CCS21-312d9ad9
The Bhavishya rule's sub-rule (2): Bhavishya-EXEMPTED cases run{{c1::PHYSICAL + MANUAL}}; any action NOT performable on Bhavishya goes{{c2::MANUAL}}.,<b>Rule:</b> Digital-default with analogue fallback — no case strands on portal limits.<br><br><b>Hinglish:</b> Portal-na-ho-kaagaz-chalo.<br><br><b>Ref:</b> Rule 53(2),CCS_Pension Rule_53 Bhavishya Bare_Text_Verified CCS_Pension::Rule_53 Priority::Medium,CCS_Pension_Rules_2021::06_Bhavishya_Calendar_Rules_53_to_57,Cloze,MEDIUM,"Rule 53(2)(a), (b)",CCS21-80693740
The calendar rule's sub-rule (2)(a): servant files{{c1::6 MONTHS before retirement}}(timeline survives 410(E); forms now merged in 6-A); the calendar rule:{{c2::commutation % applied in the SAME filing}}.,<b>Rule:</b> Six-month paper + commutation option ride together.<br><br><b>Hinglish:</b> Chhah-mahina-pehle; rashikaran-saath.<br><br><b>Ref:</b> Rule 57(2); Rule 57(2)(b),CCS_Pension Rule_57 Timeline Bare_Text_Verified CCS_Pension::Rule_57 Priority::High,CCS_Pension_Rules_2021::06_Bhavishya_Calendar_Rules_53_to_57,Cloze,HIGH,"Rule 57(2)(a), (b)",CCS21-4fcbf0cf
"RESOLVED — The calendar rule's sub-rule (3): infirm servant →{{c1::SPOUSE}}, else{{c2::THE FP-eligible member}}; none eligible →{{c3::gratuity-nominee member}}; family-filed ⇒{{c4::NO commutation till servant SELF-applies}}.",<b>Rule:</b> 'THE member' VERIFIED verbatim — the ANALYSIS keyword is real (contrast the event rule's 'ANY OTHER').<br><br><b>Hinglish:</b> Patni-phir-VAH-sadasya; rashikaran-khud-maango.<br><br><b>Ref:</b> Rule 57(3); Rule 58,CCS_Pension Rule_57 Ladder Bare_Text_Verified CCS_Pension::Rule_57 Priority::High,CCS_Pension_Rules_2021::06_Bhavishya_Calendar_Rules_53_to_57,Cloze,HIGH,"Rule 57(3)(a), (b)",CCS21-05daf22f
RESOLVED — The event rule's sub-rule (1) +(2): file{{c1::IMMEDIATELY after approval/effectiveness}}; infirm ladder ={{c2::SPOUSE → ANY OTHER FP-eligible member}}+ same{{c3::no-commutation-till-self-applies bar}}.,"<b>Rule:</b> 'ANY OTHER member' VERIFIED — the event rule's net is textually wider than the calendar rule's 'THE member'. Keyword carded; policy reading stays interpretive.<br><br><b>Hinglish:</b> Turant-daakhil; KOI-anya-sadasya.<br><br><b>Ref:</b> Rule 58(1), (2); Rule 58(1); Rule 58; Rule 57",CCS_Pension Rule_58 Ladder Bare_Text_Verified CCS_Pension::Rule_58 Priority::High,CCS_Pension_Rules_2021::07_Retirement_Processing_Rules_58_to_70,Cloze,HIGH,"Rule 58(1), (2)",CCS21-1446120e
The case-build rule's sub-rule (1): HoO completes Form-7 Part I + checklist + calc sheet{{c1::≤4 MONTHS before retirement}}/{{c2::within 2 MONTHS after filing}}.,<b>Rule:</b> Assessment clocks: 4-before vs 2-after.<br><br><b>Hinglish:</b> Chaar-pehle; do-baad.<br><br><b>Ref:</b> Rule 59(1); Rule 57; Rule 58,CCS_Pension Rule_59 Timeline Bare_Text_Verified CCS_Pension::Rule_59 Priority::High,CCS_Pension_Rules_2021::07_Retirement_Processing_Rules_58_to_70,Cloze,HIGH,Rule 59(1),CCS21-a7fe5692
The provisional-pension rule's sub-rule (1): provisional pension triggers ={{c1::can't-forward-in-time despite}}OR{{c2::AO returns for info}}(+ likely-to-retire) → HoO{{c3::determines provisional on RECORD}}.,"<b>Rule:</b> Two gates, one safety net — record-based provisional keeps the retiree paid.<br><br><b>Hinglish:</b> Deri-ya-wapsi-asthaayi.<br><br><b>Ref:</b> Rule 62(1); Rule 57",CCS_Pension Rule_62 Provisional Bare_Text_Verified CCS_Pension::Rule_62 Priority::High,CCS_Pension_Rules_2021::07_Retirement_Processing_Rules_58_to_70,Cloze,HIGH,"Rule 62(1)(i), (ii)",CCS21-f4311ecc
RESOLVED — Format 2 ={{c1::SANCTION for post-retirement proceedings}}; Format 3 ={{c2::MEMORANDUM for post-retirement proceedings}}; Format 7 ={{c3::guardian INDEMNITY for ≤20% minor-gratuity ()}}. All 13 Formats mapped.,"<b>Rule:</b> Old 'VERIFY from bare Schedule' card replaced — mapping sourced from 2021 Schedule listings + proceedings bare text.<br><br><b>Hinglish:</b> Do-swikriti-teen-gyapan-saat-raksha.<br><br><b>Ref:</b> Schedule; Rules 8, 47; Rule 8; Rule 47(7); Rule 47",CCS_Pension Format_02 Format_03 Format_07 Routing Bare_Text_Verified Priority::Medium,CCS_Pension_Rules_2021::01_Preliminary_Rules_01_to_10,Cloze,MEDIUM,"Formats 2, 3, 7",CCS21-e29a53ab
RESOLVED — Provision vs Family Pension{{c1::EOP award RUNNING ⇒ no FP}};{{c2::EOP claim PENDING ⇒ provisional FP → revised PPA → discontinue}};{{c3::other-org/armed-forces FP never caps}}(the family-pension rule's sub-rule (5)all 3 clauses verbatim).,<b>Rule:</b> Old 'election VERIFY' card replaced — family-pension bare text verified; no separate election clause exists in the family-pension rule.<br><br><b>Hinglish:</b> EOP-chale-ruke; vichaar-asthaayi.<br><br><b>Ref:</b> Rule 50(5); Rule 50; Rule 50(5)(a); Rule 50(a)-(c),CCS_Pension Rule_50 EOP Bare_Text_Verified CCS_Pension::Rule_50 Priority::High,CCS_Pension_Rules_2021::05_Family_Pension_DR_Rules_50_to_52,Cloze,HIGH,"Rule 50(5)(a), (b), (c)",CCS21-33bb930e
An appeal against a non-President conduct order {{c1::LIES TO THE PRESIDENT}} — decided {{c2::in consultation with UPSC}}.,<b>Rule:</b> RESOLVES the conduct-vs-proceedings table flag; the proceedings-appeal provision is already carded alongside.<br><br><b>Hinglish:</b> Saat-appeal-Rashtrapati-UPSC.<br><br><b>Ref:</b> Rule 7(7); Rule 7(1); Rule 8(6A),CCS_Pension Rule_07 Appeal Bare_Text_Verified CCS_Pension::Rule_07 Priority::High,CCS_Pension_Rules_2021::01_Preliminary_Rules_01_to_10,Cloze,HIGH,Rule 7(7),CCS21-864daa1b
The conduct rule's sub-rule (2) +(3): conviction route follows{{c1::the COURT judgment}}; grave-misconduct route needs{{c2::15-day (+15) show-cause notice}}+{{c3::consideration of representation}}.,"<b>Rule:</b> Conviction = judgment-led; allegation = notice-led.<br><br><b>Hinglish:</b> Sazaa-faisla; aarop-notice.<br><br><b>Ref:</b> Rule 7(2), (3); Rule 7(2)",CCS_Pension Rule_07 Procedure Bare_Text_Verified CCS_Pension::Rule_07 Priority::High,CCS_Pension_Rules_2021::01_Preliminary_Rules_01_to_10,Cloze,HIGH,"Rule 7(2), (3)",CCS21-2e7857d6
The conduct rule's Explanation: 'pension'{{c1::INCLUDES family pension}}; 'serious crime'{{c2::incl OSA-1923 offences}}; 'grave misconduct'{{c3::incl OSA disclosures (s.5 material)}}; 'publication'/'information'{{c4::defined maximally (media + any material)}}.,<b>Rule:</b> Definitions detonate the rule's width — FP-ers answer too.<br><br><b>Hinglish:</b> Paribhasha-chaudi — parivar-samet.<br><br><b>Ref:</b> Rule 7 Explanation; Rule 7,CCS_Pension Rule_07 Definitions Bare_Text_Verified CCS_Pension::Rule_07 Priority::High,CCS_Pension_Rules_2021::01_Preliminary_Rules_01_to_10,Cloze,HIGH,Rule 7 Explanation (a)-(e),CCS21-eef1299d
The proceedings rule's sub-rule (4)all 2 clauses: provisional pension ={{c1::MAXIMUM pension on QS-to-retirement}}(pre-suspension date if suspended); runs{{c2::day-after-retirement → final orders}}.,"<b>Rule:</b> Maximum (not minimum) — generosity during trial; the proceedings rule no-gratuity already carded.<br><br><b>Hinglish:</b> Asthaayi-adhiktam.<br><br><b>Ref:</b> Rule 8(4)(a), (b); Rule 8(4); Rule 8(a)-(b); Rule 8(4)(c)",CCS_Pension Rule_08 Provisional Bare_Text_Verified CCS_Pension::Rule_08 Priority::High,CCS_Pension_Rules_2021::01_Preliminary_Rules_01_to_10,Cloze,HIGH,"Rule 8(4)(a), (b)",CCS21-575b6b1e
The proceedings rule's sub-rule (5): provisional adjusted vs final —{{c1::NO recovery if final &lt; provisional}}(or pension reduced/withheld).,"<b>Rule:</b> One-way adjustment: excess provisional is forgiven, never clawed.<br><br><b>Hinglish:</b> Zyada-asthaayi-maaf.<br><br><b>Ref:</b> Rule 8(5)",CCS_Pension Rule_08 Provisional Bare_Text_Verified CCS_Pension::Rule_08 Priority::High,CCS_Pension_Rules_2021::01_Preliminary_Rules_01_to_10,Cloze,HIGH,Rule 8(5),CCS21-dca8aec8
The proceedings rule's sub-rule (6): pecuniary-loss recovery from pension{{c1::not ordinarily &gt; ONE-THIRD}}of pension-on-retirement.,<b>Rule:</b> The ⅓ speed limit on loss-recovery.<br><br><b>Hinglish:</b> Nuksaan-teesra-hissa.<br><br><b>Ref:</b> Rule 8(6),CCS_Pension Rule_08 Recovery Bare_Text_Verified CCS_Pension::Rule_08 Priority::High,CCS_Pension_Rules_2021::01_Preliminary_Rules_01_to_10,Cloze,HIGH,Rule 8(6),CCS21-b206005d
The proceedings rule's sub-rule (7) +(8): President may{{c1::REVISE any order (records + UPSC: confirm/modify/set-aside/remit)}}or{{c2::REVIEW (extenuating/new material)}}; ENHANCEMENT needs{{c3::representation-opportunity + UPSC}}.,"<b>Rule:</b> Revision = record-correction; review = new-circumstance; enhancement = double-gated.<br><br><b>Hinglish:</b> Punarvilokan-naam; badhotari-do-taale.<br><br><b>Ref:</b> Rule 8(7), (8); Rule 8(7)",CCS_Pension Rule_08 Revision Bare_Text_Verified CCS_Pension::Rule_08 Priority::High,CCS_Pension_Rules_2021::01_Preliminary_Rules_01_to_10,Cloze,HIGH,"Rule 8(7), (8)",CCS21-1d279f70
The proceedings rule's Explanation: proceedings deemed instituted on{{c1::charge-sheet / suspension / cognizance / suit-filing}}; 'misconduct' ={{c2::Conduct-Rules violation}}; guilty-grounds ={{c3::corrupt practices / any misconduct / loss-or-not}}; 'civil' ={{c4::GOVT-filed suits only}}.,"<b>Rule:</b> Four definitional anchors: when, what, which-guilt, which-civil.<br><br><b>Hinglish:</b> Kab-kya-kaun-kaunsi.<br><br><b>Ref:</b> Rule 8 Explanation; Rule 8",CCS_Pension Rule_08 Definitions Bare_Text_Verified CCS_Pension::Rule_08 Priority::High,CCS_Pension_Rules_2021::01_Preliminary_Rules_01_to_10,Cloze,HIGH,Rule 8 Explanation (1)-(4),CCS21-1b317aad
The commercial-employment rule's sub-rule (6): clean-record pensioners get LIBERAL grants for{{c1::directorship/consultancy}}+{{c2::science/culture/social posts}}+{{c3::responsibility posts}};{{c4::honorary = paid = self-employment}}.,<b>Rule:</b> The liberality ladder — all 7 clauses factors already carded in splits.<br><br><b>Hinglish:</b> Saaf-daman-udaar-anumati.<br><br><b>Ref:</b> Rule 9(6); Rule 9(a)-(g),CCS_Pension Rule_09 Liberal_Grant Bare_Text_Verified CCS_Pension::Rule_09 Priority::Medium,CCS_Pension_Rules_2021::01_Preliminary_Rules_01_to_10,Cloze,MEDIUM,Rule 9(6)(i)-(iv),CCS21-955ca668
The commercial-employment rule's Explanation: 'commercial employment' ={{c1::company/co-op/firm/individual (trading/commercial/industrial/financial/professional) + directorship/partnership (Govt-owned bodies EXCLUDED)}}; practice-setup ={{c2::unqualified+official-knowledge / qualified+unfair-advantage / liaison work}}.,<b>Rule:</b> The definition that decides whether 's permission gate even applies.<br><br><b>Hinglish:</b> Vyavsayik-paribhasha-teen-jaal.<br><br><b>Ref:</b> Rule 9 Explanation; Rule 9; Rule 9(1),CCS_Pension Rule_09 Definitions Bare_Text_Verified CCS_Pension::Rule_09 Priority::High,CCS_Pension_Rules_2021::01_Preliminary_Rules_01_to_10,Cloze,HIGH,"Rule 9 Explanation (a), (b)",CCS21-d78d583f
"The foreign-government rule's sub-rule (1): unauthorised foreign-Govt employment ⇒{{c1::NO pension for the spell}}(+{{c2::longer if Government directs}}); second,: requests per{{c3::ToB Rules 1961 + instructions}}.","<b>Rule:</b> RESOLVES the commercial-employment-vs-foreign-government-table flag — penalty text verified; LPR-permitted continuance exempted (proviso).<br><br><b>Hinglish:</b> Videsh-bina-anumati-pension-band.<br><br><b>Ref:</b> Rule 10(1), (2); Rule 10(1); Rules 9, 10",CCS_Pension Rule_10 Penalty Bare_Text_Verified CCS_Pension::Rule_10 Priority::High,CCS_Pension_Rules_2021::01_Preliminary_Rules_01_to_10,Cloze,HIGH,"Rule 10(1), (2)",CCS21-33781407
State/AB service:{{c1::Central Govt BEARS State-service pension (no proportionate recovery — )}}; AB lump-sum valued via{{c2::1981 COMMUTATION TABLE ()}};{{c3::PSU/bank/FI service NEVER counts ()}}.,"<b>Rule:</b> Who-pays + how-valued + what-never-counts.<br><br><b>Hinglish:</b> Kendra-bhugte; sarani-moolya; PSU-bahar.<br><br><b>Ref:</b> Rules 13(3), 14(1)(d), 14(3); Rule 13(3); Rule 14(1)(d); Rule 14(3)",CCS_Pension Rule_13 Rule_14 QS Bare_Text_Verified CCS_Pension::Rule_13 Priority::High,CCS_Pension_Rules_2021::02_Qualifying_Service_Rules_11_to_30,Cloze,HIGH,"Rule 13(3); Rule 14(1)(d), (3)",CCS21-b3f938d9
The single-pension rule's AB/PSU proviso: pre-2004 proper-permission entrants{{c1::KEEP AB/PSU pension + EARN Govt pension}}; combined gratuity{{c2::CAPPED at entire-service figure}}; AB/PSU{{c3::pays its own pension (no Govt liability)}}.,"<b>Rule:</b> Dual-pension exception to the one-pension rule — capped gratuity, split liability.<br><br><b>Hinglish:</b> Dono-pension-chhat-seemit.<br><br><b>Ref:</b> Rule 6",CCS_Pension Rule_06 Dual_Pension Bare_Text_Verified CCS_Pension::Rule_06 Priority::High,CCS_Pension_Rules_2021::01_Preliminary_Rules_01_to_10,Cloze,HIGH,Rule 6,CCS21-93775b90
The voluntary-retirement rule's sub-rule (1): VR needs{{c1::20 YEARS QS}}— and the pension fraction rule is{{c2::NOT applicable}}to this count.,<b>Rule:</b> Hard 20 — no 3-month rounding rescue for voluntary retirement.<br><br><b>Hinglish:</b> Bees-pakke-bina-gol.<br><br><b>Ref:</b> Rule 43(1); Rule 44(7),CCS_Pension Rule_43 VR Bare_Text_Verified Priority::Critical CCS_Pension::Rule_43,CCS_Pension_Rules_2021::03_Emoluments_Classes_Rules_31_to_43,Cloze,CRITICAL,Rule 43(1),CCS21-5613c580
The voluntary-retirement rule's sub-rule (2)(3): VR notice needs{{c1::ACCEPTANCE}}(deemed-effective if not refused in time); WITHHELD if{{c2::suspension / charge-sheet / judicial-grave}}; accept-anyway needs{{c3::PRESIDENT approval}}.,"<b>Rule:</b> Acceptance + three bars + presidential override.<br><br><b>Hinglish:</b> Manzoori-teen-rok-Rashtrapati.<br><br><b>Ref:</b> Rule 43(2), (3); Rule 43(2); Rule 3",CCS_Pension Rule_43 VR Bare_Text_Verified Priority::High CCS_Pension::Rule_43,CCS_Pension_Rules_2021::03_Emoluments_Classes_Rules_31_to_43,Cloze,HIGH,"Rule 43(2), (3)",CCS21-2c7698f5
The voluntary-retirement rule's sub-rule (4)(7): curtailment needs{{c1::no-admin-inconvenience + no-commutation-before-3mo}}; RPwD-s.20 disability ⇒{{c2::continuation advice}}; withdrawal only with{{c3::approval + 15-day request}};{{c4::SVRS/absorption EXCLUDED}}.,"<b>Rule:</b> Curtail, counsel, commit, carve-out.<br><br><b>Hinglish:</b> Katauti-salah-wapasi-apvaad.<br><br><b>Ref:</b> Rule 43(4), (5), (6), (7); Rule 43(4); Rule 7",CCS_Pension Rule_43 VR Bare_Text_Verified Priority::High CCS_Pension::Rule_43,CCS_Pension_Rules_2021::03_Emoluments_Classes_Rules_31_to_43,Cloze,HIGH,Rule 43(4)-(7),CCS21-5ca768d0
"The pension rule's sub-rule (1): pension ={{c1::50% of (higher of emoluments / average emoluments)}}, 10y+ QS,{{c2::Rs 9,000 – Rs 1,25,000}}; invalid-pension pension needs{{c3::NO 10y QS}}(proviso).",<b>Rule:</b> The pension formula + invalid exception.<br><br><b>Hinglish:</b> Aadhi-tankhvah; apang-shart-mukt.<br><br><b>Ref:</b> Rule 44(1); Rule 39,CCS_Pension Rule_44 Pension Bare_Text_Verified Priority::Critical CCS_Pension::Rule_44,CCS_Pension_Rules_2021::04_Pension_Gratuity_Rules_44_to_49,Cloze,CRITICAL,Rule 44(1),CCS21-d2f04b31
The pension rule's sub-rule (2)(3): service gratuity ={{c1::½-month per completed 6-monthly period}}; reduced emoluments ⇒{{c2::average emoluments + DA-on-retirement}}.,"<b>Rule:</b> Sub-10y consolation rate + emolument fallback.<br><br><b>Hinglish:</b> Aadha-mahina-chhah-maah.<br><br><b>Ref:</b> Rule 44(2), (3); Rule 44(2); Rule 3; Rule 32",CCS_Pension Rule_44 Service_Gratuity Bare_Text_Verified Priority::High CCS_Pension::Rule_44,CCS_Pension_Rules_2021::04_Pension_Gratuity_Rules_44_to_49,Cloze,HIGH,"Rule 44(2), (3)",CCS21-3b7f639e
The pension rule's sub-rule (4): compulsory-retirement pension/gratuity ={{c1::sanctioned % of the SUPERANNUATION equivalents}}(10y+ ⇒ pension-%; &lt;10y ⇒ gratuity-%).,"<b>Rule:</b> compulsory-retirement picks the percentage; pension picks the base.<br><br><b>Hinglish:</b> Anivarya-pratishat-sewanivritt-aadhar.<br><br><b>Ref:</b> Rule 44(4)(a), (b); Rule 44(4); Rule 40",CCS_Pension Rule_44 Compulsory Bare_Text_Verified Priority::High CCS_Pension::Rule_44,CCS_Pension_Rules_2021::04_Pension_Gratuity_Rules_44_to_49,Cloze,HIGH,Rule 44(4),CCS21-1d2956f0
The pension rule's sub-rule (5): compassionate allowance ={{c1::sanctioned % of superannuation PENSION (10y+)}}or{{c2::of superannuation GRATUITY (&lt;10y)}}.,"<b>Rule:</b> compassionate-allowance picks the percentage; pension picks the base — mirror of.<br><br><b>Hinglish:</b> Anukampa-pratishat-aadhar.<br><br><b>Ref:</b> Rule 44(5)(a), (b); Rule 44(5); Rule 41; Rule 44(4)",CCS_Pension Rule_44 Compassionate Bare_Text_Verified Priority::High CCS_Pension::Rule_44,CCS_Pension_Rules_2021::04_Pension_Gratuity_Rules_44_to_49,Cloze,HIGH,"Rule 44(5)(a), (b)",CCS21-8f2a9b0c
The pension rule's sub-rule (7) + the gratuity rule's sub-rule (4): QS fraction{{c1::≥3 MONTHS = completed 6-monthly period}}(pension AND gratuity maths).,<b>Rule:</b> The rounding that feeds every ¼/½-month computation — but NOT the voluntary-retirement rule's 20y gate.<br><br><b>Hinglish:</b> Teen-maah-chhah-maah.<br><br><b>Ref:</b> Rule 44(7); Rule 45(4); Rule 43,CCS_Pension Rule_44 Rounding Bare_Text_Verified Priority::High CCS_Pension::Rule_44,CCS_Pension_Rules_2021::04_Pension_Gratuity_Rules_44_to_49,Cloze,HIGH,Rule 44(7),CCS21-55ed155b
The pension rule's sub-rule (8): QS{{c1::9y9m+ but &lt;10y ⇒ DEEMED 10 YEARS + PENSION}}.,<b>Rule:</b> The near-miss rescue — 9y0m still gets service gratuity only (pre-18 scenario flag resolved).<br><br><b>Hinglish:</b> Nau-nau-bachao-das-maano.<br><br><b>Ref:</b> Rule 44(8),CCS_Pension Rule_44 Near_Miss Bare_Text_Verified Priority::Critical CCS_Pension::Rule_44,CCS_Pension_Rules_2021::04_Pension_Gratuity_Rules_44_to_49,Cloze,CRITICAL,Rule 44(8),CCS21-b080599a
The pension rule's sub-rule (9)(10): every pension/gratuity/allowance figure{{c1::rounded UP separately}}; mid-month splits{{c2::also rounded UP}}.,"<b>Rule:</b> Round-up-everywhere (contrast 1981-CVP truncation).<br><br><b>Hinglish:</b> Har-ankaad-upar.<br><br><b>Ref:</b> Rule 44(9), (10); Rule 44(9); Rule 10",CCS_Pension Rule_44 Rounding Bare_Text_Verified Priority::Medium CCS_Pension::Rule_44,CCS_Pension_Rules_2021::04_Pension_Gratuity_Rules_44_to_49,Cloze,MEDIUM,"Rule 44(9), (10)",CCS21-19607cef
The pension rule's sub-rule (6)(b): additional pension from{{c1::1ST OF THE CALENDAR MONTH}}(same 20.08/01.08.1942 → 01.08.2022 illustration as FP).,<b>Rule:</b> Pension-side twin of the family-pension rule's sub-rule; slabs already carded.<br><br><b>Hinglish:</b> Mahine-pehli-vriddhi.<br><br><b>Ref:</b> Rule 44(6)(b); Rule 44(6); Rule 50(3)(b); Rule 44(3); Rule 44(b),CCS_Pension Rule_44 Additional_Pension Bare_Text_Verified Priority::Medium CCS_Pension::Rule_44,CCS_Pension_Rules_2021::04_Pension_Gratuity_Rules_44_to_49,Cloze,MEDIUM,Rule 44(6)(b),CCS21-4dbac4e6
"The gratuity rule's sub-rule (1)(a): retirement gratuity ={{c1::¼ emoluments per completed 6-monthly period}}, max{{c2::16.5×}}; needs{{c3::5y QS + pension eligibility}}.",<b>Rule:</b> The gratuity formula verbatim — every computation drill hangs here.<br><br><b>Hinglish:</b> Chauthai-chhah-maah-saadhe-solah.<br><br><b>Ref:</b> Rule 45(1)(a); Rule 45(1); Rule 44,CCS_Pension Rule_45 Gratuity Bare_Text_Verified Priority::Critical CCS_Pension::Rule_45,CCS_Pension_Rules_2021::04_Pension_Gratuity_Rules_44_to_49,Cloze,CRITICAL,Rule 45(1)(a),CCS21-ee56b932
CURRENT gratuity ceiling ={{c1::Rs 25 LAKH w.e.f. 01.01.2024 (OM 30.05.2024)}}; rule-text prints{{c2::Rs 20 lakh}}; fraction{{c3::rounded UP}}.,<b>Rule:</b> 25L-in-force (quote this) vs 20L-in-print (quote with date); caps BOTH retirement + death gratuity.<br><br><b>Hinglish:</b> Pachis-chalu-bees-chhapa.<br><br><b>Last verified:</b> 2026-09-20<br><br><b>Ref:</b> Rule 45(1) provisos; OM 30.05.2024; Rule 45(a); Rule 45(b),CCS_Pension Rule_45 Ceiling Bare_Text_Verified Priority::Critical CCS_Pension::Rule_45,CCS_Pension_Rules_2021::04_Pension_Gratuity_Rules_44_to_49,Cloze,CRITICAL,Rule 45(1) provisos,CCS21-51650b17
VERIFIED — The gratuity rule's sub-rule (2):{{c1::SUICIDE expressly covered}}for death gratuity (gratuity rates apply).,<b>Rule:</b> Bare text settles it — manner of death is not a gratuity bar.<br><br><b>Hinglish:</b> Khudkushi-updaan-pakka.<br><br><b>Ref:</b> Rule 45(2); Rule 45(1)(b),CCS_Pension Rule_45 Suicide Bare_Text_Verified Priority::High CCS_Pension::Rule_45,CCS_Pension_Rules_2021::04_Pension_Gratuity_Rules_44_to_49,Cloze,HIGH,Rule 45(2),CCS21-15b6cd38
The gratuity rule's sub-rule (3): residuary gratuity if death{{c1::within 5 YEARS of retirement}}(incl{{c2::compulsory-as-penalty}}) and (received + retirement gratuity + CVP){{c3::&lt; 12× emoluments}}— deficiency granted.,<b>Rule:</b> The 5-year 12× safety net; claimed in Form 13 (the pensioner-death rule's sub-rule ).<br><br><b>Hinglish:</b> Paanch-saal-baarah-guna-jaal.<br><br><b>Ref:</b> Rule 45(3); Rule 79(6); Rule 45(6),CCS_Pension Rule_45 Residuary Bare_Text_Verified Priority::High CCS_Pension::Rule_45,CCS_Pension_Rules_2021::04_Pension_Gratuity_Rules_44_to_49,Cloze,HIGH,Rule 45(3),CCS21-1613effc
The gratuity rule's sub-rule (5) +(6): QS{{c1::4y9m+&lt;5y ⇒ DEEMED 5 YEARS + gratuity}}; emoluments per{{c2::the emoluments rule}}(reduced ⇒{{c3::average emoluments}};{{c4::DA-on-date COUNTS}}).,"<b>Rule:</b> Gratuity-side near-miss rescue + emolument definition.<br><br><b>Hinglish:</b> Chaar-nau-paanch-maano; mehngai-judo.<br><br><b>Ref:</b> Rule 45(5), (6); Rule 45(5); Rule 31; Rule 32",CCS_Pension Rule_45 Near_Miss Bare_Text_Verified Priority::High CCS_Pension::Rule_45,CCS_Pension_Rules_2021::04_Pension_Gratuity_Rules_44_to_49,Cloze,HIGH,"Rule 45(5), (6)",CCS21-e054c866
"The gratuity rule family (i)-(xi):{{c1::spouses (incl JS)}}+{{c2::sons / unmarried / widowed-divorced daughters}}+{{c3::father + mother}}+{{c4::disabled/&lt;contract-service brothers, sisters, married daughters, pre-deceased son's children}}.","<b>Rule:</b> The 11-member universe behind the gratuity-nomination rule — Group-1 = (i)-, Group-2 = -(xi).<br><br><b>Hinglish:</b> Gyarah-parivar-do-samooh.<br><br><b>Ref:</b> Rule 45 Explanation; Rule 45; Rule 18; Rule 46; Rule 47; Rule 48; Rule 49; Rule 45(v); Rule 45(vi)",CCS_Pension Rule_45 Family Bare_Text_Verified Priority::High CCS_Pension::Rule_45,CCS_Pension_Rules_2021::04_Pension_Gratuity_Rules_44_to_49,Cloze,HIGH,Rule 45 Explanation (i)-(xi),CCS21-442151dc
The gratuity-nomination rule's sub-rule (1) +(3): nominate in Form 3{{c1::ON INITIAL APPOINTMENT}}; multi-nominee shares must{{c2::COVER THE ENTIRE gratuity}}.,"<b>Rule:</b> Day-one paper + no-gap shares.<br><br><b>Hinglish:</b> Pehle-din-naam; hissa-poora.<br><br><b>Ref:</b> Rule 46(1), (3); Rule 46(1)",CCS_Pension Rule_46 Nomination Bare_Text_Verified Priority::High CCS_Pension::Rule_46,CCS_Pension_Rules_2021::04_Pension_Gratuity_Rules_44_to_49,Cloze,HIGH,"Rule 46(1), (3)",CCS21-a28ae473
The family-pension rule's sub-rule (9)(h)(vii) tail: Guardianship Certificate under{{c1::National Trust Act 1999 s.14}}(local committee) for{{c2::autism / CP / mental retardation / multiple disabilities}}.,<b>Rule:</b> Completes the cut-off — nomination ladder already carded.<br><br><b>Hinglish:</b> Nyas-praman-chaar-divyangta.<br><br><b>Ref:</b> Rule 50(9)(h)(vii); Rule 50(9); Rule 50(vii),CCS_Pension Rule_50 Disability Bare_Text_Verified Priority::Medium CCS_Pension::Rule_50,CCS_Pension_Rules_2021::05_Family_Pension_DR_Rules_50_to_52,Cloze,MEDIUM,Rule 50(9)(h)(vii),CCS21-27dcbb7b
TRAP — The family-pension rule's sub-rule (9)(i): DISABLED child's marriage{{c1::does NOT disqualify}}; the family-pension rule's sub-rule (9)(n): any OTHER child's marriage/remarriage{{c2::ENDS FP from that date}}.,"<b>Rule:</b> (i) carves disabled children out of (n) — the examined exception.<br><br><b>Hinglish:</b> Divyang-shaadi-chhoot; anya-ant.<br><br><b>Ref:</b> Rule 50(9)(i), (n); Rule 50(9)",CCS_Pension Rule_50 Marriage Bare_Text_Verified Exam_Trap Priority::Critical CCS_Pension::Rule_50,CCS_Pension_Rules_2021::05_Family_Pension_DR_Rules_50_to_52,Cloze,CRITICAL,"Rule 50(9)(i), (n)",CCS21-1d1feacc
The family-pension rule's sub-rule (9)(j): 25+ daughter life-FP needs{{c1::under-reinstatement queue cleared}}+{{c2::NO disabled child waiting}}+{{c3::was DEPENDENT}}+ birth order; widowhood/divorce must occur{{c4::DURING family's lifetime}}(divorce-filed proviso + no-preemption proviso).,<b>Rule:</b> Six gates for the ageless daughter — lifetime-link is the trap.<br><br><b>Hinglish:</b> Pachis-upar-chhah-dwaar.<br><br><b>Ref:</b> Rule 50(9)(j); Rule 50(9); Rule 25,CCS_Pension Rule_50 Daughter Bare_Text_Verified Priority::High CCS_Pension::Rule_50,CCS_Pension_Rules_2021::05_Family_Pension_DR_Rules_50_to_52,Cloze,HIGH,Rule 50(9)(j),CCS21-b1ab8509
The family-pension rule's sub-rule (9)(k) -(m): multi-mother children take{{c1::MOTHER's hypothetical share}}; split{{c2::per this sub-rule}}; cesser{{c3::cross-cascades (never lapses)}}. 'Son/daughter'{{c4::INCLUDES posthumous children}}.,"<b>Rule:</b> (k) entitlement + (l) split + (m) cascade + posthumous Explanation.<br><br><b>Hinglish:</b> Maa-hissa-bant-cascade; garbh-baccha-gina.<br><br><b>Ref:</b> Rule 50(9)(k), (l), (m); Rule 50(9)",CCS_Pension Rule_50 Multi_Mother Bare_Text_Verified Priority::High CCS_Pension::Rule_50,CCS_Pension_Rules_2021::05_Family_Pension_DR_Rules_50_to_52,Cloze,HIGH,Rule 50(9)(k)-(m),CCS21-147a1552
The family-pension rule's sub-rule (9)(o) -(p): earning ⇒{{c1::STOP}}; YEARLY certificates:{{c2::non-earning + non-marriage}}(disabled:{{c3::non-earning ONLY}}) to PDA.,"<b>Rule:</b> Stop-trigger + annual proof rhythm (twins the family-pension rule's sub-rule (k), the family-pension rule, the family-pension rule).<br><br><b>Hinglish:</b> Kamao-ruko; saal-praman.<br><br><b>Ref:</b> Rule 50(9)(o), (p); Rule 50(9); Rule 50(10)(c); Rule 50(11)(c); Rule 50(8)(k); Rule 50(8)",CCS_Pension Rule_50 Certificate Bare_Text_Verified Priority::Medium CCS_Pension::Rule_50,CCS_Pension_Rules_2021::05_Family_Pension_DR_Rules_50_to_52,Cloze,MEDIUM,"Rule 50(9)(o), (p)",CCS21-fd0f3c7e
"The family-pension rule's sub-rule (10)all 2 clauses: parents get FP{{c1::FOR LIFE}}(if dependent at death);{{c2::MOTHER first, THEN father}}.","<b>Rule:</b> Life tenure + mother-priority — the queue's third tier verbatim.<br><br><b>Hinglish:</b> Maa-pehle-aajivan.<br><br><b>Ref:</b> Rule 50(10)(a), (b); Rule 50(10); Rule 50(a)-(b)",CCS_Pension Rule_50 Parents Bare_Text_Verified Priority::High CCS_Pension::Rule_50,CCS_Pension_Rules_2021::05_Family_Pension_DR_Rules_50_to_52,Cloze,HIGH,"Rule 50(10)(a), (b)",CCS21-991fa9de
"The family-pension rule's sub-rule (10) expl + (c): parents 'dependent' = combined income{{c1::&lt; min-FP + DR}}(cites '(1)' — quirk, means (2));{{c2::YEARLY non-earning certificate}}; earning ⇒{{c3::STOP}}.",<b>Rule:</b> Dependency test + annual proof + stop-trigger.<br><br><b>Hinglish:</b> Sanyukt-aaya-seema; saal-praman.<br><br><b>Ref:</b> Rule 50(10),CCS_Pension Rule_50 Parents Bare_Text_Verified Priority::High CCS_Pension::Rule_50,CCS_Pension_Rules_2021::05_Family_Pension_DR_Rules_50_to_52,Cloze,HIGH,"Rule 50(10) Explanation, (c)",CCS21-d6fd7959
The family-pension rule's sub-rule (11): disabled siblings FP{{c1::FOR LIFE}}if{{c2::WHOLLY dependent}};{{c3::the family-pension rule+(i) criteria apply}}; disability{{c4::pre-existed death}}; dependent = non-FP income &lt;{{c5::entitled-FP + DR}};{{c6::YEARLY certificate}}.,<b>Rule:</b> Six-element sibling code — wholly (not partly) dependent is the gate word.<br><br><b>Hinglish:</b> Bhai-behan-poorna-aashrit.<br><br><b>Ref:</b> Rule 50(11); Rule 50(9)(h),CCS_Pension Rule_50 Siblings Bare_Text_Verified Priority::High CCS_Pension::Rule_50,CCS_Pension_Rules_2021::05_Family_Pension_DR_Rules_50_to_52,Cloze,HIGH,"Rule 50(11)(a), (b), (c)",CCS21-9a42254e
The missing-persons rule's sub-rule (7): retired-missing servant's gratuity emoluments reckoned per{{c1::the gratuity rule}}(reconstructed from chunk-joint c23+c24 — wording continuous).,"<b>Rule:</b> Closes the cut-off — the gratuity rule's sub-rule = emoluments, average-emoluments if reduced, DA counts.<br><br><b>Hinglish:</b> Lapata-sewanivritt-paintalis-chhah.<br><br><b>Ref:</b> Rule 51(7); Rule 45(6); Rule 32; Rule 31; Rule 51(6)",CCS_Pension Rule_51 Valuation Bare_Text_Verified Priority::Medium CCS_Pension::Rule_51,CCS_Pension_Rules_2021::05_Family_Pension_DR_Rules_50_to_52,Cloze,MEDIUM,Rule 51(7),CCS21-7e43bc3c
The invalid-pension rule's sub-rule (5)(7) outcomes:{{c1::fit / fit for less laborious work}}; certificate needs{{c2::HoO/HoD request}};{{c3::lady doctor}}examines women.,"<b>Rule:</b> Fit ladder + request-gate + lady-doctor rule.<br><br><b>Hinglish:</b> Fit/kam-mehnat; bina-maange-nahi; mahila-lady-doctor.<br><br><b>Ref:</b> Rule 39(5), (6), (7); Rule 39(5); Rule 7",CCS_Pension Rule_39 Medical Priority::Critical CCS_Pension::Rule_39,CCS_Pension_Rules_2021::03_Emoluments_Classes_Rules_31_to_43,Cloze,CRITICAL,"Rule 39(5), (6), (7)",CCS21-051d1da5
The invalid-pension rule's sub-rule (8): invalid certificate in{{c1::Format 6}}; pension granted within{{c2::45 DAYS of Format-6 receipt}}.,<b>Rule:</b> Format + grant clock.<br><br><b>Hinglish:</b> Format-chhah; paintalis-din.<br><br><b>Ref:</b> Rule 39(8),CCS_Pension Rule_39 Timeline Priority::Critical CCS_Pension::Rule_39,CCS_Pension_Rules_2021::03_Emoluments_Classes_Rules_31_to_43,Cloze,CRITICAL,Rule 39(8),CCS21-be1e26aa
The withholding rule's sub-rule (5)(6): withhold{{c1::10% of gratuity}}for dues;{{c2::DoE responsible}}; NDC on{{c3::actual vacation}}.,"<b>Rule:</b> Hold + owner + vacation-trigger.<br><br><b>Hinglish:</b> Das-roko; DoE-maalik; khaali-NDC.<br><br><b>Ref:</b> Rule 68(5), (6); Rule 68(5); Rule 6",CCS_Pension Rule_68 NDC Priority::Critical CCS_Pension::Rule_68,CCS_Pension_Rules_2021::07_Retirement_Processing_Rules_58_to_70,Cloze,CRITICAL,"Rule 68(5), (6)",CCS21-d151a8cb
The withholding rule's sub-rule (7)(8): NDC within{{c1::14 DAYS}}of vacation; leftover dues via{{c2::DR recovery WITHOUT consent}}.,"<b>Rule:</b> 14-day NDC + consent-free DR tail.<br><br><b>Hinglish:</b> Chaudah-din-NDC; DR-bina-marzi.<br><br><b>Ref:</b> Rule 68(7), (8); Rule 68(7); Rule 8",CCS_Pension Rule_68 NDC Priority::Critical CCS_Pension::Rule_68,CCS_Pension_Rules_2021::07_Retirement_Processing_Rules_58_to_70,Cloze,CRITICAL,"Rule 68(7), (8)",CCS21-8a1f3cfc
"The deemed-retirement rule's sub-rule (1)all 2 clauses: Gazetted →{{c1::Gazette notification}}; non-Gazetted →{{c2::office order}}; within{{c3::ONE WEEK}}, copy to{{c4::AO}}.","<b>Rule:</b> Gazette-vs-order by rank; 1-week; AO copy.<br><br><b>Hinglish:</b> Gazetted-Gazette; non-order; hafte-bhar.<br><br><b>Ref:</b> Rule 70(1)(a), (b); Rule 70(1); Rule 70(a)-(b)",CCS_Pension Rule_70 Timeline Priority::High CCS_Pension::Rule_70,CCS_Pension_Rules_2021::07_Retirement_Processing_Rules_58_to_70,Cloze,HIGH,"Rule 70(1)(a), (b)",CCS21-43a10d4b
The deemed-retirement rule's sub-rule (1) proviso:{{c1::LPR cases need NO fresh notification}}.,<b>Rule:</b> Leave-preparatory-to-retirement rides the original notification.<br><br><b>Hinglish:</b> LPR-dobara-nahi.<br><br><b>Ref:</b> Rule 70(1) proviso; Rule 70(1),CCS_Pension Rule_70 Priority::High CCS_Pension::Rule_70,CCS_Pension_Rules_2021::07_Retirement_Processing_Rules_58_to_70,Cloze,HIGH,Rule 70(1) proviso,CCS21-0b45c5a9
The death-payment rule's sub-rule (3)(4): provisional runs{{c1::6 MONTHS from day-after-death}}; HoO{{c2::informs AO on expiry}}.,"<b>Rule:</b> 6-month provisional + expiry signal.<br><br><b>Hinglish:</b> Chhah-maah-asthaayi; ant-soochna.<br><br><b>Ref:</b> Rule 75(3), (4); Rule 75(3); Rule 4",CCS_Pension Rule_75 Timeline Priority::High CCS_Pension::Rule_75,CCS_Pension_Rules_2021::08_Death_Cases_Rules_71_to_79,Cloze,HIGH,"Rule 75(3), (4)",CCS21-6fe30d5b
The death-payment rule's sub-rule (5)(7):{{c1::100% gratuity after death forwarding}}(recoverable deducted);{{c2::IMMEDIATE}}payout; computed on{{c3::gratuity death-slab basis}}.,"<b>Rule:</b> Full-gratuity tail on death slabs, paid at once.<br><br><b>Hinglish:</b> Sau-fisdi-turant-maut-dar.<br><br><b>Ref:</b> Rule 75(5), (6), (7); Rule 75(5); Rule 7; Rule 74; Rule 45(1)(b)",CCS_Pension Rule_75 Gratuity Priority::High CCS_Pension::Rule_75,CCS_Pension_Rules_2021::08_Death_Cases_Rules_71_to_79,Cloze,HIGH,"Rule 75(5), (6), (7)",CCS21-270fdb34
The payment rule's sub-rule (2): provisional extension needs{{c1::HoD approval}}.,<b>Rule:</b> Extension-gate sits with the Head of Department.<br><br><b>Hinglish:</b> Vistar-HoD-manzoor.<br><br><b>Ref:</b> Rule 76(2),CCS_Pension Rule_76 Extension Priority::High CCS_Pension::Rule_76,CCS_Pension_Rules_2021::08_Death_Cases_Rules_71_to_79,Cloze,HIGH,Rule 76(2),CCS21-4da7fde1
The payment rule's sub-rule (3)all 4 clauses: PPO in{{c1::1 MONTH}}; effective{{c2::day provisional ceases}};{{c3::BOTH dates}}shown;{{c4::arrears via HoO}}.,<b>Rule:</b> 1-month PPO + seamless date + HoO arrears.<br><br><b>Hinglish:</b> PPO-mahina; baqaaya-HoO.<br><br><b>Ref:</b> Rule 76(3)(a)-(d); Rule 76(3); Rule 76(a)-(d),CCS_Pension Rule_76 PPO Priority::High CCS_Pension::Rule_76,CCS_Pension_Rules_2021::08_Death_Cases_Rules_71_to_79,Cloze,HIGH,"Rule 76(3)(a), (b), (c), (d)",CCS21-2bd992b9
The conduct rule's sub-rule (5):{{c1::Head of Organisation}}decides sensitivity/domain of proposed publication.,<b>Rule:</b> Single arbiter of what counts as sensitive.<br><br><b>Hinglish:</b> Pramukh-tay-samvedansheel.<br><br><b>Ref:</b> Rule 7(5),CCS_Pension Rule_07 Publication Priority::Medium CCS_Pension::Rule_07,CCS_Pension_Rules_2021::01_Preliminary_Rules_01_to_10,Cloze,MEDIUM,Rule 7(5),CCS21-f0919532
The conduct rule's Explanation: 'pension'{{c1::INCL family pension}}; 'grave misconduct'{{c2::INCL OSA-1923 s.5 disclosure}}; 'publication'{{c3::press/electronic/books+}}; 'information'{{c4::ANY material incl emails}}.,<b>Rule:</b> Expl all 5 clauses widen every operative word.<br><br><b>Hinglish:</b> Paribhasha-chaudi.<br><br><b>Ref:</b> Rule 7 Explanation; Rule 7; Rule 7(a)-(e),CCS_Pension Rule_07 Definitions Priority::Medium CCS_Pension::Rule_07,CCS_Pension_Rules_2021::01_Preliminary_Rules_01_to_10,Cloze,MEDIUM,Rule 7 Explanation (a)-(e),CCS21-c05efd8d
The AB-transfer rule's sub-rule (5)(7): AB absorption{{c1::ABOLISHES the Govt posts}}; reverters within{{c2::2 years via surplus cell}}; interim ={{c3::deemed deputation}}.,"<b>Rule:</b> Abolish + 2-year return window + deputation fiction.<br><br><b>Hinglish:</b> Padd-samapt; do-saal-wapsi.<br><br><b>Ref:</b> Rule 38(5), (6), (7); Rule 38(5); Rule 7",CCS_Pension Rule_38 Absorption Priority::High CCS_Pension::Rule_38,CCS_Pension_Rules_2021::03_Emoluments_Classes_Rules_31_to_43,Cloze,HIGH,"Rule 38(5), (6), (7)",CCS21-f77eb324
The AB-transfer rule's sub-rule (8)(9): retire/die during interim →{{c1::notional Central pay}}; paid per{{c2::admin-Ministry manner}}.,"<b>Rule:</b> Notional-pay + Ministry-routed payment.<br><br><b>Hinglish:</b> Kalpanik-vetan-Mantralaya.<br><br><b>Ref:</b> Rule 38(8), (9); Rule 38(8); Rule 9",CCS_Pension Rule_38 Absorption Priority::High CCS_Pension::Rule_38,CCS_Pension_Rules_2021::03_Emoluments_Classes_Rules_31_to_43,Cloze,HIGH,"Rule 38(8), (9)",CCS21-7e852c11
The death-dues rule's sub-rule (1)(iii) -(v): recover{{c1::DoE-intimated fee from gratuity}}; post-concessional recovery ={{c2::DoE's job}}; DoE reports other dues in{{c3::1 MONTH}}.,"<b>Rule:</b> Recover + route + 1-month check.<br><br><b>Hinglish:</b> Kaato-DoE-maang-mahina.<br><br><b>Ref:</b> Rule 77(1)(iii), (iv), (v); Rule 77(1)",CCS_Pension Rule_77 NDC Bare_Text_Verified Priority::High CCS_Pension::Rule_77,CCS_Pension_Rules_2021::08_Death_Cases_Rules_71_to_79,Cloze,HIGH,Rule 77(1)(iii)-(v),CCS21-be3fae79
The death-dues rule's sub-rule (1)(vi) -(vii): meanwhile{{c1::WITHHOLD 10% of gratuity}}; silence/inability ={{c2::PRESUMED NIL + refund}}.,"<b>Rule:</b> Hold-then-release on DoE silence.<br><br><b>Hinglish:</b> Das-roko-chup-maaf.<br><br><b>Ref:</b> Rule 77(1)(vi), (vii); Rule 77(1)",CCS_Pension Rule_77 NDC Bare_Text_Verified Priority::High CCS_Pension::Rule_77,CCS_Pension_Rules_2021::08_Death_Cases_Rules_71_to_79,Cloze,HIGH,"Rule 77(1)(vi), (vii)",CCS21-38765ad8
The murder-taint rule's sub-rule (1)(2): gratuity murder-charge ={{c1::SUSPENDED till trial ends}}; convicted →{{c2::DEBARRED (share to others)}}; acquitted →{{c3::PAID}}.,"<b>Rule:</b> Suspend → debar-or-pay ladder.<br><br><b>Hinglish:</b> Roko-dosh-bahar-bari-bhugtaan.<br><br><b>Ref:</b> Rule 48(1), (2); Rule 48(1); Rule 2",CCS_Pension Rule_48 Murder_Freeze Bare_Text_Verified Priority::Critical CCS_Pension::Rule_48,CCS_Pension_Rules_2021::04_Pension_Gratuity_Rules_44_to_49,Cloze,CRITICAL,"Rule 48(1), (2)",CCS21-bc1a3a06
The murder-taint rule's sub-rule (3) + Explanation: freeze extends to{{c1::undisbursed gratuity}};{{c2::suicide-abetment INCLUDED}}.,"<b>Rule:</b> Undisbursed tail + suicide Explanation.<br><br><b>Hinglish:</b> Bina-banta-frozen; khudkushi-uksaav-gina.<br><br><b>Ref:</b> Rule 48(3), Explanation; Rule 48(3); Rule 47(3)",CCS_Pension Rule_48 Murder_Freeze Bare_Text_Verified Priority::High CCS_Pension::Rule_48,CCS_Pension_Rules_2021::04_Pension_Gratuity_Rules_44_to_49,Cloze,HIGH,Rule 48(3),CCS21-8beb1cb2
The forwarding rule's sub-rule (1)(2): bundle ={{c1::Form copies + Format-9}}+{{c2::Form-7 + checklist + calc + Format-10 (Government dues + withholding figure)}}+{{c3::service book + relied docs}}.,"<b>Rule:</b> The complete forwarding bundle anatomy.<br><br><b>Hinglish:</b> Pulinda-teen-hissa.<br><br><b>Ref:</b> Rule 60(1), (2); Rule 60(1); Rule 2; Rule 67; Rule 68(5)",CCS_Pension Rule_60 Forwarding Bare_Text_Verified Priority::High CCS_Pension::Rule_60,CCS_Pension_Rules_2021::07_Retirement_Processing_Rules_58_to_70,Cloze,HIGH,"Rule 60(1), (2)",CCS21-a1ec4445
The forwarding rule's sub-rule (3)(4):{{c1::HoO retains copies}}; forward{{c2::≤4mo before superannuation / 2mo after filing}}.,"<b>Rule:</b> Retain + forward clocks.<br><br><b>Hinglish:</b> Nakal-rakho-ghadi-maano.<br><br><b>Ref:</b> Rule 60(3), (4); Rule 60(3); Rule 4",CCS_Pension Rule_60 Forwarding Bare_Text_Verified Priority::High CCS_Pension::Rule_60,CCS_Pension_Rules_2021::07_Retirement_Processing_Rules_58_to_70,Cloze,HIGH,"Rule 60(3), (4)",CCS21-34e56fcb
The absence rule's sub-rule (1)all 3 clauses non-breaks:{{c1::authorised leave}};{{c2::unauthorised absence after leave till post filled}};{{c3::suspension + reinstatement/death/retirement}}.,"<b>Rule:</b> Leave, limbo-absence, suspension — service survives all three.<br><br><b>Hinglish:</b> Chhutti-gayabi-nilamban — seva-bachi.<br><br><b>Ref:</b> Rule 27(1)(a), (b), (c); Rule 27(1); Rule 27(a)-(c)",CCS_Pension Rule_27 Exception Mnemonic Priority::Critical CCS_Pension::Rule_27,CCS_Pension_Rules_2021::02_Qualifying_Service_Rules_11_to_30,Cloze,CRITICAL,Rule 27(1)(a)-(c),CCS21-28dc0179
The absence rule's sub-rule (1)all 2 clauses non-breaks:{{c1::public-interest transfer to non-qualifying service}};{{c2::joining time}}. Anything else ={{c3::FORFEITURE of past service}}.,"<b>Rule:</b> Transfer + joining-time; the closed list — all else forfeits.<br><br><b>Hinglish:</b> Jan-hit-joining — baaki-zabt.<br><br><b>Ref:</b> Rule 27(1)(d), (e); Rule 27(1); Rule 27(d)-(e)",CCS_Pension Rule_27 Exception Mnemonic Priority::Critical CCS_Pension::Rule_27,CCS_Pension_Rules_2021::02_Qualifying_Service_Rules_11_to_30,Cloze,CRITICAL,"Rule 27(1)(d), (e)",CCS21-d6535fa6
"The interest rule's sub-rule (1) interest triggers:{{c1::NOT sanctioned}}OR{{c2::paid LATER than due}}— for{{c3::admin reasons/lapses}}, at{{c4::GPF rate}}.","<b>Rule:</b> Two triggers, one fault test, one rate.<br><br><b>Hinglish:</b> Na-manzur-ya-deri — daftar-kasoor-GPF.<br><br><b>Ref:</b> Rule 65(1)",CCS_Pension Rule_65 Interest_On_Delay Priority::Critical CCS_Pension::Rule_65,CCS_Pension_Rules_2021::07_Retirement_Processing_Rules_58_to_70,Cloze,CRITICAL,Rule 65(1),CCS21-1f596164
The interest rule's sub-rule (1) proviso:{{c1::NO interest if the delay is the servant's own failure}}.,<b>Rule:</b> Self-fault kills interest — apportion mixed delays.<br><br><b>Hinglish:</b> Khud-deri-byaaj-nahi.<br><br><b>Ref:</b> Rule 65(1) proviso; Rule 65(1),CCS_Pension Rule_65 Interest_On_Delay Priority::Critical CCS_Pension::Rule_65,CCS_Pension_Rules_2021::07_Retirement_Processing_Rules_58_to_70,Cloze,CRITICAL,Rule 65(1) proviso,CCS21-648119e9
"The death-forwarding rule's sub-rule (1): HoO→AO death bundle ={{c1::Form 11 + Format 10 + Format 9 + service book}}, within{{c2::1 MONTH of claim}}.","<b>Rule:</b> Bundle + clock no-rejection, dues-figure, copies, 10% hold live in own cards (mirror numbering).<br><br><b>Hinglish:</b> Gyarah-set-mahina-bhar.<br><br><b>Ref:</b> Rule 74(1); Rule 74(2); Rule 74(3); Rule 74(4); Rule 74(5)",CCS_Pension Rule_74 Form Format Timeline Priority::High CCS_Pension::Rule_74,CCS_Pension_Rules_2021::08_Death_Cases_Rules_71_to_79,Cloze,HIGH,Rule 74(1),CCS21-7f53b842
"The death-payment rule's sub-rule (1)(a): provisional FP within{{c1::15 DAYS of claim}}, max{{c2::family-pension rate}}, via{{c3::sanction letter}}.","<b>Rule:</b> 15-day lifeline, capped, letter-routed.<br><br><b>Hinglish:</b> Pandrah-din-chitthi-seema.<br><br><b>Ref:</b> Rule 75(1)(a); Rule 75(1); Rule 50(2)",CCS_Pension Rule_75 Timeline Priority::Critical CCS_Pension::Rule_75,CCS_Pension_Rules_2021::08_Death_Cases_Rules_71_to_79,Cloze,CRITICAL,Rule 75(1)(a),CCS21-a7e1db3e
The death-payment rule's sub-rule (1)(b) +(2): drawn as{{c1::establishment pay}};{{c2::IMMEDIATE}}disbursement.,<b>Rule:</b> Pay-bill channel + at-once payout.<br><br><b>Hinglish:</b> Vetan-bill-turant.<br><br><b>Ref:</b> Rule 75(1)(b); Rule 75(2); Rule 75(1),CCS_Pension Rule_75 Timeline Priority::Critical CCS_Pension::Rule_75,CCS_Pension_Rules_2021::08_Death_Cases_Rules_71_to_79,Cloze,CRITICAL,"Rule 75(1)(b), (2)",CCS21-55410823
"The pension-start rule's sub-rule (1): pension starts{{c1::subject to its limiting clause}}, when servant{{c2::ceases to be borne}}on establishment.",<b>Rule:</b> proceedings-gated establishment-exit start.<br><br><b>Hinglish:</b> Aath-shart-sthapana-ant.<br><br><b>Ref:</b> Rule 81(1); Rule 8,CCS_Pension Rule_81 Timeline Priority::High CCS_Pension::Rule_81,CCS_Pension_Rules_2021::09_Authorization_Forms_Rules_80_to_87,Cloze,HIGH,Rule 81(1),CCS21-2da73c49
The pension-start rule's sub-rule (2)(3): FP (gated by{{c1::the payment rule's sub-rule (2)(d) + the pensioner-death rule's sub-rule (3)(iv)}}) from{{c2::day-after death/disappearance/ineligibility}};{{c3::day of death is PAYABLE}}.,"<b>Rule:</b> Day-after start + death-day paid (no zero-day).<br><br><b>Hinglish:</b> Agle-din; maut-din-gina.<br><br><b>Ref:</b> Rule 81(2), (3); Rule 81(2); Rule 3; Rule 76(2)(d); Rule 79(3)(iv)",CCS_Pension Rule_81 Timeline Priority::High CCS_Pension::Rule_81,CCS_Pension_Rules_2021::09_Authorization_Forms_Rules_80_to_87,Cloze,HIGH,"Rule 81(2), (3)",CCS21-ff8fef48
The repeal rule's sub-rule (2)all 2 clauses:{{c1::nominations/forms/applications CARRY FORWARD}}; pending forms made{{c2::UNDER NEW rules}}.,"<b>Rule:</b> Old papers valid; pending papers go new.<br><br><b>Hinglish:</b> Kagaz-chalte; adhoore-naye.<br><br><b>Ref:</b> Rule 87(2)(a), (b); Rule 87(2); Rule 87(a)-(b)",CCS_Pension Rule_87 Repeal Priority::High CCS_Pension::Rule_87,CCS_Pension_Rules_2021::09_Authorization_Forms_Rules_80_to_87,Cloze,HIGH,"Rule 87(2)(a), (b)",CCS21-f6f4fdff
The repeal rule's sub-rule (2)all 3 clauses: pre-commencement{{c1::RETIREE cases under OLD rule}};{{c2::DEATH cases under OLD rule}}; old ACTIONS{{c3::deemed NEW}}.,"<b>Rule:</b> Old cases stay old; old actions deemed new.<br><br><b>Hinglish:</b> Purane-peeche; kaam-naye-maane.<br><br><b>Ref:</b> Rule 87(2)(c), (d), (e); Rule 87(2); Rule 87(c)-(e)",CCS_Pension Rule_87 Repeal Priority::High CCS_Pension::Rule_87,CCS_Pension_Rules_2021::09_Authorization_Forms_Rules_80_to_87,Cloze,HIGH,Rule 87(2)(c)-(e),CCS21-523daecc
G.S.R. 340(E)/2025: PSU dismissal/removal for subsequent misconduct{{c1::SHALL forfeit Govt-service benefits}};{{c2::retrenchment}}triggers only{{c3::Ministry review}}.,"<b>Rule:</b> Forfeit-vs-review cut; SC-driven (Suraj Pratap Singh, 09.01.2023).<br><br><b>Hinglish:</b> Nikaasi-zabt; retrenchment-review.<br><br><b>Ref:</b> G.S.R. 340(E)",CCS_Pension GSR_340_E_2025 Rule_37_29_c Amendment Priority::Critical CCS_Pension::Rule_37_29_c,CCS_Pension_Rules_2021::03_Emoluments_Classes_Rules_31_to_43,Cloze,CRITICAL,G.S.R. 340(E) dt. 22.05.2025,CCS21-d47d7a67
The 340(E) Explanation imports {{c1::the withholding + compassionate machinery (incl. allowance computation)}} analogously; in force {{c2::ON PUBLICATION}} (22.05.2025).,"<b>Rule:</b> Analogous-conduct machinery + immediate commencement.<br><br><b>Hinglish:</b> Saat-aath-analog; turant-laagu.<br><br><b>Ref:</b> G.S.R. 340(E) Explanation; Rules 7, 8, 41, 44(5)",CCS_Pension GSR_340_E_2025 Rule_37_29_c Amendment Priority::Critical CCS_Pension::Rule_37_29_c,CCS_Pension_Rules_2021::03_Emoluments_Classes_Rules_31_to_43,Cloze,CRITICAL,G.S.R. 340(E) Explanation,CCS21-0b759729
"The missing-persons rule's sub-rule (1)(b): THREE dates, whichever is{{c1::LATEST}}—{{c2::leave sanctioned}}/{{c3::pay paid}}/{{c4::police report}}.",<b>Rule:</b> Latest-of-three starts the missing-servant clock.<br><br><b>Hinglish:</b> Jo-sabse-baad-ghadi.<br><br><b>Ref:</b> Rule 51(1)(b); Rule 51(1),CCS_Pension Rule_51 Timeline Priority::Critical CCS_Pension::Rule_51,CCS_Pension_Rules_2021::05_Family_Pension_DR_Rules_50_to_52,Cloze,CRITICAL,Rule 51(1)(b),CCS21-2f8f34a5
The missing-persons rule 'police report' ={{c1::FIR OR Daily Diary Entry OR General Diary Entry}}(any ONE qualifies).,"<b>Rule:</b> Three doors, one key — any single report form suffices.<br><br><b>Hinglish:</b> FIR-DDE-GDE-koi-ek.<br><br><b>Ref:</b> Rule 51(1)(b); Rule 51",CCS_Pension Rule_51 Missing_Report Priority::Critical CCS_Pension::Rule_51,CCS_Pension_Rules_2021::05_Family_Pension_DR_Rules_50_to_52,Cloze,CRITICAL,Rule 51(1)(b),CCS21-95756539
The definition rule's sub-rule (6): pre-2004 TEMPORARY servants retiring before substantive appointment get benefits{{c1::per 1965 Temporary Service Rules extent}}.,<b>Rule:</b> Temporary-service tail routes to the 1965 Rules.<br><br><b>Hinglish:</b> Asthaayi-chhappan-niyam.<br><br><b>Ref:</b> Rule 2 Explanation (6); Rule 2 Expl.(6); Rule 6 Expl.(6),CCS_Pension Rule_02 Temporary Bare_Text_Verified Priority::Medium CCS_Pension::Rule_02,CCS_Pension_Rules_2021::01_Preliminary_Rules_01_to_10,Cloze,MEDIUM,Rule 2 Explanation (6),CCS21-ce31c219
The time-computation rule's sub-rule (1): pension/FP claims regulated by rules{{c1::IN FORCE at retirement/discharge/resignation/DEATH}}.,<b>Rule:</b> Temporal application — the exit date picks the rulebook.<br><br><b>Hinglish:</b> Nikaas-tithi-niyam-chune.<br><br><b>Ref:</b> Rule 5(1),CCS_Pension Rule_05 Temporal Bare_Text_Verified Priority::High CCS_Pension::Rule_05,CCS_Pension_Rules_2021::01_Preliminary_Rules_01_to_10,Cloze,HIGH,Rule 5(1),CCS21-62b57161
Which Form/Format? — the commercial-employment rule commercial-employment sanction application,<b>A:</b> Form 1<br><br><b>Hinglish:</b> Company-naukri permission = Form 1.<br><br><b>Ref:</b> Reverse lookup (Form 1 mapping); Rule 9,CCS_Pension Form Priority::Medium,CCS_Pension_Rules_2021::01_Preliminary_Rules_01_to_10,Basic,MEDIUM,Reverse lookup: Form 1,CCS21-d15a14df
Which Form/Format? — commercial-employment checklist for commercial-employment cases,<b>A:</b> Form 2<br><br><b>Hinglish:</b> Permission-file ki checklist = Form 2.<br><br><b>Ref:</b> Reverse lookup (Form 2 mapping); Rule 9(5),CCS_Pension Form Priority::Medium,CCS_Pension_Rules_2021::01_Preliminary_Rules_01_to_10,Basic,MEDIUM,Reverse lookup: Form 2,CCS21-9d7342d7
Which Form/Format? — gratuity nomination nomination,<b>A:</b> Form 3<br><br><b>Hinglish:</b> Gratuity-nomination = Form 3.<br><br><b>Ref:</b> Reverse lookup (Form 3 mapping); Rule 46,CCS_Pension Rule_46 Form Nomination CCS_Pension::Rule_46 Priority::Medium,CCS_Pension_Rules_2021::04_Pension_Gratuity_Rules_44_to_49,Basic,MEDIUM,Reverse lookup: Form 3,CCS21-aa358054
Which Form/Format? — family-details record (evidentiary),<b>A:</b> Form 4<br><br><b>Hinglish:</b> Parivaar-byaura = Form 4; na-ho to bhi daava-ruka-nahi.<br><br><b>Ref:</b> Reverse lookup (Form 4 mapping); Rule 50,CCS_Pension Form Priority::Medium,CCS_Pension_Rules_2021::01_Preliminary_Rules_01_to_10,Basic,MEDIUM,Reverse lookup: Form 4,CCS21-f3e4b8cb
Which Form/Format? — gratuity-nominee claim where NOBODY is family-pension-eligible (authorisation proviso),<b>A:</b> Form 6<br><br><b>Hinglish:</b> Koi-haqdaar-nahi to nominee ka Form 6.<br><br><b>Ref:</b> Reverse lookup (Form 6 mapping); Rule 80(5),CCS_Pension Form Exam_Trap Priority::Medium,CCS_Pension_Rules_2021::01_Preliminary_Rules_01_to_10,Basic,MEDIUM,Reverse lookup: Form 6,CCS21-5d0edd4d
Which Form/Format? — 2024 Single Pension Application Form (retirement filing; 9 erstwhile forms merged),<b>A:</b> Form 6-A<br><br><b>Hinglish:</b> Retirement ka 1-Form = 6-A (2024).<br><br><b>Ref:</b> Reverse lookup (Form 6-A mapping),CCS_Pension Form_6A GSR_410_E_2024 Form Priority::Medium,CCS_Pension_Rules_2021::01_Preliminary_Rules_01_to_10,Basic,MEDIUM,Reverse lookup: Form 6-A,CCS21-616e757a
Which Form/Format? — pension-case summary — Part I (HoO) + Part II (AO),<b>A:</b> Form 7<br><br><b>Hinglish:</b> Pension-file = Form 7 (HoO-I + AO-II).<br><br><b>Ref:</b> Reverse lookup (Form 7 mapping),CCS_Pension Form Priority::Medium,CCS_Pension_Rules_2021::01_Preliminary_Rules_01_to_10,Basic,MEDIUM,Reverse lookup: Form 7,CCS21-4455f267
Which Form/Format? — spouse request for extended-family inclusion (the pensioner-death rule's sub-rule (2)(a)),<b>A:</b> Form 8<br><br><b>Hinglish:</b> Patni ki arzi = Form 8.<br><br><b>Ref:</b> Reverse lookup (Form 8 mapping); Rule 79(2),CCS_Pension Form Priority::Medium,CCS_Pension_Rules_2021::01_Preliminary_Rules_01_to_10,Basic,MEDIUM,Reverse lookup: Form 8,CCS21-e97c08ae
Which Form/Format? — death-gratuity claim (the death-intimation rule's sub-rule (2)),<b>A:</b> Form 9<br><br><b>Hinglish:</b> Maut-gratuity daava = Form 9.<br><br><b>Ref:</b> Reverse lookup (Form 9 mapping); Rule 71(2),CCS_Pension Form Priority::Medium,CCS_Pension_Rules_2021::01_Preliminary_Rules_01_to_10,Basic,MEDIUM,Reverse lookup: Form 9,CCS21-35b12c87
Which Form/Format? — family-pension claim (the death-intimation rule's sub-rule (3)(5)),"<b>A:</b> Form 10<br><br><b>Hinglish:</b> Parivaar-pension daava = Form 10.<br><br><b>Ref:</b> Reverse lookup (Form 10 mapping); Rules 71(3), 79, 80(5)",CCS_Pension Form Priority::Medium,CCS_Pension_Rules_2021::01_Preliminary_Rules_01_to_10,Basic,MEDIUM,Reverse lookup: Form 10,CCS21-308131ce
Which Form/Format? — death-case summary (HoO Part I → AO Part II Sec I),<b>A:</b> Form 11<br><br><b>Hinglish:</b> Maut-file = Form 11.<br><br><b>Ref:</b> Reverse lookup (Form 11 mapping),CCS_Pension Form Priority::Medium,CCS_Pension_Rules_2021::01_Preliminary_Rules_01_to_10,Basic,MEDIUM,Reverse lookup: Form 11,CCS21-c0e02bae
Which Form/Format? — pensioner-death family-pension claim at PDA (the pensioner-death rule's sub-rule (2)(a)(ii)),<b>A:</b> Form 12<br><br><b>Hinglish:</b> PDA-daava = Form 12.<br><br><b>Ref:</b> Reverse lookup (Form 12 mapping); Rule 79(2),CCS_Pension Form Priority::Medium,CCS_Pension_Rules_2021::01_Preliminary_Rules_01_to_10,Basic,MEDIUM,Reverse lookup: Form 12,CCS21-c3e97075
Which Form/Format? — the verification-timeline rule QS-verification communication,<b>A:</b> Format 4<br><br><b>Hinglish:</b> Seva-satyapan-patra = Format 4.<br><br><b>Ref:</b> Reverse lookup (Format 4 mapping); Rule 30,CCS_Pension Format Priority::Medium,CCS_Pension_Rules_2021::01_Preliminary_Rules_01_to_10,Basic,MEDIUM,Reverse lookup: Format 4,CCS21-c744d1f0
Which Form/Format? — Rules State-absorption/corporate-absorption relieving order on absorption,<b>A:</b> Format 5<br><br><b>Hinglish:</b> Absorption-kaaryamukti = Format 5.<br><br><b>Ref:</b> Reverse lookup (Format 5 mapping); Rule 35; Rule 36,CCS_Pension Format Priority::Medium,CCS_Pension_Rules_2021::01_Preliminary_Rules_01_to_10,Basic,MEDIUM,Reverse lookup: Format 5,CCS21-c8e56d79
Which Form/Format? — invalid-pension medical (invalid) certificate,<b>A:</b> Format 6<br><br><b>Hinglish:</b> Invalid-praman = Format 6.<br><br><b>Ref:</b> Reverse lookup (Format 6 mapping); Rule 39(8),CCS_Pension Format Priority::Medium,CCS_Pension_Rules_2021::01_Preliminary_Rules_01_to_10,Basic,MEDIUM,Reverse lookup: Format 6,CCS21-8c94237c
Which Form/Format? — pensioner-death indemnity bond (missing pensioner claims),<b>A:</b> Format 8<br><br><b>Hinglish:</b> Laapata-kshatipurti-bandh = Format 8.<br><br><b>Ref:</b> Reverse lookup (Format 8 mapping); Rule 79(3),CCS_Pension Format Priority::Medium,CCS_Pension_Rules_2021::01_Preliminary_Rules_01_to_10,Basic,MEDIUM,Reverse lookup: Format 8,CCS21-98064f42
Which Form/Format? — bank undertaking,"<b>A:</b> Format 9<br><br><b>Hinglish:</b> Bank-vachan = Format 9; retirement me 6-A me sama, maut me alag.<br><br><b>Ref:</b> Reverse lookup (Format 9 mapping)",CCS_Pension Format Form_6A Priority::Medium,CCS_Pension_Rules_2021::01_Preliminary_Rules_01_to_10,Basic,MEDIUM,Reverse lookup: Format 9,CCS21-dd864b5e
Which Form/Format? — HoO→AO covering/forwarding letter,<b>A:</b> Format 10<br><br><b>Hinglish:</b> Bhejne-wala-patra = Format 10.<br><br><b>Ref:</b> Reverse lookup (Format 10 mapping),CCS_Pension Format Priority::Medium,CCS_Pension_Rules_2021::01_Preliminary_Rules_01_to_10,Basic,MEDIUM,Reverse lookup: Format 10,CCS21-75d979e1
Which Form/Format? — death-gratuity claimant invitation,"<b>A:</b> Format 11<br><br><b>Hinglish:</b> 11-bulaava-gratuity, 12-bulaava-pension, 13-manzoori-pension.<br><br><b>Ref:</b> Reverse lookup (Format 11 mapping)",CCS_Pension Format Priority::Medium,CCS_Pension_Rules_2021::01_Preliminary_Rules_01_to_10,Basic,MEDIUM,Reverse lookup: Format 11,CCS21-1a8da5c5
Which Form/Format? — intimation of MARRIAGE / BIRTH of child AFTER retirement,<b>A:</b> Form 5<br><br><b>Hinglish:</b> Baad-ki-shaadi-bachcha-form-paanch.<br><br><b>Ref:</b> Reverse lookup (Form 5 mapping),CCS_Pension Form_05 Routing Bare_Text_Verified Priority::Medium,CCS_Pension_Rules_2021::01_Preliminary_Rules_01_to_10,Basic,MEDIUM,Reverse lookup: Form 5,CCS21-30a90e03
Which Form/Format? — assessment where proceedings were PENDING at retirement + proceedings provisional paid,<b>A:</b> Form 7-A<br><br><b>Hinglish:</b> Karyavahi-ke-baad-aakalan.<br><br><b>Ref:</b> Reverse lookup (Form 7-A mapping); Rule 8,CCS_Pension Form_7A Routing Bare_Text_Verified Priority::Medium,CCS_Pension_Rules_2021::01_Preliminary_Rules_01_to_10,Basic,MEDIUM,Reverse lookup: Form 7-A,CCS21-328fac99
Which Form/Format? — MEMORANDUM for instituting departmental proceedings AFTER retirement,<b>A:</b> Format 3<br><br><b>Hinglish:</b> Gyapan-teen; swikriti-do.<br><br><b>Ref:</b> Reverse lookup (Format 3 mapping),CCS_Pension Format_03 Routing Bare_Text_Verified Priority::Medium,CCS_Pension_Rules_2021::01_Preliminary_Rules_01_to_10,Basic,MEDIUM,Reverse lookup: Format 3,CCS21-8afe8938
The invalid-pension rule's sub-rule (9) proviso: &lt;10y invalid pension needs{{c1::medical-FIT exam (before/after appointment)}}+{{c2::ALL other invalid-pension conditions}}.,<b>Rule:</b> Twin gates for the sub-10y grant — fitness paper + full compliance.<br><br><b>Hinglish:</b> Fit-praman-poori-shartein.<br><br><b>Ref:</b> Rule 39(9) proviso; Rule 39(9); Rule 39,CCS_Pension Rule_39 Invalid Bare_Text_Verified HIGH CCS_Pension::Rule_39 Priority::High,CCS_Pension_Rules_2021::03_Emoluments_Classes_Rules_31_to_43,Cloze,HIGH,Rule 39(9) proviso,CCS21-d940d6bb
The record-verification rule's sub-rule (1): HoO checks service-book verification → accepts unverified spells on{{c1::BOOK ENTRIES}}+{{c2::any READY-ACCESS material}}; screens{{c3::CONTINUITY + no-forfeiture (dismissal/removal/resignation/STRIKE)}}.,"<b>Rule:</b> Book-first, ready-access-second, forfeiture-screen-always. Mirror prints two 'the second variant's — the second is.<br><br><b>Hinglish:</b> Bahi-pahle; sulabh-kagaz; toot-zabt-jaanch.<br><br><b>Ref:</b> Rule 72(1)(a), (b); Rule 72(1); Rule 72(iii)",CCS_Pension Rule_72 Verification Bare_Text_Verified HIGH CCS_Pension::Rule_72 Priority::High,CCS_Pension_Rules_2021::08_Death_Cases_Rules_71_to_79,Cloze,HIGH,"Rule 72(1)(a), (b)",CCS21-6ab3e97d
The record-verification rule's sub-rule (2)(3): emoluments lookback{{c1::MAX 1 YEAR pre-death/disappearance}}(EOL ⇒{{c2::1y pre-EOL-commencement}}); finish in{{c3::1 MONTH of intimation}}.,"<b>Rule:</b> 1-year pay window + 1-month finish line (mirrors its payment counterpart lookback).<br><br><b>Hinglish:</b> Ek-saal-vetan; mahina-ant.<br><br><b>Ref:</b> Rule 72(2), (3); Rule 72(2); Rule 3; Rule 76(1)",CCS_Pension Rule_72 Timeline Bare_Text_Verified HIGH CCS_Pension::Rule_72 Priority::High,CCS_Pension_Rules_2021::08_Death_Cases_Rules_71_to_79,Cloze,HIGH,"Rule 72(2), (3)",CCS21-da3364eb
